2025-08-16 14:37:15,011 - INFO - Verificando logs antigos (mais de 30 dias) em j:\Ti\python\Projetos\erp_limpar_backup_historico\logs
2025-08-16 14:37:15,055 - INFO - Analisando diretório: C:\temp\tecnicon\diario
2025-08-16 14:37:15,068 - INFO - --- Relatório de Limpeza de Backups ---
2025-08-16 14:37:15,076 - WARNING - AVISO: Rodando em modo de simulação (DRY_RUN=True). Nenhum arquivo será excluído.
2025-08-16 14:37:15,081 - INFO - 
--- Grupo: emp17_H_196912 (1 arquivo, nada a fazer) ---
2025-08-16 14:37:15,085 - INFO - MANTER: emp17_H_196912_full_N0_20240128_030957.zip
2025-08-16 14:37:15,090 - INFO - 
--- Grupo: emp17_H_202305 (2 arquivos) ---
2025-08-16 14:37:15,100 - INFO - MANTER: emp17_H_202305_full_N0_20240121_031358.zip
2025-08-16 14:37:15,105 - INFO - EXCLUIR: emp17_H_202305_full_N0_20231220_022236.zip
2025-08-16 14:37:15,109 - INFO - 
--- Grupo: emp17_H_202306 (2 arquivos) ---
2025-08-16 14:37:15,114 - INFO - MANTER: emp17_H_202306_full_N0_20240121_030801.zip
2025-08-16 14:37:15,120 - INFO - EXCLUIR: emp17_H_202306_full_N0_20231220_021603.zip
2025-08-16 14:37:15,125 - INFO - 
--- Grupo: emp17_H_202307 (2 arquivos) ---
2025-08-16 14:37:15,131 - INFO - MANTER: emp17_H_202307_full_N0_20240121_021839.zip
2025-08-16 14:37:15,136 - INFO - EXCLUIR: emp17_H_202307_full_N0_20231220_014123.zip
2025-08-16 14:37:15,140 - INFO - 
--- Grupo: emp17_H_202308 (2 arquivos) ---
2025-08-16 14:37:15,144 - INFO - MANTER: emp17_H_202308_full_N0_20240121_022418.zip
2025-08-16 14:37:15,148 - INFO - EXCLUIR: emp17_H_202308_full_N0_20231220_014644.zip
2025-08-16 14:37:15,154 - INFO - 
--- Grupo: emp17_H_202309 (2 arquivos) ---
2025-08-16 14:37:15,181 - INFO - MANTER: emp17_H_202309_full_N0_20240121_030236.zip
2025-08-16 14:37:15,187 - INFO - EXCLUIR: emp17_H_202309_full_N0_20231220_021038.zip
2025-08-16 14:37:15,194 - INFO - 
--- Grupo: emp17_H_202310 (2 arquivos) ---
2025-08-16 14:37:15,199 - INFO - MANTER: emp17_H_202310_full_N0_20240121_023005.zip
2025-08-16 14:37:15,205 - INFO - EXCLUIR: emp17_H_202310_full_N0_20231220_015206.zip
2025-08-16 14:37:15,210 - INFO - 
--- Grupo: emp17_H_202311 (1 arquivo, nada a fazer) ---
2025-08-16 14:37:15,216 - INFO - MANTER: emp17_H_202311_full_N0_20240214_044117.zip
2025-08-16 14:37:15,225 - INFO - 
--- Grupo: emp17_H_202312 (1 arquivo, nada a fazer) ---
2025-08-16 14:37:15,230 - INFO - MANTER: emp17_H_202312_full_N0_20240220_023008.zip
2025-08-16 14:37:15,235 - INFO - 
--- Grupo: emp17_H_202401 (1 arquivo, nada a fazer) ---
2025-08-16 14:37:15,239 - INFO - MANTER: emp17_H_202401_full_N0_20240222_022307.zip
2025-08-16 14:37:15,243 - INFO - 
--- Grupo: emp17_H_202402 (1 arquivo, nada a fazer) ---
2025-08-16 14:37:15,248 - INFO - MANTER: emp17_H_202402_full_N0_20240306_022940.zip
2025-08-16 14:37:15,256 - INFO - 
--- Grupo: emp17_H_202403 (21 arquivos) ---
2025-08-16 14:37:15,263 - INFO - MANTER: emp17_H_202403_full_N0_20240401_022840.zip
2025-08-16 14:37:15,267 - INFO - EXCLUIR: emp17_H_202403_full_N0_20240312_022919.zip
2025-08-16 14:37:15,274 - INFO - EXCLUIR: emp17_H_202403_full_N0_20240313_022839.zip
2025-08-16 14:37:15,278 - INFO - EXCLUIR: emp17_H_202403_full_N0_20240314_022456.zip
2025-08-16 14:37:15,284 - INFO - EXCLUIR: emp17_H_202403_full_N0_20240315_023039.zip
2025-08-16 14:37:15,289 - INFO - EXCLUIR: emp17_H_202403_full_N0_20240316_023143.zip
2025-08-16 14:37:15,294 - INFO - EXCLUIR: emp17_H_202403_full_N0_20240317_022746.zip
2025-08-16 14:37:15,298 - INFO - EXCLUIR: emp17_H_202403_full_N0_20240318_022910.zip
2025-08-16 14:37:15,302 - INFO - EXCLUIR: emp17_H_202403_full_N0_20240319_022839.zip
2025-08-16 14:37:15,310 - INFO - EXCLUIR: emp17_H_202403_full_N0_20240320_022405.zip
2025-08-16 14:37:15,316 - INFO - EXCLUIR: emp17_H_202403_full_N0_20240321_022946.zip
2025-08-16 14:37:15,321 - INFO - EXCLUIR: emp17_H_202403_full_N0_20240322_022913.zip
2025-08-16 14:37:15,326 - INFO - EXCLUIR: emp17_H_202403_full_N0_20240323_022847.zip
2025-08-16 14:37:15,330 - INFO - EXCLUIR: emp17_H_202403_full_N0_20240324_022834.zip
2025-08-16 14:37:15,335 - INFO - EXCLUIR: emp17_H_202403_full_N0_20240325_022852.zip
2025-08-16 14:37:15,339 - INFO - EXCLUIR: emp17_H_202403_full_N0_20240326_022614.zip
2025-08-16 14:37:15,344 - INFO - EXCLUIR: emp17_H_202403_full_N0_20240327_022913.zip
2025-08-16 14:37:15,353 - INFO - EXCLUIR: emp17_H_202403_full_N0_20240328_022851.zip
2025-08-16 14:37:15,358 - INFO - EXCLUIR: emp17_H_202403_full_N0_20240329_022904.zip
2025-08-16 14:37:15,363 - INFO - EXCLUIR: emp17_H_202403_full_N0_20240330_022855.zip
2025-08-16 14:37:15,367 - INFO - EXCLUIR: emp17_H_202403_full_N0_20240331_022836.zip
2025-08-16 14:37:15,371 - INFO - 
--- Grupo: emp17_H_202404 (30 arquivos) ---
2025-08-16 14:37:15,377 - INFO - MANTER: emp17_H_202404_full_N0_20240501_022900.zip
2025-08-16 14:37:15,382 - INFO - EXCLUIR: emp17_H_202404_full_N0_20240402_022905.zip
2025-08-16 14:37:15,401 - INFO - EXCLUIR: emp17_H_202404_full_N0_20240403_022930.zip
2025-08-16 14:37:15,413 - INFO - EXCLUIR: emp17_H_202404_full_N0_20240404_022346.zip
2025-08-16 14:37:15,438 - INFO - EXCLUIR: emp17_H_202404_full_N0_20240405_022912.zip
2025-08-16 14:37:15,448 - INFO - EXCLUIR: emp17_H_202404_full_N0_20240406_022905.zip
2025-08-16 14:37:15,456 - INFO - EXCLUIR: emp17_H_202404_full_N0_20240407_022841.zip
2025-08-16 14:37:15,461 - INFO - EXCLUIR: emp17_H_202404_full_N0_20240408_022924.zip
2025-08-16 14:37:15,481 - INFO - EXCLUIR: emp17_H_202404_full_N0_20240409_022934.zip
2025-08-16 14:37:15,496 - INFO - EXCLUIR: emp17_H_202404_full_N0_20240410_022453.zip
2025-08-16 14:37:15,501 - INFO - EXCLUIR: emp17_H_202404_full_N0_20240411_022942.zip
2025-08-16 14:37:15,507 - INFO - EXCLUIR: emp17_H_202404_full_N0_20240412_022909.zip
2025-08-16 14:37:15,514 - INFO - EXCLUIR: emp17_H_202404_full_N0_20240413_022614.zip
2025-08-16 14:37:15,519 - INFO - EXCLUIR: emp17_H_202404_full_N0_20240414_022905.zip
2025-08-16 14:37:15,524 - INFO - EXCLUIR: emp17_H_202404_full_N0_20240415_022927.zip
2025-08-16 14:37:15,532 - INFO - EXCLUIR: emp17_H_202404_full_N0_20240416_022912.zip
2025-08-16 14:37:15,538 - INFO - EXCLUIR: emp17_H_202404_full_N0_20240417_022904.zip
2025-08-16 14:37:15,542 - INFO - EXCLUIR: emp17_H_202404_full_N0_20240418_022920.zip
2025-08-16 14:37:15,548 - INFO - EXCLUIR: emp17_H_202404_full_N0_20240419_022910.zip
2025-08-16 14:37:15,553 - INFO - EXCLUIR: emp17_H_202404_full_N0_20240420_022904.zip
2025-08-16 14:37:15,562 - INFO - EXCLUIR: emp17_H_202404_full_N0_20240421_022908.zip
2025-08-16 14:37:15,567 - INFO - EXCLUIR: emp17_H_202404_full_N0_20240422_022657.zip
2025-08-16 14:37:15,572 - INFO - EXCLUIR: emp17_H_202404_full_N0_20240423_022930.zip
2025-08-16 14:37:15,576 - INFO - EXCLUIR: emp17_H_202404_full_N0_20240424_022923.zip
2025-08-16 14:37:15,580 - INFO - EXCLUIR: emp17_H_202404_full_N0_20240425_022643.zip
2025-08-16 14:37:15,584 - INFO - EXCLUIR: emp17_H_202404_full_N0_20240426_022952.zip
2025-08-16 14:37:15,591 - INFO - EXCLUIR: emp17_H_202404_full_N0_20240427_022930.zip
2025-08-16 14:37:15,596 - INFO - EXCLUIR: emp17_H_202404_full_N0_20240428_022524.zip
2025-08-16 14:37:15,601 - INFO - EXCLUIR: emp17_H_202404_full_N0_20240429_022412.zip
2025-08-16 14:37:15,606 - INFO - EXCLUIR: emp17_H_202404_full_N0_20240430_022919.zip
2025-08-16 14:37:15,611 - INFO - 
--- Grupo: emp17_H_202405 (25 arquivos) ---
2025-08-16 14:37:15,618 - INFO - MANTER: emp17_H_202405_full_N0_20240601_022938.zip
2025-08-16 14:37:15,624 - INFO - EXCLUIR: emp17_H_202405_full_N0_20240502_022416.zip
2025-08-16 14:37:15,630 - INFO - EXCLUIR: emp17_H_202405_full_N0_20240503_022952.zip
2025-08-16 14:37:15,635 - INFO - EXCLUIR: emp17_H_202405_full_N0_20240504_022907.zip
2025-08-16 14:37:15,640 - INFO - EXCLUIR: emp17_H_202405_full_N0_20240505_022351.zip
2025-08-16 14:37:15,644 - INFO - EXCLUIR: emp17_H_202405_full_N0_20240506_022437.zip
2025-08-16 14:37:15,649 - INFO - EXCLUIR: emp17_H_202405_full_N0_20240507_022918.zip
2025-08-16 14:37:15,655 - INFO - EXCLUIR: emp17_H_202405_full_N0_20240508_022355.zip
2025-08-16 14:37:15,662 - INFO - EXCLUIR: emp17_H_202405_full_N0_20240509_022942.zip
2025-08-16 14:37:15,667 - INFO - EXCLUIR: emp17_H_202405_full_N0_20240510_022905.zip
2025-08-16 14:37:15,672 - INFO - EXCLUIR: emp17_H_202405_full_N0_20240511_022347.zip
2025-08-16 14:37:15,677 - INFO - EXCLUIR: emp17_H_202405_full_N0_20240512_022947.zip
2025-08-16 14:37:15,685 - INFO - EXCLUIR: emp17_H_202405_full_N0_20240519_022957.zip
2025-08-16 14:37:15,691 - INFO - EXCLUIR: emp17_H_202405_full_N0_20240520_023008.zip
2025-08-16 14:37:15,697 - INFO - EXCLUIR: emp17_H_202405_full_N0_20240521_023038.zip
2025-08-16 14:37:15,701 - INFO - EXCLUIR: emp17_H_202405_full_N0_20240522_023012.zip
2025-08-16 14:37:15,705 - INFO - EXCLUIR: emp17_H_202405_full_N0_20240523_023010.zip
2025-08-16 14:37:15,710 - INFO - EXCLUIR: emp17_H_202405_full_N0_20240524_023013.zip
2025-08-16 14:37:15,718 - INFO - EXCLUIR: emp17_H_202405_full_N0_20240525_023011.zip
2025-08-16 14:37:15,725 - INFO - EXCLUIR: emp17_H_202405_full_N0_20240526_022952.zip
2025-08-16 14:37:15,731 - INFO - EXCLUIR: emp17_H_202405_full_N0_20240527_023007.zip
2025-08-16 14:37:15,741 - INFO - EXCLUIR: emp17_H_202405_full_N0_20240528_023014.zip
2025-08-16 14:37:15,749 - INFO - EXCLUIR: emp17_H_202405_full_N0_20240529_022836.zip
2025-08-16 14:37:15,756 - INFO - EXCLUIR: emp17_H_202405_full_N0_20240530_022944.zip
2025-08-16 14:37:15,777 - INFO - EXCLUIR: emp17_H_202405_full_N0_20240531_022952.zip
2025-08-16 14:37:15,782 - INFO - 
--- Grupo: emp17_H_202406 (30 arquivos) ---
2025-08-16 14:37:15,789 - INFO - MANTER: emp17_H_202406_full_N0_20240701_023026.zip
2025-08-16 14:37:15,795 - INFO - EXCLUIR: emp17_H_202406_full_N0_20240602_022938.zip
2025-08-16 14:37:15,799 - INFO - EXCLUIR: emp17_H_202406_full_N0_20240603_023031.zip
2025-08-16 14:37:15,803 - INFO - EXCLUIR: emp17_H_202406_full_N0_20240604_022517.zip
2025-08-16 14:37:15,807 - INFO - EXCLUIR: emp17_H_202406_full_N0_20240605_023015.zip
2025-08-16 14:37:15,815 - INFO - EXCLUIR: emp17_H_202406_full_N0_20240606_023017.zip
2025-08-16 14:37:15,824 - INFO - EXCLUIR: emp17_H_202406_full_N0_20240607_022826.zip
2025-08-16 14:37:15,833 - INFO - EXCLUIR: emp17_H_202406_full_N0_20240608_022959.zip
2025-08-16 14:37:15,838 - INFO - EXCLUIR: emp17_H_202406_full_N0_20240609_023021.zip
2025-08-16 14:37:15,843 - INFO - EXCLUIR: emp17_H_202406_full_N0_20240610_023028.zip
2025-08-16 14:37:15,849 - INFO - EXCLUIR: emp17_H_202406_full_N0_20240611_022809.zip
2025-08-16 14:37:15,854 - INFO - EXCLUIR: emp17_H_202406_full_N0_20240612_023035.zip
2025-08-16 14:37:15,858 - INFO - EXCLUIR: emp17_H_202406_full_N0_20240613_023033.zip
2025-08-16 14:37:15,862 - INFO - EXCLUIR: emp17_H_202406_full_N0_20240614_023008.zip
2025-08-16 14:37:15,867 - INFO - EXCLUIR: emp17_H_202406_full_N0_20240615_023018.zip
2025-08-16 14:37:15,872 - INFO - EXCLUIR: emp17_H_202406_full_N0_20240616_022516.zip
2025-08-16 14:37:15,878 - INFO - EXCLUIR: emp17_H_202406_full_N0_20240617_023024.zip
2025-08-16 14:37:15,883 - INFO - EXCLUIR: emp17_H_202406_full_N0_20240618_023053.zip
2025-08-16 14:37:15,889 - INFO - EXCLUIR: emp17_H_202406_full_N0_20240619_022447.zip
2025-08-16 14:37:15,894 - INFO - EXCLUIR: emp17_H_202406_full_N0_20240620_023021.zip
2025-08-16 14:37:15,898 - INFO - EXCLUIR: emp17_H_202406_full_N0_20240621_022847.zip
2025-08-16 14:37:15,903 - INFO - EXCLUIR: emp17_H_202406_full_N0_20240622_022519.zip
2025-08-16 14:37:15,910 - INFO - EXCLUIR: emp17_H_202406_full_N0_20240623_023021.zip
2025-08-16 14:37:15,915 - INFO - EXCLUIR: emp17_H_202406_full_N0_20240624_023022.zip
2025-08-16 14:37:15,922 - INFO - EXCLUIR: emp17_H_202406_full_N0_20240625_022529.zip
2025-08-16 14:37:15,927 - INFO - EXCLUIR: emp17_H_202406_full_N0_20240626_023052.zip
2025-08-16 14:37:15,931 - INFO - EXCLUIR: emp17_H_202406_full_N0_20240627_023018.zip
2025-08-16 14:37:15,937 - INFO - EXCLUIR: emp17_H_202406_full_N0_20240628_023056.zip
2025-08-16 14:37:15,942 - INFO - EXCLUIR: emp17_H_202406_full_N0_20240629_023020.zip
2025-08-16 14:37:15,947 - INFO - EXCLUIR: emp17_H_202406_full_N0_20240630_023023.zip
2025-08-16 14:37:15,951 - INFO - 
--- Grupo: emp17_H_202407 (32 arquivos) ---
2025-08-16 14:37:15,955 - INFO - MANTER: emp17_H_202407_full_N0_20240915_114706.zip
2025-08-16 14:37:15,959 - INFO - EXCLUIR: emp17_H_202407_full_N0_20240702_023029.zip
2025-08-16 14:37:15,964 - INFO - EXCLUIR: emp17_H_202407_full_N0_20240703_022846.zip
2025-08-16 14:37:15,969 - INFO - EXCLUIR: emp17_H_202407_full_N0_20240704_023017.zip
2025-08-16 14:37:15,974 - INFO - EXCLUIR: emp17_H_202407_full_N0_20240705_023037.zip
2025-08-16 14:37:15,979 - INFO - EXCLUIR: emp17_H_202407_full_N0_20240706_023018.zip
2025-08-16 14:37:15,984 - INFO - EXCLUIR: emp17_H_202407_full_N0_20240707_022442.zip
2025-08-16 14:37:15,991 - INFO - EXCLUIR: emp17_H_202407_full_N0_20240708_023038.zip
2025-08-16 14:37:15,995 - INFO - EXCLUIR: emp17_H_202407_full_N0_20240709_023037.zip
2025-08-16 14:37:16,005 - INFO - EXCLUIR: emp17_H_202407_full_N0_20240710_022817.zip
2025-08-16 14:37:16,010 - INFO - EXCLUIR: emp17_H_202407_full_N0_20240711_023026.zip
2025-08-16 14:37:16,014 - INFO - EXCLUIR: emp17_H_202407_full_N0_20240712_023039.zip
2025-08-16 14:37:16,018 - INFO - EXCLUIR: emp17_H_202407_full_N0_20240713_022655.zip
2025-08-16 14:37:16,026 - INFO - EXCLUIR: emp17_H_202407_full_N0_20240714_023021.zip
2025-08-16 14:37:16,036 - INFO - EXCLUIR: emp17_H_202407_full_N0_20240715_023113.zip
2025-08-16 14:37:16,043 - INFO - EXCLUIR: emp17_H_202407_full_N0_20240716_022720.zip
2025-08-16 14:37:16,050 - INFO - EXCLUIR: emp17_H_202407_full_N0_20240717_023143.zip
2025-08-16 14:37:16,055 - INFO - EXCLUIR: emp17_H_202407_full_N0_20240718_023036.zip
2025-08-16 14:37:16,061 - INFO - EXCLUIR: emp17_H_202407_full_N0_20240719_022710.zip
2025-08-16 14:37:16,067 - INFO - EXCLUIR: emp17_H_202407_full_N0_20240720_023054.zip
2025-08-16 14:37:16,072 - INFO - EXCLUIR: emp17_H_202407_full_N0_20240721_023044.zip
2025-08-16 14:37:16,079 - INFO - EXCLUIR: emp17_H_202407_full_N0_20240722_022556.zip
2025-08-16 14:37:16,084 - INFO - EXCLUIR: emp17_H_202407_full_N0_20240723_023054.zip
2025-08-16 14:37:16,088 - INFO - EXCLUIR: emp17_H_202407_full_N0_20240724_023031.zip
2025-08-16 14:37:16,096 - INFO - EXCLUIR: emp17_H_202407_full_N0_20240725_022721.zip
2025-08-16 14:37:16,103 - INFO - EXCLUIR: emp17_H_202407_full_N0_20240726_023048.zip
2025-08-16 14:37:16,109 - INFO - EXCLUIR: emp17_H_202407_full_N0_20240727_023038.zip
2025-08-16 14:37:16,118 - INFO - EXCLUIR: emp17_H_202407_full_N0_20240728_022421.zip
2025-08-16 14:37:16,134 - INFO - EXCLUIR: emp17_H_202407_full_N0_20240729_023114.zip
2025-08-16 14:37:16,154 - INFO - EXCLUIR: emp17_H_202407_full_N0_20240730_023059.zip
2025-08-16 14:37:16,161 - INFO - EXCLUIR: emp17_H_202407_full_N0_20240731_022630.zip
2025-08-16 14:37:16,166 - INFO - EXCLUIR: emp17_H_202407_full_N0_20240801_023110.zip
2025-08-16 14:37:16,171 - INFO - 
--- Grupo: emp17_H_202408 (32 arquivos) ---
2025-08-16 14:37:16,175 - INFO - MANTER: emp17_H_202408_full_N0_20240915_115406.zip
2025-08-16 14:37:16,184 - INFO - EXCLUIR: emp17_H_202408_full_N0_20240802_023049.zip
2025-08-16 14:37:16,190 - INFO - EXCLUIR: emp17_H_202408_full_N0_20240803_023102.zip
2025-08-16 14:37:16,197 - INFO - EXCLUIR: emp17_H_202408_full_N0_20240804_023111.zip
2025-08-16 14:37:16,202 - INFO - EXCLUIR: emp17_H_202408_full_N0_20240805_023129.zip
2025-08-16 14:37:16,208 - INFO - EXCLUIR: emp17_H_202408_full_N0_20240806_023104.zip
2025-08-16 14:37:16,213 - INFO - EXCLUIR: emp17_H_202408_full_N0_20240807_022923.zip
2025-08-16 14:37:16,219 - INFO - EXCLUIR: emp17_H_202408_full_N0_20240808_022630.zip
2025-08-16 14:37:16,226 - INFO - EXCLUIR: emp17_H_202408_full_N0_20240809_023117.zip
2025-08-16 14:37:16,235 - INFO - EXCLUIR: emp17_H_202408_full_N0_20240810_023053.zip
2025-08-16 14:37:16,239 - INFO - EXCLUIR: emp17_H_202408_full_N0_20240811_023045.zip
2025-08-16 14:37:16,255 - INFO - EXCLUIR: emp17_H_202408_full_N0_20240812_023040.zip
2025-08-16 14:37:16,260 - INFO - EXCLUIR: emp17_H_202408_full_N0_20240813_023105.zip
2025-08-16 14:37:16,264 - INFO - EXCLUIR: emp17_H_202408_full_N0_20240814_023044.zip
2025-08-16 14:37:16,268 - INFO - EXCLUIR: emp17_H_202408_full_N0_20240815_023110.zip
2025-08-16 14:37:16,272 - INFO - EXCLUIR: emp17_H_202408_full_N0_20240816_023106.zip
2025-08-16 14:37:16,277 - INFO - EXCLUIR: emp17_H_202408_full_N0_20240817_023055.zip
2025-08-16 14:37:16,282 - INFO - EXCLUIR: emp17_H_202408_full_N0_20240818_023039.zip
2025-08-16 14:37:16,288 - INFO - EXCLUIR: emp17_H_202408_full_N0_20240819_023059.zip
2025-08-16 14:37:16,298 - INFO - EXCLUIR: emp17_H_202408_full_N0_20240820_022700.zip
2025-08-16 14:37:16,302 - INFO - EXCLUIR: emp17_H_202408_full_N0_20240821_023119.zip
2025-08-16 14:37:16,307 - INFO - EXCLUIR: emp17_H_202408_full_N0_20240822_023057.zip
2025-08-16 14:37:16,312 - INFO - EXCLUIR: emp17_H_202408_full_N0_20240823_023111.zip
2025-08-16 14:37:16,318 - INFO - EXCLUIR: emp17_H_202408_full_N0_20240824_023118.zip
2025-08-16 14:37:16,322 - INFO - EXCLUIR: emp17_H_202408_full_N0_20240825_023109.zip
2025-08-16 14:37:16,326 - INFO - EXCLUIR: emp17_H_202408_full_N0_20240826_022503.zip
2025-08-16 14:37:16,340 - INFO - EXCLUIR: emp17_H_202408_full_N0_20240827_023128.zip
2025-08-16 14:37:16,350 - INFO - EXCLUIR: emp17_H_202408_full_N0_20240828_023116.zip
2025-08-16 14:37:16,355 - INFO - EXCLUIR: emp17_H_202408_full_N0_20240829_023120.zip
2025-08-16 14:37:16,359 - INFO - EXCLUIR: emp17_H_202408_full_N0_20240830_023116.zip
2025-08-16 14:37:16,363 - INFO - EXCLUIR: emp17_H_202408_full_N0_20240831_023113.zip
2025-08-16 14:37:16,367 - INFO - EXCLUIR: emp17_H_202408_full_N0_20240901_022644.zip
2025-08-16 14:37:16,371 - INFO - 
--- Grupo: emp17_H_202409 (18 arquivos) ---
2025-08-16 14:37:16,376 - INFO - MANTER: emp17_H_202409_full_N0_20241001_020033.zip
2025-08-16 14:37:16,383 - INFO - EXCLUIR: emp17_H_202409_full_N0_20240902_023129.zip
2025-08-16 14:37:16,388 - INFO - EXCLUIR: emp17_H_202409_full_N0_20240903_023128.zip
2025-08-16 14:37:16,393 - INFO - EXCLUIR: emp17_H_202409_full_N0_20240904_022505.zip
2025-08-16 14:37:16,421 - INFO - EXCLUIR: emp17_H_202409_full_N0_20240905_023142.zip
2025-08-16 14:37:16,444 - INFO - EXCLUIR: emp17_H_202409_full_N0_20240906_023149.zip
2025-08-16 14:37:16,451 - INFO - EXCLUIR: emp17_H_202409_full_N0_20240907_022606.zip
2025-08-16 14:37:16,464 - INFO - EXCLUIR: emp17_H_202409_full_N0_20240908_023138.zip
2025-08-16 14:37:16,471 - INFO - EXCLUIR: emp17_H_202409_full_N0_20240909_023117.zip
2025-08-16 14:37:16,478 - INFO - EXCLUIR: emp17_H_202409_full_N0_20240910_022342.zip
2025-08-16 14:37:16,483 - INFO - EXCLUIR: emp17_H_202409_full_N0_20240911_023120.zip
2025-08-16 14:37:16,490 - INFO - EXCLUIR: emp17_H_202409_full_N0_20240912_023136.zip
2025-08-16 14:37:16,494 - INFO - EXCLUIR: emp17_H_202409_full_N0_20240913_022521.zip
2025-08-16 14:37:16,505 - INFO - EXCLUIR: emp17_H_202409_full_N0_20240914_023155.zip
2025-08-16 14:37:16,510 - INFO - EXCLUIR: emp17_H_202409_full_N0_20240915_023120.zip
2025-08-16 14:37:16,518 - INFO - EXCLUIR: emp17_H_202409_full_N0_20240928_020026.zip
2025-08-16 14:37:16,528 - INFO - EXCLUIR: emp17_H_202409_full_N0_20240929_015821.zip
2025-08-16 14:37:16,562 - INFO - EXCLUIR: emp17_H_202409_full_N0_20240930_015824.zip
2025-08-16 14:37:16,567 - INFO - 
--- Grupo: emp17_H_202410 (28 arquivos) ---
2025-08-16 14:37:16,573 - INFO - MANTER: emp17_H_202410_full_N0_20241101_014320.zip
2025-08-16 14:37:16,578 - INFO - EXCLUIR: emp17_H_202410_full_N0_20241002_015959.zip
2025-08-16 14:37:16,584 - INFO - EXCLUIR: emp17_H_202410_full_N0_20241003_020041.zip
2025-08-16 14:37:16,590 - INFO - EXCLUIR: emp17_H_202410_full_N0_20241004_020054.zip
2025-08-16 14:37:16,597 - INFO - EXCLUIR: emp17_H_202410_full_N0_20241005_015841.zip
2025-08-16 14:37:16,605 - INFO - EXCLUIR: emp17_H_202410_full_N0_20241006_015809.zip
2025-08-16 14:37:16,609 - INFO - EXCLUIR: emp17_H_202410_full_N0_20241007_015802.zip
2025-08-16 14:37:16,613 - INFO - EXCLUIR: emp17_H_202410_full_N0_20241008_015917.zip
2025-08-16 14:37:16,619 - INFO - EXCLUIR: emp17_H_202410_full_N0_20241009_020107.zip
2025-08-16 14:37:16,624 - INFO - EXCLUIR: emp17_H_202410_full_N0_20241010_015812.zip
2025-08-16 14:37:16,630 - INFO - EXCLUIR: emp17_H_202410_full_N0_20241011_015556.zip
2025-08-16 14:37:16,634 - INFO - EXCLUIR: emp17_H_202410_full_N0_20241012_015627.zip
2025-08-16 14:37:16,646 - INFO - EXCLUIR: emp17_H_202410_full_N0_20241013_015626.zip
2025-08-16 14:37:16,650 - INFO - EXCLUIR: emp17_H_202410_full_N0_20241014_015623.zip
2025-08-16 14:37:16,661 - INFO - EXCLUIR: emp17_H_202410_full_N0_20241015_015528.zip
2025-08-16 14:37:16,673 - INFO - EXCLUIR: emp17_H_202410_full_N0_20241016_020234.zip
2025-08-16 14:37:16,677 - INFO - EXCLUIR: emp17_H_202410_full_N0_20241017_015538.zip
2025-08-16 14:37:16,681 - INFO - EXCLUIR: emp17_H_202410_full_N0_20241018_015649.zip
2025-08-16 14:37:16,695 - INFO - EXCLUIR: emp17_H_202410_full_N0_20241019_015636.zip
2025-08-16 14:37:16,700 - INFO - EXCLUIR: emp17_H_202410_full_N0_20241020_015531.zip
2025-08-16 14:37:16,707 - INFO - EXCLUIR: emp17_H_202410_full_N0_20241021_015548.zip
2025-08-16 14:37:16,712 - INFO - EXCLUIR: emp17_H_202410_full_N0_20241022_015825.zip
2025-08-16 14:37:16,718 - INFO - EXCLUIR: emp17_H_202410_full_N0_20241023_015925.zip
2025-08-16 14:37:16,724 - INFO - EXCLUIR: emp17_H_202410_full_N0_20241024_020310.zip
2025-08-16 14:37:16,728 - INFO - EXCLUIR: emp17_H_202410_full_N0_20241025_015648.zip
2025-08-16 14:37:16,732 - INFO - EXCLUIR: emp17_H_202410_full_N0_20241026_015637.zip
2025-08-16 14:37:16,741 - INFO - EXCLUIR: emp17_H_202410_full_N0_20241027_015541.zip
2025-08-16 14:37:16,759 - INFO - EXCLUIR: emp17_H_202410_full_N0_20241028_015551.zip
2025-08-16 14:37:16,767 - INFO - 
--- Grupo: emp17_H_202411 (20 arquivos) ---
2025-08-16 14:37:16,774 - INFO - MANTER: emp17_H_202411_full_N0_20241201_014243.zip
2025-08-16 14:37:16,779 - INFO - EXCLUIR: emp17_H_202411_full_N0_20241111_014245.zip
2025-08-16 14:37:16,784 - INFO - EXCLUIR: emp17_H_202411_full_N0_20241113_014241.zip
2025-08-16 14:37:16,790 - INFO - EXCLUIR: emp17_H_202411_full_N0_20241114_014216.zip
2025-08-16 14:37:16,801 - INFO - EXCLUIR: emp17_H_202411_full_N0_20241115_014220.zip
2025-08-16 14:37:16,819 - INFO - EXCLUIR: emp17_H_202411_full_N0_20241116_014325.zip
2025-08-16 14:37:16,824 - INFO - EXCLUIR: emp17_H_202411_full_N0_20241117_014316.zip
2025-08-16 14:37:16,828 - INFO - EXCLUIR: emp17_H_202411_full_N0_20241118_030517.zip
2025-08-16 14:37:16,832 - INFO - EXCLUIR: emp17_H_202411_full_N0_20241119_014220.zip
2025-08-16 14:37:16,837 - INFO - EXCLUIR: emp17_H_202411_full_N0_20241120_014232.zip
2025-08-16 14:37:16,844 - INFO - EXCLUIR: emp17_H_202411_full_N0_20241121_014316.zip
2025-08-16 14:37:16,852 - INFO - EXCLUIR: emp17_H_202411_full_N0_20241122_014238.zip
2025-08-16 14:37:16,857 - INFO - EXCLUIR: emp17_H_202411_full_N0_20241123_014229.zip
2025-08-16 14:37:16,864 - INFO - EXCLUIR: emp17_H_202411_full_N0_20241124_014218.zip
2025-08-16 14:37:16,868 - INFO - EXCLUIR: emp17_H_202411_full_N0_20241125_014221.zip
2025-08-16 14:37:16,873 - INFO - EXCLUIR: emp17_H_202411_full_N0_20241126_014230.zip
2025-08-16 14:37:16,879 - INFO - EXCLUIR: emp17_H_202411_full_N0_20241127_014255.zip
2025-08-16 14:37:16,887 - INFO - EXCLUIR: emp17_H_202411_full_N0_20241128_014253.zip
2025-08-16 14:37:16,892 - INFO - EXCLUIR: emp17_H_202411_full_N0_20241129_014251.zip
2025-08-16 14:37:16,906 - INFO - EXCLUIR: emp17_H_202411_full_N0_20241130_014259.zip
2025-08-16 14:37:16,913 - INFO - 
--- Grupo: emp17_H_202412 (30 arquivos) ---
2025-08-16 14:37:16,918 - INFO - MANTER: emp17_H_202412_full_N0_20250101_014402.zip
2025-08-16 14:37:16,922 - INFO - EXCLUIR: emp17_H_202412_full_N0_20241202_014249.zip
2025-08-16 14:37:16,927 - INFO - EXCLUIR: emp17_H_202412_full_N0_20241203_014259.zip
2025-08-16 14:37:16,931 - INFO - EXCLUIR: emp17_H_202412_full_N0_20241204_014321.zip
2025-08-16 14:37:16,937 - INFO - EXCLUIR: emp17_H_202412_full_N0_20241205_014328.zip
2025-08-16 14:37:16,943 - INFO - EXCLUIR: emp17_H_202412_full_N0_20241206_014323.zip
2025-08-16 14:37:16,959 - INFO - EXCLUIR: emp17_H_202412_full_N0_20241207_014338.zip
2025-08-16 14:37:16,971 - INFO - EXCLUIR: emp17_H_202412_full_N0_20241208_014257.zip
2025-08-16 14:37:16,977 - INFO - EXCLUIR: emp17_H_202412_full_N0_20241209_014301.zip
2025-08-16 14:37:16,982 - INFO - EXCLUIR: emp17_H_202412_full_N0_20241210_014311.zip
2025-08-16 14:37:16,986 - INFO - EXCLUIR: emp17_H_202412_full_N0_20241211_014349.zip
2025-08-16 14:37:16,991 - INFO - EXCLUIR: emp17_H_202412_full_N0_20241212_014321.zip
2025-08-16 14:37:16,995 - INFO - EXCLUIR: emp17_H_202412_full_N0_20241213_014341.zip
2025-08-16 14:37:17,000 - INFO - EXCLUIR: emp17_H_202412_full_N0_20241214_014319.zip
2025-08-16 14:37:17,011 - INFO - EXCLUIR: emp17_H_202412_full_N0_20241215_014331.zip
2025-08-16 14:37:17,026 - INFO - EXCLUIR: emp17_H_202412_full_N0_20241217_014339.zip
2025-08-16 14:37:17,034 - INFO - EXCLUIR: emp17_H_202412_full_N0_20241218_014338.zip
2025-08-16 14:37:17,040 - INFO - EXCLUIR: emp17_H_202412_full_N0_20241219_014338.zip
2025-08-16 14:37:17,044 - INFO - EXCLUIR: emp17_H_202412_full_N0_20241220_014352.zip
2025-08-16 14:37:17,051 - INFO - EXCLUIR: emp17_H_202412_full_N0_20241221_014356.zip
2025-08-16 14:37:17,057 - INFO - EXCLUIR: emp17_H_202412_full_N0_20241222_014348.zip
2025-08-16 14:37:17,062 - INFO - EXCLUIR: emp17_H_202412_full_N0_20241223_014404.zip
2025-08-16 14:37:17,070 - INFO - EXCLUIR: emp17_H_202412_full_N0_20241224_014340.zip
2025-08-16 14:37:17,075 - INFO - EXCLUIR: emp17_H_202412_full_N0_20241225_014430.zip
2025-08-16 14:37:17,080 - INFO - EXCLUIR: emp17_H_202412_full_N0_20241226_014359.zip
2025-08-16 14:37:17,084 - INFO - EXCLUIR: emp17_H_202412_full_N0_20241227_014421.zip
2025-08-16 14:37:17,091 - INFO - EXCLUIR: emp17_H_202412_full_N0_20241228_014435.zip
2025-08-16 14:37:17,096 - INFO - EXCLUIR: emp17_H_202412_full_N0_20241229_014337.zip
2025-08-16 14:37:17,103 - INFO - EXCLUIR: emp17_H_202412_full_N0_20241230_014337.zip
2025-08-16 14:37:17,109 - INFO - EXCLUIR: emp17_H_202412_full_N0_20241231_014335.zip
2025-08-16 14:37:17,121 - INFO - 
--- Grupo: emp17_H_202501 (29 arquivos) ---
2025-08-16 14:37:17,128 - INFO - MANTER: emp17_H_202501_full_N0_20250201_014522.zip
2025-08-16 14:37:17,137 - INFO - EXCLUIR: emp17_H_202501_full_N0_20250102_014335.zip
2025-08-16 14:37:17,143 - INFO - EXCLUIR: emp17_H_202501_full_N0_20250103_014332.zip
2025-08-16 14:37:17,180 - INFO - EXCLUIR: emp17_H_202501_full_N0_20250104_014404.zip
2025-08-16 14:37:17,209 - INFO - EXCLUIR: emp17_H_202501_full_N0_20250105_014345.zip
2025-08-16 14:37:17,226 - INFO - EXCLUIR: emp17_H_202501_full_N0_20250106_014340.zip
2025-08-16 14:37:17,232 - INFO - EXCLUIR: emp17_H_202501_full_N0_20250107_014353.zip
2025-08-16 14:37:17,240 - INFO - EXCLUIR: emp17_H_202501_full_N0_20250108_014514.zip
2025-08-16 14:37:17,245 - INFO - EXCLUIR: emp17_H_202501_full_N0_20250109_014410.zip
2025-08-16 14:37:17,255 - INFO - EXCLUIR: emp17_H_202501_full_N0_20250110_014417.zip
2025-08-16 14:37:17,261 - INFO - EXCLUIR: emp17_H_202501_full_N0_20250111_014429.zip
2025-08-16 14:37:17,265 - INFO - EXCLUIR: emp17_H_202501_full_N0_20250112_014534.zip
2025-08-16 14:37:17,271 - INFO - EXCLUIR: emp17_H_202501_full_N0_20250114_223305.zip
2025-08-16 14:37:17,275 - INFO - EXCLUIR: emp17_H_202501_full_N0_20250116_014421.zip
2025-08-16 14:37:17,281 - INFO - EXCLUIR: emp17_H_202501_full_N0_20250117_014403.zip
2025-08-16 14:37:17,287 - INFO - EXCLUIR: emp17_H_202501_full_N0_20250118_014409.zip
2025-08-16 14:37:17,292 - INFO - EXCLUIR: emp17_H_202501_full_N0_20250119_014404.zip
2025-08-16 14:37:17,297 - INFO - EXCLUIR: emp17_H_202501_full_N0_20250120_014423.zip
2025-08-16 14:37:17,301 - INFO - EXCLUIR: emp17_H_202501_full_N0_20250121_014405.zip
2025-08-16 14:37:17,306 - INFO - EXCLUIR: emp17_H_202501_full_N0_20250122_014534.zip
2025-08-16 14:37:17,312 - INFO - EXCLUIR: emp17_H_202501_full_N0_20250123_014412.zip
2025-08-16 14:37:17,317 - INFO - EXCLUIR: emp17_H_202501_full_N0_20250124_014414.zip
2025-08-16 14:37:17,324 - INFO - EXCLUIR: emp17_H_202501_full_N0_20250125_014418.zip
2025-08-16 14:37:17,328 - INFO - EXCLUIR: emp17_H_202501_full_N0_20250126_014404.zip
2025-08-16 14:37:17,333 - INFO - EXCLUIR: emp17_H_202501_full_N0_20250127_014425.zip
2025-08-16 14:37:17,338 - INFO - EXCLUIR: emp17_H_202501_full_N0_20250128_014434.zip
2025-08-16 14:37:17,343 - INFO - EXCLUIR: emp17_H_202501_full_N0_20250129_014715.zip
2025-08-16 14:37:17,351 - INFO - EXCLUIR: emp17_H_202501_full_N0_20250130_014514.zip
2025-08-16 14:37:17,360 - INFO - EXCLUIR: emp17_H_202501_full_N0_20250131_014459.zip
2025-08-16 14:37:17,365 - INFO - 
--- Grupo: emp17_H_202502 (28 arquivos) ---
2025-08-16 14:37:17,370 - INFO - MANTER: emp17_H_202502_full_N0_20250301_014601.zip
2025-08-16 14:37:17,375 - INFO - EXCLUIR: emp17_H_202502_full_N0_20250202_014619.zip
2025-08-16 14:37:17,381 - INFO - EXCLUIR: emp17_H_202502_full_N0_20250203_014540.zip
2025-08-16 14:37:17,385 - INFO - EXCLUIR: emp17_H_202502_full_N0_20250204_014447.zip
2025-08-16 14:37:17,390 - INFO - EXCLUIR: emp17_H_202502_full_N0_20250205_014428.zip
2025-08-16 14:37:17,394 - INFO - EXCLUIR: emp17_H_202502_full_N0_20250206_014611.zip
2025-08-16 14:37:17,398 - INFO - EXCLUIR: emp17_H_202502_full_N0_20250207_014504.zip
2025-08-16 14:37:17,406 - INFO - EXCLUIR: emp17_H_202502_full_N0_20250208_014532.zip
2025-08-16 14:37:17,412 - INFO - EXCLUIR: emp17_H_202502_full_N0_20250209_014619.zip
2025-08-16 14:37:17,418 - INFO - EXCLUIR: emp17_H_202502_full_N0_20250210_014602.zip
2025-08-16 14:37:17,424 - INFO - EXCLUIR: emp17_H_202502_full_N0_20250211_014505.zip
2025-08-16 14:37:17,428 - INFO - EXCLUIR: emp17_H_202502_full_N0_20250212_014426.zip
2025-08-16 14:37:17,434 - INFO - EXCLUIR: emp17_H_202502_full_N0_20250213_014520.zip
2025-08-16 14:37:17,439 - INFO - EXCLUIR: emp17_H_202502_full_N0_20250214_014509.zip
2025-08-16 14:37:17,444 - INFO - EXCLUIR: emp17_H_202502_full_N0_20250215_014442.zip
2025-08-16 14:37:17,449 - INFO - EXCLUIR: emp17_H_202502_full_N0_20250216_014533.zip
2025-08-16 14:37:17,454 - INFO - EXCLUIR: emp17_H_202502_full_N0_20250217_014434.zip
2025-08-16 14:37:17,461 - INFO - EXCLUIR: emp17_H_202502_full_N0_20250218_014545.zip
2025-08-16 14:37:17,466 - INFO - EXCLUIR: emp17_H_202502_full_N0_20250219_014516.zip
2025-08-16 14:37:17,471 - INFO - EXCLUIR: emp17_H_202502_full_N0_20250220_014503.zip
2025-08-16 14:37:17,478 - INFO - EXCLUIR: emp17_H_202502_full_N0_20250221_014723.zip
2025-08-16 14:37:17,482 - INFO - EXCLUIR: emp17_H_202502_full_N0_20250222_014547.zip
2025-08-16 14:37:17,487 - INFO - EXCLUIR: emp17_H_202502_full_N0_20250223_014620.zip
2025-08-16 14:37:17,491 - INFO - EXCLUIR: emp17_H_202502_full_N0_20250224_014516.zip
2025-08-16 14:37:17,495 - INFO - EXCLUIR: emp17_H_202502_full_N0_20250225_014457.zip
2025-08-16 14:37:17,500 - INFO - EXCLUIR: emp17_H_202502_full_N0_20250226_014604.zip
2025-08-16 14:37:17,506 - INFO - EXCLUIR: emp17_H_202502_full_N0_20250227_014550.zip
2025-08-16 14:37:17,512 - INFO - EXCLUIR: emp17_H_202502_full_N0_20250228_014729.zip
2025-08-16 14:37:17,518 - INFO - 
--- Grupo: emp17_H_202503 (31 arquivos) ---
2025-08-16 14:37:17,524 - INFO - MANTER: emp17_H_202503_full_N0_20250401_014744.zip
2025-08-16 14:37:17,528 - INFO - EXCLUIR: emp17_H_202503_full_N0_20250302_014553.zip
2025-08-16 14:37:17,534 - INFO - EXCLUIR: emp17_H_202503_full_N0_20250303_014516.zip
2025-08-16 14:37:17,543 - INFO - EXCLUIR: emp17_H_202503_full_N0_20250304_014450.zip
2025-08-16 14:37:17,548 - INFO - EXCLUIR: emp17_H_202503_full_N0_20250305_014550.zip
2025-08-16 14:37:17,553 - INFO - EXCLUIR: emp17_H_202503_full_N0_20250306_014829.zip
2025-08-16 14:37:17,561 - INFO - EXCLUIR: emp17_H_202503_full_N0_20250307_014624.zip
2025-08-16 14:37:17,568 - INFO - EXCLUIR: emp17_H_202503_full_N0_20250308_014509.zip
2025-08-16 14:37:17,577 - INFO - EXCLUIR: emp17_H_202503_full_N0_20250309_014655.zip
2025-08-16 14:37:17,582 - INFO - EXCLUIR: emp17_H_202503_full_N0_20250310_014634.zip
2025-08-16 14:37:17,586 - INFO - EXCLUIR: emp17_H_202503_full_N0_20250311_014532.zip
2025-08-16 14:37:17,590 - INFO - EXCLUIR: emp17_H_202503_full_N0_20250312_014652.zip
2025-08-16 14:37:17,596 - INFO - EXCLUIR: emp17_H_202503_full_N0_20250313_014516.zip
2025-08-16 14:37:17,605 - INFO - EXCLUIR: emp17_H_202503_full_N0_20250314_014539.zip
2025-08-16 14:37:17,610 - INFO - EXCLUIR: emp17_H_202503_full_N0_20250315_014517.zip
2025-08-16 14:37:17,616 - INFO - EXCLUIR: emp17_H_202503_full_N0_20250316_014532.zip
2025-08-16 14:37:17,621 - INFO - EXCLUIR: emp17_H_202503_full_N0_20250317_014639.zip
2025-08-16 14:37:17,630 - INFO - EXCLUIR: emp17_H_202503_full_N0_20250318_014547.zip
2025-08-16 14:37:17,635 - INFO - EXCLUIR: emp17_H_202503_full_N0_20250319_014607.zip
2025-08-16 14:37:17,639 - INFO - EXCLUIR: emp17_H_202503_full_N0_20250320_014622.zip
2025-08-16 14:37:17,643 - INFO - EXCLUIR: emp17_H_202503_full_N0_20250321_014637.zip
2025-08-16 14:37:17,647 - INFO - EXCLUIR: emp17_H_202503_full_N0_20250322_014632.zip
2025-08-16 14:37:17,652 - INFO - EXCLUIR: emp17_H_202503_full_N0_20250323_014511.zip
2025-08-16 14:37:17,658 - INFO - EXCLUIR: emp17_H_202503_full_N0_20250324_014550.zip
2025-08-16 14:37:17,672 - INFO - EXCLUIR: emp17_H_202503_full_N0_20250325_014709.zip
2025-08-16 14:37:17,683 - INFO - EXCLUIR: emp17_H_202503_full_N0_20250326_014640.zip
2025-08-16 14:37:17,690 - INFO - EXCLUIR: emp17_H_202503_full_N0_20250327_015252.zip
2025-08-16 14:37:17,695 - INFO - EXCLUIR: emp17_H_202503_full_N0_20250328_014719.zip
2025-08-16 14:37:17,700 - INFO - EXCLUIR: emp17_H_202503_full_N0_20250329_014956.zip
2025-08-16 14:37:17,704 - INFO - EXCLUIR: emp17_H_202503_full_N0_20250330_014909.zip
2025-08-16 14:37:17,708 - INFO - EXCLUIR: emp17_H_202503_full_N0_20250331_014623.zip
2025-08-16 14:37:17,714 - INFO - 
--- Grupo: emp17_H_202504 (30 arquivos) ---
2025-08-16 14:37:17,720 - INFO - MANTER: emp17_H_202504_full_N0_20250501_015821.zip
2025-08-16 14:37:17,725 - INFO - EXCLUIR: emp17_H_202504_full_N0_20250402_014933.zip
2025-08-16 14:37:17,734 - INFO - EXCLUIR: emp17_H_202504_full_N0_20250403_014613.zip
2025-08-16 14:37:17,738 - INFO - EXCLUIR: emp17_H_202504_full_N0_20250404_014602.zip
2025-08-16 14:37:17,744 - INFO - EXCLUIR: emp17_H_202504_full_N0_20250405_014633.zip
2025-08-16 14:37:17,749 - INFO - EXCLUIR: emp17_H_202504_full_N0_20250406_014716.zip
2025-08-16 14:37:17,761 - INFO - EXCLUIR: emp17_H_202504_full_N0_20250407_014700.zip
2025-08-16 14:37:17,768 - INFO - EXCLUIR: emp17_H_202504_full_N0_20250408_015111.zip
2025-08-16 14:37:17,773 - INFO - EXCLUIR: emp17_H_202504_full_N0_20250409_014827.zip
2025-08-16 14:37:17,785 - INFO - EXCLUIR: emp17_H_202504_full_N0_20250410_014750.zip
2025-08-16 14:37:17,794 - INFO - EXCLUIR: emp17_H_202504_full_N0_20250411_014924.zip
2025-08-16 14:37:17,803 - INFO - EXCLUIR: emp17_H_202504_full_N0_20250412_015105.zip
2025-08-16 14:37:17,809 - INFO - EXCLUIR: emp17_H_202504_full_N0_20250413_014653.zip
2025-08-16 14:37:17,827 - INFO - EXCLUIR: emp17_H_202504_full_N0_20250414_014626.zip
2025-08-16 14:37:17,836 - INFO - EXCLUIR: emp17_H_202504_full_N0_20250415_014753.zip
2025-08-16 14:37:17,841 - INFO - EXCLUIR: emp17_H_202504_full_N0_20250416_015029.zip
2025-08-16 14:37:17,848 - INFO - EXCLUIR: emp17_H_202504_full_N0_20250417_014841.zip
2025-08-16 14:37:17,853 - INFO - EXCLUIR: emp17_H_202504_full_N0_20250418_014806.zip
2025-08-16 14:37:17,857 - INFO - EXCLUIR: emp17_H_202504_full_N0_20250419_014948.zip
2025-08-16 14:37:17,863 - INFO - EXCLUIR: emp17_H_202504_full_N0_20250420_014956.zip
2025-08-16 14:37:17,872 - INFO - EXCLUIR: emp17_H_202504_full_N0_20250421_014732.zip
2025-08-16 14:37:17,878 - INFO - EXCLUIR: emp17_H_202504_full_N0_20250422_014652.zip
2025-08-16 14:37:17,893 - INFO - EXCLUIR: emp17_H_202504_full_N0_20250423_014942.zip
2025-08-16 14:37:17,898 - INFO - EXCLUIR: emp17_H_202504_full_N0_20250424_014906.zip
2025-08-16 14:37:17,902 - INFO - EXCLUIR: emp17_H_202504_full_N0_20250425_014658.zip
2025-08-16 14:37:17,908 - INFO - EXCLUIR: emp17_H_202504_full_N0_20250426_014647.zip
2025-08-16 14:37:17,914 - INFO - EXCLUIR: emp17_H_202504_full_N0_20250427_014628.zip
2025-08-16 14:37:17,919 - INFO - EXCLUIR: emp17_H_202504_full_N0_20250428_014717.zip
2025-08-16 14:37:17,925 - INFO - EXCLUIR: emp17_H_202504_full_N0_20250429_014714.zip
2025-08-16 14:37:17,929 - INFO - EXCLUIR: emp17_H_202504_full_N0_20250430_014919.zip
2025-08-16 14:37:17,949 - INFO - 
--- Grupo: emp17_H_202505 (28 arquivos) ---
2025-08-16 14:37:17,954 - INFO - MANTER: emp17_H_202505_full_N0_20250601_014656.zip
2025-08-16 14:37:17,958 - INFO - EXCLUIR: emp17_H_202505_full_N0_20250502_014910.zip
2025-08-16 14:37:17,962 - INFO - EXCLUIR: emp17_H_202505_full_N0_20250503_015448.zip
2025-08-16 14:37:17,966 - INFO - EXCLUIR: emp17_H_202505_full_N0_20250504_015253.zip
2025-08-16 14:37:17,982 - INFO - EXCLUIR: emp17_H_202505_full_N0_20250505_015758.zip
2025-08-16 14:37:17,990 - INFO - EXCLUIR: emp17_H_202505_full_N0_20250507_015008.zip
2025-08-16 14:37:17,994 - INFO - EXCLUIR: emp17_H_202505_full_N0_20250509_015106.zip
2025-08-16 14:37:18,003 - INFO - EXCLUIR: emp17_H_202505_full_N0_20250510_015451.zip
2025-08-16 14:37:18,009 - INFO - EXCLUIR: emp17_H_202505_full_N0_20250511_015535.zip
2025-08-16 14:37:18,013 - INFO - EXCLUIR: emp17_H_202505_full_N0_20250512_015324.zip
2025-08-16 14:37:18,018 - INFO - EXCLUIR: emp17_H_202505_full_N0_20250513_015539.zip
2025-08-16 14:37:18,028 - INFO - EXCLUIR: emp17_H_202505_full_N0_20250514_015546.zip
2025-08-16 14:37:18,034 - INFO - EXCLUIR: emp17_H_202505_full_N0_20250515_015413.zip
2025-08-16 14:37:18,041 - INFO - EXCLUIR: emp17_H_202505_full_N0_20250516_015309.zip
2025-08-16 14:37:18,045 - INFO - EXCLUIR: emp17_H_202505_full_N0_20250517_015626.zip
2025-08-16 14:37:18,062 - INFO - EXCLUIR: emp17_H_202505_full_N0_20250518_015250.zip
2025-08-16 14:37:18,071 - INFO - EXCLUIR: emp17_H_202505_full_N0_20250519_015455.zip
2025-08-16 14:37:18,081 - INFO - EXCLUIR: emp17_H_202505_full_N0_20250520_015317.zip
2025-08-16 14:37:18,099 - INFO - EXCLUIR: emp17_H_202505_full_N0_20250521_015257.zip
2025-08-16 14:37:18,106 - INFO - EXCLUIR: emp17_H_202505_full_N0_20250522_015535.zip
2025-08-16 14:37:18,110 - INFO - EXCLUIR: emp17_H_202505_full_N0_20250523_015426.zip
2025-08-16 14:37:18,115 - INFO - EXCLUIR: emp17_H_202505_full_N0_20250524_015534.zip
2025-08-16 14:37:18,119 - INFO - EXCLUIR: emp17_H_202505_full_N0_20250525_015245.zip
2025-08-16 14:37:18,127 - INFO - EXCLUIR: emp17_H_202505_full_N0_20250526_015504.zip
2025-08-16 14:37:18,134 - INFO - EXCLUIR: emp17_H_202505_full_N0_20250527_015145.zip
2025-08-16 14:37:18,143 - INFO - EXCLUIR: emp17_H_202505_full_N0_20250528_015232.zip
2025-08-16 14:37:18,148 - INFO - EXCLUIR: emp17_H_202505_full_N0_20250529_015225.zip
2025-08-16 14:37:18,154 - INFO - EXCLUIR: emp17_H_202505_full_N0_20250531_015151.zip
2025-08-16 14:37:18,160 - INFO - 
--- Grupo: emp17_H_202506 (26 arquivos) ---
2025-08-16 14:37:18,164 - INFO - MANTER: emp17_H_202506_full_N0_20250701_015033.zip
2025-08-16 14:37:18,168 - INFO - EXCLUIR: emp17_H_202506_full_N0_20250602_014826.zip
2025-08-16 14:37:18,178 - INFO - EXCLUIR: emp17_H_202506_full_N0_20250603_015046.zip
2025-08-16 14:37:18,183 - INFO - EXCLUIR: emp17_H_202506_full_N0_20250604_015317.zip
2025-08-16 14:37:18,194 - INFO - EXCLUIR: emp17_H_202506_full_N0_20250605_014911.zip
2025-08-16 14:37:18,199 - INFO - EXCLUIR: emp17_H_202506_full_N0_20250606_015018.zip
2025-08-16 14:37:18,210 - INFO - EXCLUIR: emp17_H_202506_full_N0_20250607_015906.zip
2025-08-16 14:37:18,214 - INFO - EXCLUIR: emp17_H_202506_full_N0_20250608_015715.zip
2025-08-16 14:37:18,219 - INFO - EXCLUIR: emp17_H_202506_full_N0_20250609_015856.zip
2025-08-16 14:37:18,224 - INFO - EXCLUIR: emp17_H_202506_full_N0_20250610_020143.zip
2025-08-16 14:37:18,230 - INFO - EXCLUIR: emp17_H_202506_full_N0_20250612_014752.zip
2025-08-16 14:37:18,234 - INFO - EXCLUIR: emp17_H_202506_full_N0_20250613_015253.zip
2025-08-16 14:37:18,244 - INFO - EXCLUIR: emp17_H_202506_full_N0_20250614_015656.zip
2025-08-16 14:37:18,255 - INFO - EXCLUIR: emp17_H_202506_full_N0_20250615_015718.zip
2025-08-16 14:37:18,263 - INFO - EXCLUIR: emp17_H_202506_full_N0_20250617_014750.zip
2025-08-16 14:37:18,268 - INFO - EXCLUIR: emp17_H_202506_full_N0_20250618_014758.zip
2025-08-16 14:37:18,272 - INFO - EXCLUIR: emp17_H_202506_full_N0_20250619_014756.zip
2025-08-16 14:37:18,280 - INFO - EXCLUIR: emp17_H_202506_full_N0_20250620_015015.zip
2025-08-16 14:37:18,286 - INFO - EXCLUIR: emp17_H_202506_full_N0_20250621_015226.zip
2025-08-16 14:37:18,296 - INFO - EXCLUIR: emp17_H_202506_full_N0_20250622_015810.zip
2025-08-16 14:37:18,302 - INFO - EXCLUIR: emp17_H_202506_full_N0_20250624_014902.zip
2025-08-16 14:37:18,307 - INFO - EXCLUIR: emp17_H_202506_full_N0_20250625_015615.zip
2025-08-16 14:37:18,312 - INFO - EXCLUIR: emp17_H_202506_full_N0_20250626_015837.zip
2025-08-16 14:37:18,318 - INFO - EXCLUIR: emp17_H_202506_full_N0_20250628_014954.zip
2025-08-16 14:37:18,323 - INFO - EXCLUIR: emp17_H_202506_full_N0_20250629_014751.zip
2025-08-16 14:37:18,327 - INFO - EXCLUIR: emp17_H_202506_full_N0_20250630_014822.zip
2025-08-16 14:37:18,332 - INFO - 
--- Grupo: emp17_H_202507 (31 arquivos) ---
2025-08-16 14:37:18,336 - INFO - MANTER: emp17_H_202507_full_N0_20250801_015124.zip
2025-08-16 14:37:18,346 - INFO - EXCLUIR: emp17_H_202507_full_N0_20250702_015012.zip
2025-08-16 14:37:18,352 - INFO - EXCLUIR: emp17_H_202507_full_N0_20250703_014807.zip
2025-08-16 14:37:18,357 - INFO - EXCLUIR: emp17_H_202507_full_N0_20250704_014802.zip
2025-08-16 14:37:18,361 - INFO - EXCLUIR: emp17_H_202507_full_N0_20250705_014919.zip
2025-08-16 14:37:18,365 - INFO - EXCLUIR: emp17_H_202507_full_N0_20250706_014857.zip
2025-08-16 14:37:18,370 - INFO - EXCLUIR: emp17_H_202507_full_N0_20250707_014740.zip
2025-08-16 14:37:18,375 - INFO - EXCLUIR: emp17_H_202507_full_N0_20250708_014759.zip
2025-08-16 14:37:18,384 - INFO - EXCLUIR: emp17_H_202507_full_N0_20250709_014833.zip
2025-08-16 14:37:18,389 - INFO - EXCLUIR: emp17_H_202507_full_N0_20250710_014916.zip
2025-08-16 14:37:18,412 - INFO - EXCLUIR: emp17_H_202507_full_N0_20250711_014849.zip
2025-08-16 14:37:18,417 - INFO - EXCLUIR: emp17_H_202507_full_N0_20250712_014930.zip
2025-08-16 14:37:18,421 - INFO - EXCLUIR: emp17_H_202507_full_N0_20250713_015049.zip
2025-08-16 14:37:18,425 - INFO - EXCLUIR: emp17_H_202507_full_N0_20250714_014902.zip
2025-08-16 14:37:18,433 - INFO - EXCLUIR: emp17_H_202507_full_N0_20250715_014916.zip
2025-08-16 14:37:18,438 - INFO - EXCLUIR: emp17_H_202507_full_N0_20250716_015035.zip
2025-08-16 14:37:18,450 - INFO - EXCLUIR: emp17_H_202507_full_N0_20250717_015053.zip
2025-08-16 14:37:18,454 - INFO - EXCLUIR: emp17_H_202507_full_N0_20250718_015005.zip
2025-08-16 14:37:18,461 - INFO - EXCLUIR: emp17_H_202507_full_N0_20250719_014959.zip
2025-08-16 14:37:18,466 - INFO - EXCLUIR: emp17_H_202507_full_N0_20250720_014946.zip
2025-08-16 14:37:18,476 - INFO - EXCLUIR: emp17_H_202507_full_N0_20250721_015044.zip
2025-08-16 14:37:18,510 - INFO - EXCLUIR: emp17_H_202507_full_N0_20250722_015042.zip
2025-08-16 14:37:18,520 - INFO - EXCLUIR: emp17_H_202507_full_N0_20250723_015004.zip
2025-08-16 14:37:18,537 - INFO - EXCLUIR: emp17_H_202507_full_N0_20250724_015553.zip
2025-08-16 14:37:18,552 - INFO - EXCLUIR: emp17_H_202507_full_N0_20250725_014910.zip
2025-08-16 14:37:18,567 - INFO - EXCLUIR: emp17_H_202507_full_N0_20250726_014939.zip
2025-08-16 14:37:18,572 - INFO - EXCLUIR: emp17_H_202507_full_N0_20250727_015015.zip
2025-08-16 14:37:18,585 - INFO - EXCLUIR: emp17_H_202507_full_N0_20250728_014842.zip
2025-08-16 14:37:18,598 - INFO - EXCLUIR: emp17_H_202507_full_N0_20250729_014944.zip
2025-08-16 14:37:18,606 - INFO - EXCLUIR: emp17_H_202507_full_N0_20250730_015140.zip
2025-08-16 14:37:18,615 - INFO - EXCLUIR: emp17_H_202507_full_N0_20250731_015102.zip
2025-08-16 14:37:18,618 - INFO - 
--- Grupo: emp17_H_202508 (15 arquivos) ---
2025-08-16 14:37:18,632 - INFO - MANTER: emp17_H_202508_full_N0_20250816_014939.zip
2025-08-16 14:37:18,644 - INFO - EXCLUIR: emp17_H_202508_full_N0_20250802_014937.zip
2025-08-16 14:37:18,653 - INFO - EXCLUIR: emp17_H_202508_full_N0_20250803_014833.zip
2025-08-16 14:37:18,659 - INFO - EXCLUIR: emp17_H_202508_full_N0_20250804_015018.zip
2025-08-16 14:37:18,664 - INFO - EXCLUIR: emp17_H_202508_full_N0_20250805_015242.zip
2025-08-16 14:37:18,669 - INFO - EXCLUIR: emp17_H_202508_full_N0_20250806_015510.zip
2025-08-16 14:37:18,673 - INFO - EXCLUIR: emp17_H_202508_full_N0_20250807_015610.zip
2025-08-16 14:37:18,677 - INFO - EXCLUIR: emp17_H_202508_full_N0_20250808_015152.zip
2025-08-16 14:37:18,682 - INFO - EXCLUIR: emp17_H_202508_full_N0_20250809_015848.zip
2025-08-16 14:37:18,690 - INFO - EXCLUIR: emp17_H_202508_full_N0_20250810_015433.zip
2025-08-16 14:37:18,695 - INFO - EXCLUIR: emp17_H_202508_full_N0_20250811_015138.zip
2025-08-16 14:37:18,705 - INFO - EXCLUIR: emp17_H_202508_full_N0_20250812_015236.zip
2025-08-16 14:37:18,709 - INFO - EXCLUIR: emp17_H_202508_full_N0_20250813_015223.zip
2025-08-16 14:37:18,715 - INFO - EXCLUIR: emp17_H_202508_full_N0_20250814_015114.zip
2025-08-16 14:37:18,722 - INFO - EXCLUIR: emp17_H_202508_full_N0_20250815_015019.zip
2025-08-16 14:37:18,727 - INFO - 
--- Grupo: emp4138_H_201908 (1 arquivo, nada a fazer) ---
2025-08-16 14:37:18,732 - INFO - MANTER: emp4138_H_201908_full_N0_20240201_022109.zip
2025-08-16 14:37:18,736 - INFO - 
--- Grupo: emp4138_H_201909 (1 arquivo, nada a fazer) ---
2025-08-16 14:37:18,741 - INFO - MANTER: emp4138_H_201909_full_N0_20240201_022109.zip
2025-08-16 14:37:18,745 - INFO - 
--- Grupo: emp4138_H_201910 (2 arquivos) ---
2025-08-16 14:37:18,751 - INFO - MANTER: emp4138_H_201910_full_N0_20240121_031933.zip
2025-08-16 14:37:18,758 - INFO - EXCLUIR: emp4138_H_201910_full_N0_20231220_022740.zip
2025-08-16 14:37:18,762 - INFO - 
--- Grupo: emp4138_H_201911 (2 arquivos) ---
2025-08-16 14:37:18,768 - INFO - MANTER: emp4138_H_201911_full_N0_20240121_032114.zip
2025-08-16 14:37:18,772 - INFO - EXCLUIR: emp4138_H_201911_full_N0_20231220_022936.zip
2025-08-16 14:37:18,776 - INFO - 
--- Grupo: emp4138_H_201912 (2 arquivos) ---
2025-08-16 14:37:18,780 - INFO - MANTER: emp4138_H_201912_full_N0_20240121_031935.zip
2025-08-16 14:37:18,789 - INFO - EXCLUIR: emp4138_H_201912_full_N0_20231220_022742.zip
2025-08-16 14:37:18,794 - INFO - 
--- Grupo: emp4138_H_202001 (2 arquivos) ---
2025-08-16 14:37:18,799 - INFO - MANTER: emp4138_H_202001_full_N0_20240121_031937.zip
2025-08-16 14:37:18,808 - INFO - EXCLUIR: emp4138_H_202001_full_N0_20231220_022745.zip
2025-08-16 14:37:18,812 - INFO - 
--- Grupo: emp4138_H_202002 (2 arquivos) ---
2025-08-16 14:37:18,818 - INFO - MANTER: emp4138_H_202002_full_N0_20240121_031938.zip
2025-08-16 14:37:18,823 - INFO - EXCLUIR: emp4138_H_202002_full_N0_20231220_022748.zip
2025-08-16 14:37:18,827 - INFO - 
--- Grupo: emp4138_H_202003 (1 arquivo, nada a fazer) ---
2025-08-16 14:37:18,832 - INFO - MANTER: emp4138_H_202003_full_N0_20240305_022455.zip
2025-08-16 14:37:18,836 - INFO - 
--- Grupo: emp4138_H_202004 (1 arquivo, nada a fazer) ---
2025-08-16 14:37:18,840 - INFO - MANTER: emp4138_H_202004_full_N0_20240305_022457.zip
2025-08-16 14:37:18,847 - INFO - 
--- Grupo: emp4138_H_202005 (1 arquivo, nada a fazer) ---
2025-08-16 14:37:18,853 - INFO - MANTER: emp4138_H_202005_full_N0_20240305_022457.zip
2025-08-16 14:37:18,862 - INFO - 
--- Grupo: emp4138_H_202006 (1 arquivo, nada a fazer) ---
2025-08-16 14:37:18,867 - INFO - MANTER: emp4138_H_202006_full_N0_20240305_022458.zip
2025-08-16 14:37:18,871 - INFO - 
--- Grupo: emp4138_H_202007 (1 arquivo, nada a fazer) ---
2025-08-16 14:37:18,876 - INFO - MANTER: emp4138_H_202007_full_N0_20240305_022457.zip
2025-08-16 14:37:18,882 - INFO - 
--- Grupo: emp4138_H_202008 (1 arquivo, nada a fazer) ---
2025-08-16 14:37:18,886 - INFO - MANTER: emp4138_H_202008_full_N0_20240305_022457.zip
2025-08-16 14:37:18,898 - INFO - 
--- Grupo: emp4138_H_202009 (1 arquivo, nada a fazer) ---
2025-08-16 14:37:18,902 - INFO - MANTER: emp4138_H_202009_full_N0_20240305_022458.zip
2025-08-16 14:37:18,912 - INFO - 
--- Grupo: emp4138_H_202010 (1 arquivo, nada a fazer) ---
2025-08-16 14:37:18,916 - INFO - MANTER: emp4138_H_202010_full_N0_20240305_022456.zip
2025-08-16 14:37:18,921 - INFO - 
--- Grupo: emp4138_H_202011 (1 arquivo, nada a fazer) ---
2025-08-16 14:37:18,924 - INFO - MANTER: emp4138_H_202011_full_N0_20240305_022455.zip
2025-08-16 14:37:18,929 - INFO - 
--- Grupo: emp4138_H_202012 (1 arquivo, nada a fazer) ---
2025-08-16 14:37:18,933 - INFO - MANTER: emp4138_H_202012_full_N0_20240305_022456.zip
2025-08-16 14:37:18,937 - INFO - 
--- Grupo: emp4138_H_202101 (1 arquivo, nada a fazer) ---
2025-08-16 14:37:18,943 - INFO - MANTER: emp4138_H_202101_full_N0_20240305_022459.zip
2025-08-16 14:37:18,949 - INFO - 
--- Grupo: emp4138_H_202102 (1 arquivo, nada a fazer) ---
2025-08-16 14:37:18,953 - INFO - MANTER: emp4138_H_202102_full_N0_20240305_022455.zip
2025-08-16 14:37:18,962 - INFO - 
--- Grupo: emp4138_H_202103 (1 arquivo, nada a fazer) ---
2025-08-16 14:37:18,967 - INFO - MANTER: emp4138_H_202103_full_N0_20240305_022458.zip
2025-08-16 14:37:18,974 - INFO - 
--- Grupo: emp4138_H_202104 (1 arquivo, nada a fazer) ---
2025-08-16 14:37:18,978 - INFO - MANTER: emp4138_H_202104_full_N0_20240305_022458.zip
2025-08-16 14:37:18,982 - INFO - 
--- Grupo: emp4138_H_202105 (1 arquivo, nada a fazer) ---
2025-08-16 14:37:18,987 - INFO - MANTER: emp4138_H_202105_full_N0_20240305_022457.zip
2025-08-16 14:37:18,997 - INFO - 
--- Grupo: emp4138_H_202106 (1 arquivo, nada a fazer) ---
2025-08-16 14:37:19,025 - INFO - MANTER: emp4138_H_202106_full_N0_20240305_022456.zip
2025-08-16 14:37:19,034 - INFO - 
--- Grupo: emp4138_H_202107 (1 arquivo, nada a fazer) ---
2025-08-16 14:37:19,039 - INFO - MANTER: emp4138_H_202107_full_N0_20240305_022459.zip
2025-08-16 14:37:19,044 - INFO - 
--- Grupo: emp4138_H_202108 (1 arquivo, nada a fazer) ---
2025-08-16 14:37:19,052 - INFO - MANTER: emp4138_H_202108_full_N0_20240305_022456.zip
2025-08-16 14:37:19,057 - INFO - 
--- Grupo: emp4138_H_202109 (1 arquivo, nada a fazer) ---
2025-08-16 14:37:19,065 - INFO - MANTER: emp4138_H_202109_full_N0_20240305_022457.zip
2025-08-16 14:37:19,070 - INFO - 
--- Grupo: emp4138_H_202110 (1 arquivo, nada a fazer) ---
2025-08-16 14:37:19,076 - INFO - MANTER: emp4138_H_202110_full_N0_20240305_022457.zip
2025-08-16 14:37:19,084 - INFO - 
--- Grupo: emp4138_H_202111 (1 arquivo, nada a fazer) ---
2025-08-16 14:37:19,088 - INFO - MANTER: emp4138_H_202111_full_N0_20240305_022456.zip
2025-08-16 14:37:19,093 - INFO - 
--- Grupo: emp4138_H_202112 (1 arquivo, nada a fazer) ---
2025-08-16 14:37:19,106 - INFO - MANTER: emp4138_H_202112_full_N0_20240305_022458.zip
2025-08-16 14:37:19,114 - INFO - 
--- Grupo: emp4138_H_202201 (1 arquivo, nada a fazer) ---
2025-08-16 14:37:19,119 - INFO - MANTER: emp4138_H_202201_full_N0_20240305_022459.zip
2025-08-16 14:37:19,124 - INFO - 
--- Grupo: emp4138_H_202202 (1 arquivo, nada a fazer) ---
2025-08-16 14:37:19,131 - INFO - MANTER: emp4138_H_202202_full_N0_20240305_022459.zip
2025-08-16 14:37:19,135 - INFO - 
--- Grupo: emp4138_H_202203 (1 arquivo, nada a fazer) ---
2025-08-16 14:37:19,140 - INFO - MANTER: emp4138_H_202203_full_N0_20240305_022456.zip
2025-08-16 14:37:19,144 - INFO - 
--- Grupo: emp4138_H_202204 (1 arquivo, nada a fazer) ---
2025-08-16 14:37:19,151 - INFO - MANTER: emp4138_H_202204_full_N0_20240305_022455.zip
2025-08-16 14:37:19,156 - INFO - 
--- Grupo: emp4138_H_202205 (1 arquivo, nada a fazer) ---
2025-08-16 14:37:19,170 - INFO - MANTER: emp4138_H_202205_full_N0_20240305_022458.zip
2025-08-16 14:37:19,174 - INFO - 
--- Grupo: emp4138_H_202206 (1 arquivo, nada a fazer) ---
2025-08-16 14:37:19,179 - INFO - MANTER: emp4138_H_202206_full_N0_20240305_022456.zip
2025-08-16 14:37:19,195 - INFO - 
--- Grupo: emp4138_H_202207 (1 arquivo, nada a fazer) ---
2025-08-16 14:37:19,223 - INFO - MANTER: emp4138_H_202207_full_N0_20240305_022458.zip
2025-08-16 14:37:19,229 - INFO - 
--- Grupo: emp4138_H_202208 (1 arquivo, nada a fazer) ---
2025-08-16 14:37:19,233 - INFO - MANTER: emp4138_H_202208_full_N0_20240305_022455.zip
2025-08-16 14:37:19,237 - INFO - 
--- Grupo: emp4138_H_202209 (1 arquivo, nada a fazer) ---
2025-08-16 14:37:19,242 - INFO - MANTER: emp4138_H_202209_full_N0_20240305_022457.zip
2025-08-16 14:37:19,247 - INFO - 
--- Grupo: emp4138_H_202210 (1 arquivo, nada a fazer) ---
2025-08-16 14:37:19,255 - INFO - MANTER: emp4138_H_202210_full_N0_20240305_022458.zip
2025-08-16 14:37:19,260 - INFO - 
--- Grupo: emp4138_H_202211 (1 arquivo, nada a fazer) ---
2025-08-16 14:37:19,269 - INFO - MANTER: emp4138_H_202211_full_N0_20240305_022457.zip
2025-08-16 14:37:19,274 - INFO - 
--- Grupo: emp4138_H_202212 (1 arquivo, nada a fazer) ---
2025-08-16 14:37:19,279 - INFO - MANTER: emp4138_H_202212_full_N0_20240305_022457.zip
2025-08-16 14:37:19,284 - INFO - 
--- Grupo: emp4138_H_202301 (1 arquivo, nada a fazer) ---
2025-08-16 14:37:19,291 - INFO - MANTER: emp4138_H_202301_full_N0_20240305_022455.zip
2025-08-16 14:37:19,294 - INFO - 
--- Grupo: emp4138_H_202302 (1 arquivo, nada a fazer) ---
2025-08-16 14:37:19,303 - INFO - MANTER: emp4138_H_202302_full_N0_20240305_022500.zip
2025-08-16 14:37:19,308 - INFO - 
--- Grupo: emp4138_H_202303 (1 arquivo, nada a fazer) ---
2025-08-16 14:37:19,314 - INFO - MANTER: emp4138_H_202303_full_N0_20240305_022456.zip
2025-08-16 14:37:19,323 - INFO - 
--- Grupo: emp4138_H_202304 (1 arquivo, nada a fazer) ---
2025-08-16 14:37:19,330 - INFO - MANTER: emp4138_H_202304_full_N0_20240305_022459.zip
2025-08-16 14:37:19,335 - INFO - 
--- Grupo: emp4138_H_202305 (1 arquivo, nada a fazer) ---
2025-08-16 14:37:19,339 - INFO - MANTER: emp4138_H_202305_full_N0_20240305_022459.zip
2025-08-16 14:37:19,344 - INFO - 
--- Grupo: emp4138_H_202306 (1 arquivo, nada a fazer) ---
2025-08-16 14:37:19,350 - INFO - MANTER: emp4138_H_202306_full_N0_20240305_022459.zip
2025-08-16 14:37:19,358 - INFO - 
--- Grupo: emp4138_H_202307 (1 arquivo, nada a fazer) ---
2025-08-16 14:37:19,362 - INFO - MANTER: emp4138_H_202307_full_N0_20240305_022455.zip
2025-08-16 14:37:19,369 - INFO - 
--- Grupo: emp4138_H_202308 (1 arquivo, nada a fazer) ---
2025-08-16 14:37:19,374 - INFO - MANTER: emp4138_H_202308_full_N0_20240305_022458.zip
2025-08-16 14:37:19,380 - INFO - 
--- Grupo: emp4138_H_202309 (1 arquivo, nada a fazer) ---
2025-08-16 14:37:19,385 - INFO - MANTER: emp4138_H_202309_full_N0_20240305_022456.zip
2025-08-16 14:37:19,390 - INFO - 
--- Grupo: emp4138_H_202310 (1 arquivo, nada a fazer) ---
2025-08-16 14:37:19,395 - INFO - MANTER: emp4138_H_202310_full_N0_20240305_022458.zip
2025-08-16 14:37:19,399 - INFO - 
--- Grupo: emp4138_H_202311 (1 arquivo, nada a fazer) ---
2025-08-16 14:37:19,407 - INFO - MANTER: emp4138_H_202311_full_N0_20240305_022458.zip
2025-08-16 14:37:19,414 - INFO - 
--- Grupo: emp4138_H_202312 (1 arquivo, nada a fazer) ---
2025-08-16 14:37:19,428 - INFO - MANTER: emp4138_H_202312_full_N0_20240305_022456.zip
2025-08-16 14:37:19,434 - INFO - 
--- Grupo: emp4138_H_202401 (1 arquivo, nada a fazer) ---
2025-08-16 14:37:19,443 - INFO - MANTER: emp4138_H_202401_full_N0_20240305_022459.zip
2025-08-16 14:37:19,449 - INFO - 
--- Grupo: emp4138_H_202402 (1 arquivo, nada a fazer) ---
2025-08-16 14:37:19,458 - INFO - MANTER: emp4138_H_202402_full_N0_20240305_022459.zip
2025-08-16 14:37:19,465 - INFO - 
--- Grupo: emp4138_H_202403 (25 arquivos) ---
2025-08-16 14:37:19,480 - INFO - MANTER: emp4138_H_202403_full_N0_20240915_115904.zip
2025-08-16 14:37:19,484 - INFO - EXCLUIR: emp4138_H_202403_full_N0_20240309_022950.zip
2025-08-16 14:37:19,489 - INFO - EXCLUIR: emp4138_H_202403_full_N0_20240310_022959.zip
2025-08-16 14:37:19,493 - INFO - EXCLUIR: emp4138_H_202403_full_N0_20240311_022449.zip
2025-08-16 14:37:19,499 - INFO - EXCLUIR: emp4138_H_202403_full_N0_20240312_023024.zip
2025-08-16 14:37:19,513 - INFO - EXCLUIR: emp4138_H_202403_full_N0_20240313_023004.zip
2025-08-16 14:37:19,519 - INFO - EXCLUIR: emp4138_H_202403_full_N0_20240314_022630.zip
2025-08-16 14:37:19,532 - INFO - EXCLUIR: emp4138_H_202403_full_N0_20240315_023229.zip
2025-08-16 14:37:19,538 - INFO - EXCLUIR: emp4138_H_202403_full_N0_20240316_023350.zip
2025-08-16 14:37:19,542 - INFO - EXCLUIR: emp4138_H_202403_full_N0_20240317_022957.zip
2025-08-16 14:37:19,547 - INFO - EXCLUIR: emp4138_H_202403_full_N0_20240318_023111.zip
2025-08-16 14:37:19,551 - INFO - EXCLUIR: emp4138_H_202403_full_N0_20240319_023054.zip
2025-08-16 14:37:19,556 - INFO - EXCLUIR: emp4138_H_202403_full_N0_20240320_022701.zip
2025-08-16 14:37:19,563 - INFO - EXCLUIR: emp4138_H_202403_full_N0_20240321_023307.zip
2025-08-16 14:37:19,568 - INFO - EXCLUIR: emp4138_H_202403_full_N0_20240322_023248.zip
2025-08-16 14:37:19,577 - INFO - EXCLUIR: emp4138_H_202403_full_N0_20240323_023238.zip
2025-08-16 14:37:19,582 - INFO - EXCLUIR: emp4138_H_202403_full_N0_20240324_023228.zip
2025-08-16 14:37:19,586 - INFO - EXCLUIR: emp4138_H_202403_full_N0_20240325_023251.zip
2025-08-16 14:37:19,591 - INFO - EXCLUIR: emp4138_H_202403_full_N0_20240326_023034.zip
2025-08-16 14:37:19,597 - INFO - EXCLUIR: emp4138_H_202403_full_N0_20240327_023344.zip
2025-08-16 14:37:19,605 - INFO - EXCLUIR: emp4138_H_202403_full_N0_20240328_023338.zip
2025-08-16 14:37:19,614 - INFO - EXCLUIR: emp4138_H_202403_full_N0_20240329_023413.zip
2025-08-16 14:37:19,638 - INFO - EXCLUIR: emp4138_H_202403_full_N0_20240330_023414.zip
2025-08-16 14:37:19,651 - INFO - EXCLUIR: emp4138_H_202403_full_N0_20240331_023356.zip
2025-08-16 14:37:19,657 - INFO - EXCLUIR: emp4138_H_202403_full_N0_20240401_023400.zip
2025-08-16 14:37:19,683 - INFO - 
--- Grupo: emp4138_H_202404 (31 arquivos) ---
2025-08-16 14:37:19,693 - INFO - MANTER: emp4138_H_202404_full_N0_20240915_115904.zip
2025-08-16 14:37:19,699 - INFO - EXCLUIR: emp4138_H_202404_full_N0_20240402_022912.zip
2025-08-16 14:37:19,704 - INFO - EXCLUIR: emp4138_H_202404_full_N0_20240403_022947.zip
2025-08-16 14:37:19,725 - INFO - EXCLUIR: emp4138_H_202404_full_N0_20240404_022419.zip
2025-08-16 14:37:19,732 - INFO - EXCLUIR: emp4138_H_202404_full_N0_20240405_022956.zip
2025-08-16 14:37:19,736 - INFO - EXCLUIR: emp4138_H_202404_full_N0_20240406_022956.zip
2025-08-16 14:37:19,740 - INFO - EXCLUIR: emp4138_H_202404_full_N0_20240407_022934.zip
2025-08-16 14:37:19,745 - INFO - EXCLUIR: emp4138_H_202404_full_N0_20240408_023017.zip
2025-08-16 14:37:19,750 - INFO - EXCLUIR: emp4138_H_202404_full_N0_20240409_023036.zip
2025-08-16 14:37:19,755 - INFO - EXCLUIR: emp4138_H_202404_full_N0_20240410_022603.zip
2025-08-16 14:37:19,760 - INFO - EXCLUIR: emp4138_H_202404_full_N0_20240411_023100.zip
2025-08-16 14:37:19,765 - INFO - EXCLUIR: emp4138_H_202404_full_N0_20240412_023036.zip
2025-08-16 14:37:19,770 - INFO - EXCLUIR: emp4138_H_202404_full_N0_20240413_022754.zip
2025-08-16 14:37:19,774 - INFO - EXCLUIR: emp4138_H_202404_full_N0_20240414_023042.zip
2025-08-16 14:37:19,787 - INFO - EXCLUIR: emp4138_H_202404_full_N0_20240415_023105.zip
2025-08-16 14:37:19,792 - INFO - EXCLUIR: emp4138_H_202404_full_N0_20240416_023117.zip
2025-08-16 14:37:19,796 - INFO - EXCLUIR: emp4138_H_202404_full_N0_20240417_023117.zip
2025-08-16 14:37:19,801 - INFO - EXCLUIR: emp4138_H_202404_full_N0_20240418_023201.zip
2025-08-16 14:37:19,805 - INFO - EXCLUIR: emp4138_H_202404_full_N0_20240419_023215.zip
2025-08-16 14:37:19,809 - INFO - EXCLUIR: emp4138_H_202404_full_N0_20240420_023232.zip
2025-08-16 14:37:19,818 - INFO - EXCLUIR: emp4138_H_202404_full_N0_20240421_023235.zip
2025-08-16 14:37:19,822 - INFO - EXCLUIR: emp4138_H_202404_full_N0_20240422_023037.zip
2025-08-16 14:37:19,831 - INFO - EXCLUIR: emp4138_H_202404_full_N0_20240423_023324.zip
2025-08-16 14:37:19,835 - INFO - EXCLUIR: emp4138_H_202404_full_N0_20240424_023341.zip
2025-08-16 14:37:19,841 - INFO - EXCLUIR: emp4138_H_202404_full_N0_20240425_023114.zip
2025-08-16 14:37:19,847 - INFO - EXCLUIR: emp4138_H_202404_full_N0_20240426_023420.zip
2025-08-16 14:37:19,852 - INFO - EXCLUIR: emp4138_H_202404_full_N0_20240427_023422.zip
2025-08-16 14:37:19,857 - INFO - EXCLUIR: emp4138_H_202404_full_N0_20240428_023028.zip
2025-08-16 14:37:19,861 - INFO - EXCLUIR: emp4138_H_202404_full_N0_20240429_022915.zip
2025-08-16 14:37:19,867 - INFO - EXCLUIR: emp4138_H_202404_full_N0_20240430_023419.zip
2025-08-16 14:37:19,872 - INFO - EXCLUIR: emp4138_H_202404_full_N0_20240501_023434.zip
2025-08-16 14:37:19,888 - INFO - 
--- Grupo: emp4138_H_202405 (26 arquivos) ---
2025-08-16 14:37:19,892 - INFO - MANTER: emp4138_H_202405_full_N0_20240915_115904.zip
2025-08-16 14:37:19,898 - INFO - EXCLUIR: emp4138_H_202405_full_N0_20240502_022423.zip
2025-08-16 14:37:19,904 - INFO - EXCLUIR: emp4138_H_202405_full_N0_20240503_023008.zip
2025-08-16 14:37:19,909 - INFO - EXCLUIR: emp4138_H_202405_full_N0_20240504_022937.zip
2025-08-16 14:37:19,919 - INFO - EXCLUIR: emp4138_H_202405_full_N0_20240505_022422.zip
2025-08-16 14:37:19,924 - INFO - EXCLUIR: emp4138_H_202405_full_N0_20240506_022506.zip
2025-08-16 14:37:19,941 - INFO - EXCLUIR: emp4138_H_202405_full_N0_20240507_022948.zip
2025-08-16 14:37:19,948 - INFO - EXCLUIR: emp4138_H_202405_full_N0_20240508_022426.zip
2025-08-16 14:37:19,956 - INFO - EXCLUIR: emp4138_H_202405_full_N0_20240509_023017.zip
2025-08-16 14:37:19,964 - INFO - EXCLUIR: emp4138_H_202405_full_N0_20240510_022942.zip
2025-08-16 14:37:19,976 - INFO - EXCLUIR: emp4138_H_202405_full_N0_20240511_022429.zip
2025-08-16 14:37:19,989 - INFO - EXCLUIR: emp4138_H_202405_full_N0_20240512_023030.zip
2025-08-16 14:37:19,994 - INFO - EXCLUIR: emp4138_H_202405_full_N0_20240519_023127.zip
2025-08-16 14:37:20,003 - INFO - EXCLUIR: emp4138_H_202405_full_N0_20240520_023146.zip
2025-08-16 14:37:20,009 - INFO - EXCLUIR: emp4138_H_202405_full_N0_20240521_023225.zip
2025-08-16 14:37:20,014 - INFO - EXCLUIR: emp4138_H_202405_full_N0_20240522_023240.zip
2025-08-16 14:37:20,026 - INFO - EXCLUIR: emp4138_H_202405_full_N0_20240523_023300.zip
2025-08-16 14:37:20,036 - INFO - EXCLUIR: emp4138_H_202405_full_N0_20240524_023315.zip
2025-08-16 14:37:20,042 - INFO - EXCLUIR: emp4138_H_202405_full_N0_20240525_023315.zip
2025-08-16 14:37:20,048 - INFO - EXCLUIR: emp4138_H_202405_full_N0_20240526_023259.zip
2025-08-16 14:37:20,055 - INFO - EXCLUIR: emp4138_H_202405_full_N0_20240527_023329.zip
2025-08-16 14:37:20,062 - INFO - EXCLUIR: emp4138_H_202405_full_N0_20240528_023347.zip
2025-08-16 14:37:20,071 - INFO - EXCLUIR: emp4138_H_202405_full_N0_20240529_023220.zip
2025-08-16 14:37:20,078 - INFO - EXCLUIR: emp4138_H_202405_full_N0_20240530_023331.zip
2025-08-16 14:37:20,083 - INFO - EXCLUIR: emp4138_H_202405_full_N0_20240531_023400.zip
2025-08-16 14:37:20,090 - INFO - EXCLUIR: emp4138_H_202405_full_N0_20240601_023402.zip
2025-08-16 14:37:20,097 - INFO - 
--- Grupo: emp4138_H_202406 (30 arquivos) ---
2025-08-16 14:37:20,106 - INFO - MANTER: emp4138_H_202406_full_N0_20240701_023553.zip
2025-08-16 14:37:20,113 - INFO - EXCLUIR: emp4138_H_202406_full_N0_20240602_022941.zip
2025-08-16 14:37:20,121 - INFO - EXCLUIR: emp4138_H_202406_full_N0_20240603_023035.zip
2025-08-16 14:37:20,126 - INFO - EXCLUIR: emp4138_H_202406_full_N0_20240604_022531.zip
2025-08-16 14:37:20,134 - INFO - EXCLUIR: emp4138_H_202406_full_N0_20240605_023036.zip
2025-08-16 14:37:20,141 - INFO - EXCLUIR: emp4138_H_202406_full_N0_20240606_023047.zip
2025-08-16 14:37:20,146 - INFO - EXCLUIR: emp4138_H_202406_full_N0_20240607_022909.zip
2025-08-16 14:37:20,151 - INFO - EXCLUIR: emp4138_H_202406_full_N0_20240608_023052.zip
2025-08-16 14:37:20,156 - INFO - EXCLUIR: emp4138_H_202406_full_N0_20240609_023113.zip
2025-08-16 14:37:20,163 - INFO - EXCLUIR: emp4138_H_202406_full_N0_20240610_023122.zip
2025-08-16 14:37:20,169 - INFO - EXCLUIR: emp4138_H_202406_full_N0_20240611_022909.zip
2025-08-16 14:37:20,174 - INFO - EXCLUIR: emp4138_H_202406_full_N0_20240612_023149.zip
2025-08-16 14:37:20,179 - INFO - EXCLUIR: emp4138_H_202406_full_N0_20240613_023200.zip
2025-08-16 14:37:20,183 - INFO - EXCLUIR: emp4138_H_202406_full_N0_20240614_023143.zip
2025-08-16 14:37:20,196 - INFO - EXCLUIR: emp4138_H_202406_full_N0_20240615_023211.zip
2025-08-16 14:37:20,201 - INFO - EXCLUIR: emp4138_H_202406_full_N0_20240616_022709.zip
2025-08-16 14:37:20,205 - INFO - EXCLUIR: emp4138_H_202406_full_N0_20240617_023252.zip
2025-08-16 14:37:20,209 - INFO - EXCLUIR: emp4138_H_202406_full_N0_20240618_023308.zip
2025-08-16 14:37:20,214 - INFO - EXCLUIR: emp4138_H_202406_full_N0_20240619_022740.zip
2025-08-16 14:37:20,224 - INFO - EXCLUIR: emp4138_H_202406_full_N0_20240620_023257.zip
2025-08-16 14:37:20,230 - INFO - EXCLUIR: emp4138_H_202406_full_N0_20240621_023206.zip
2025-08-16 14:37:20,234 - INFO - EXCLUIR: emp4138_H_202406_full_N0_20240622_022849.zip
2025-08-16 14:37:20,245 - INFO - EXCLUIR: emp4138_H_202406_full_N0_20240623_023408.zip
2025-08-16 14:37:20,251 - INFO - EXCLUIR: emp4138_H_202406_full_N0_20240624_023413.zip
2025-08-16 14:37:20,257 - INFO - EXCLUIR: emp4138_H_202406_full_N0_20240625_022935.zip
2025-08-16 14:37:20,261 - INFO - EXCLUIR: emp4138_H_202406_full_N0_20240626_023514.zip
2025-08-16 14:37:20,265 - INFO - EXCLUIR: emp4138_H_202406_full_N0_20240627_023500.zip
2025-08-16 14:37:20,270 - INFO - EXCLUIR: emp4138_H_202406_full_N0_20240628_023555.zip
2025-08-16 14:37:20,275 - INFO - EXCLUIR: emp4138_H_202406_full_N0_20240629_023522.zip
2025-08-16 14:37:20,281 - INFO - EXCLUIR: emp4138_H_202406_full_N0_20240630_023548.zip
2025-08-16 14:37:20,287 - INFO - 
--- Grupo: emp4138_H_202407 (32 arquivos) ---
2025-08-16 14:37:20,293 - INFO - MANTER: emp4138_H_202407_full_N0_20240915_115904.zip
2025-08-16 14:37:20,298 - INFO - EXCLUIR: emp4138_H_202407_full_N0_20240702_023039.zip
2025-08-16 14:37:20,303 - INFO - EXCLUIR: emp4138_H_202407_full_N0_20240703_022906.zip
2025-08-16 14:37:20,307 - INFO - EXCLUIR: emp4138_H_202407_full_N0_20240704_023100.zip
2025-08-16 14:37:20,312 - INFO - EXCLUIR: emp4138_H_202407_full_N0_20240705_023132.zip
2025-08-16 14:37:20,317 - INFO - EXCLUIR: emp4138_H_202407_full_N0_20240706_023121.zip
2025-08-16 14:37:20,325 - INFO - EXCLUIR: emp4138_H_202407_full_N0_20240707_022546.zip
2025-08-16 14:37:20,330 - INFO - EXCLUIR: emp4138_H_202407_full_N0_20240708_023145.zip
2025-08-16 14:37:20,334 - INFO - EXCLUIR: emp4138_H_202407_full_N0_20240709_023153.zip
2025-08-16 14:37:20,344 - INFO - EXCLUIR: emp4138_H_202407_full_N0_20240710_022944.zip
2025-08-16 14:37:20,349 - INFO - EXCLUIR: emp4138_H_202407_full_N0_20240711_023154.zip
2025-08-16 14:37:20,356 - INFO - EXCLUIR: emp4138_H_202407_full_N0_20240712_023300.zip
2025-08-16 14:37:20,360 - INFO - EXCLUIR: emp4138_H_202407_full_N0_20240713_022853.zip
2025-08-16 14:37:20,364 - INFO - EXCLUIR: emp4138_H_202407_full_N0_20240714_023223.zip
2025-08-16 14:37:20,368 - INFO - EXCLUIR: emp4138_H_202407_full_N0_20240715_023353.zip
2025-08-16 14:37:20,372 - INFO - EXCLUIR: emp4138_H_202407_full_N0_20240716_023014.zip
2025-08-16 14:37:20,381 - INFO - EXCLUIR: emp4138_H_202407_full_N0_20240717_023455.zip
2025-08-16 14:37:20,385 - INFO - EXCLUIR: emp4138_H_202407_full_N0_20240718_023321.zip
2025-08-16 14:37:20,394 - INFO - EXCLUIR: emp4138_H_202407_full_N0_20240719_023039.zip
2025-08-16 14:37:20,399 - INFO - EXCLUIR: emp4138_H_202407_full_N0_20240720_023445.zip
2025-08-16 14:37:20,405 - INFO - EXCLUIR: emp4138_H_202407_full_N0_20240721_023433.zip
2025-08-16 14:37:20,410 - INFO - EXCLUIR: emp4138_H_202407_full_N0_20240722_022950.zip
2025-08-16 14:37:20,417 - INFO - EXCLUIR: emp4138_H_202407_full_N0_20240723_023500.zip
2025-08-16 14:37:20,421 - INFO - EXCLUIR: emp4138_H_202407_full_N0_20240724_023502.zip
2025-08-16 14:37:20,432 - INFO - EXCLUIR: emp4138_H_202407_full_N0_20240725_023200.zip
2025-08-16 14:37:20,437 - INFO - EXCLUIR: emp4138_H_202407_full_N0_20240726_023532.zip
2025-08-16 14:37:20,452 - INFO - EXCLUIR: emp4138_H_202407_full_N0_20240727_023527.zip
2025-08-16 14:37:20,457 - INFO - EXCLUIR: emp4138_H_202407_full_N0_20240728_022942.zip
2025-08-16 14:37:20,461 - INFO - EXCLUIR: emp4138_H_202407_full_N0_20240729_023634.zip
2025-08-16 14:37:20,465 - INFO - EXCLUIR: emp4138_H_202407_full_N0_20240730_023632.zip
2025-08-16 14:37:20,471 - INFO - EXCLUIR: emp4138_H_202407_full_N0_20240731_023216.zip
2025-08-16 14:37:20,478 - INFO - EXCLUIR: emp4138_H_202407_full_N0_20240801_023715.zip
2025-08-16 14:37:20,484 - INFO - 
--- Grupo: emp4138_H_202408 (32 arquivos) ---
2025-08-16 14:37:20,488 - INFO - MANTER: emp4138_H_202408_full_N0_20240915_115905.zip
2025-08-16 14:37:20,496 - INFO - EXCLUIR: emp4138_H_202408_full_N0_20240802_023057.zip
2025-08-16 14:37:20,503 - INFO - EXCLUIR: emp4138_H_202408_full_N0_20240803_023125.zip
2025-08-16 14:37:20,510 - INFO - EXCLUIR: emp4138_H_202408_full_N0_20240804_023137.zip
2025-08-16 14:37:20,514 - INFO - EXCLUIR: emp4138_H_202408_full_N0_20240805_023156.zip
2025-08-16 14:37:20,519 - INFO - EXCLUIR: emp4138_H_202408_full_N0_20240806_023139.zip
2025-08-16 14:37:20,523 - INFO - EXCLUIR: emp4138_H_202408_full_N0_20240807_023016.zip
2025-08-16 14:37:20,531 - INFO - EXCLUIR: emp4138_H_202408_full_N0_20240808_022729.zip
2025-08-16 14:37:20,540 - INFO - EXCLUIR: emp4138_H_202408_full_N0_20240809_023224.zip
2025-08-16 14:37:20,551 - INFO - EXCLUIR: emp4138_H_202408_full_N0_20240810_023212.zip
2025-08-16 14:37:20,556 - INFO - EXCLUIR: emp4138_H_202408_full_N0_20240811_023211.zip
2025-08-16 14:37:20,562 - INFO - EXCLUIR: emp4138_H_202408_full_N0_20240812_023206.zip
2025-08-16 14:37:20,574 - INFO - EXCLUIR: emp4138_H_202408_full_N0_20240813_023315.zip
2025-08-16 14:37:20,578 - INFO - EXCLUIR: emp4138_H_202408_full_N0_20240814_023310.zip
2025-08-16 14:37:20,590 - INFO - EXCLUIR: emp4138_H_202408_full_N0_20240815_023345.zip
2025-08-16 14:37:20,609 - INFO - EXCLUIR: emp4138_H_202408_full_N0_20240816_023317.zip
2025-08-16 14:37:20,614 - INFO - EXCLUIR: emp4138_H_202408_full_N0_20240817_023315.zip
2025-08-16 14:37:20,618 - INFO - EXCLUIR: emp4138_H_202408_full_N0_20240818_023305.zip
2025-08-16 14:37:20,627 - INFO - EXCLUIR: emp4138_H_202408_full_N0_20240819_023328.zip
2025-08-16 14:37:20,639 - INFO - EXCLUIR: emp4138_H_202408_full_N0_20240820_023026.zip
2025-08-16 14:37:20,643 - INFO - EXCLUIR: emp4138_H_202408_full_N0_20240821_023456.zip
2025-08-16 14:37:20,658 - INFO - EXCLUIR: emp4138_H_202408_full_N0_20240822_023448.zip
2025-08-16 14:37:20,665 - INFO - EXCLUIR: emp4138_H_202408_full_N0_20240823_023521.zip
2025-08-16 14:37:20,669 - INFO - EXCLUIR: emp4138_H_202408_full_N0_20240824_023546.zip
2025-08-16 14:37:20,676 - INFO - EXCLUIR: emp4138_H_202408_full_N0_20240825_023544.zip
2025-08-16 14:37:20,680 - INFO - EXCLUIR: emp4138_H_202408_full_N0_20240826_022939.zip
2025-08-16 14:37:20,690 - INFO - EXCLUIR: emp4138_H_202408_full_N0_20240827_023614.zip
2025-08-16 14:37:20,697 - INFO - EXCLUIR: emp4138_H_202408_full_N0_20240828_023612.zip
2025-08-16 14:37:20,703 - INFO - EXCLUIR: emp4138_H_202408_full_N0_20240829_023638.zip
2025-08-16 14:37:20,707 - INFO - EXCLUIR: emp4138_H_202408_full_N0_20240830_023653.zip
2025-08-16 14:37:20,712 - INFO - EXCLUIR: emp4138_H_202408_full_N0_20240831_023640.zip
2025-08-16 14:37:20,717 - INFO - EXCLUIR: emp4138_H_202408_full_N0_20240901_023253.zip
2025-08-16 14:37:20,724 - INFO - 
--- Grupo: emp4138_H_202409 (18 arquivos) ---
2025-08-16 14:37:20,730 - INFO - MANTER: emp4138_H_202409_full_N0_20241001_020503.zip
2025-08-16 14:37:20,746 - INFO - EXCLUIR: emp4138_H_202409_full_N0_20240902_023129.zip
2025-08-16 14:37:20,761 - INFO - EXCLUIR: emp4138_H_202409_full_N0_20240903_023137.zip
2025-08-16 14:37:20,765 - INFO - EXCLUIR: emp4138_H_202409_full_N0_20240904_022520.zip
2025-08-16 14:37:20,770 - INFO - EXCLUIR: emp4138_H_202409_full_N0_20240905_023219.zip
2025-08-16 14:37:20,774 - INFO - EXCLUIR: emp4138_H_202409_full_N0_20240906_023243.zip
2025-08-16 14:37:20,778 - INFO - EXCLUIR: emp4138_H_202409_full_N0_20240907_022708.zip
2025-08-16 14:37:20,784 - INFO - EXCLUIR: emp4138_H_202409_full_N0_20240908_023241.zip
2025-08-16 14:37:20,791 - INFO - EXCLUIR: emp4138_H_202409_full_N0_20240909_023222.zip
2025-08-16 14:37:20,796 - INFO - EXCLUIR: emp4138_H_202409_full_N0_20240910_022528.zip
2025-08-16 14:37:20,805 - INFO - EXCLUIR: emp4138_H_202409_full_N0_20240911_023240.zip
2025-08-16 14:37:20,814 - INFO - EXCLUIR: emp4138_H_202409_full_N0_20240912_023346.zip
2025-08-16 14:37:20,823 - INFO - EXCLUIR: emp4138_H_202409_full_N0_20240913_022742.zip
2025-08-16 14:37:20,827 - INFO - EXCLUIR: emp4138_H_202409_full_N0_20240914_023428.zip
2025-08-16 14:37:20,831 - INFO - EXCLUIR: emp4138_H_202409_full_N0_20240915_023412.zip
2025-08-16 14:37:20,842 - INFO - EXCLUIR: emp4138_H_202409_full_N0_20240928_020430.zip
2025-08-16 14:37:20,848 - INFO - EXCLUIR: emp4138_H_202409_full_N0_20240929_020220.zip
2025-08-16 14:37:20,859 - INFO - EXCLUIR: emp4138_H_202409_full_N0_20240930_020225.zip
2025-08-16 14:37:20,863 - INFO - 
--- Grupo: emp4138_H_202410 (28 arquivos) ---
2025-08-16 14:37:20,867 - INFO - MANTER: emp4138_H_202410_full_N0_20241101_014640.zip
2025-08-16 14:37:20,880 - INFO - EXCLUIR: emp4138_H_202410_full_N0_20241002_020009.zip
2025-08-16 14:37:20,887 - INFO - EXCLUIR: emp4138_H_202410_full_N0_20241003_020111.zip
2025-08-16 14:37:20,892 - INFO - EXCLUIR: emp4138_H_202410_full_N0_20241004_020137.zip
2025-08-16 14:37:20,896 - INFO - EXCLUIR: emp4138_H_202410_full_N0_20241005_015937.zip
2025-08-16 14:37:20,900 - INFO - EXCLUIR: emp4138_H_202410_full_N0_20241006_015911.zip
2025-08-16 14:37:20,911 - INFO - EXCLUIR: emp4138_H_202410_full_N0_20241007_015903.zip
2025-08-16 14:37:20,916 - INFO - EXCLUIR: emp4138_H_202410_full_N0_20241008_020029.zip
2025-08-16 14:37:20,923 - INFO - EXCLUIR: emp4138_H_202410_full_N0_20241009_020229.zip
2025-08-16 14:37:20,937 - INFO - EXCLUIR: emp4138_H_202410_full_N0_20241010_015945.zip
2025-08-16 14:37:20,945 - INFO - EXCLUIR: emp4138_H_202410_full_N0_20241011_015735.zip
2025-08-16 14:37:20,968 - INFO - EXCLUIR: emp4138_H_202410_full_N0_20241012_015815.zip
2025-08-16 14:37:20,983 - INFO - EXCLUIR: emp4138_H_202410_full_N0_20241013_015815.zip
2025-08-16 14:37:20,988 - INFO - EXCLUIR: emp4138_H_202410_full_N0_20241014_015813.zip
2025-08-16 14:37:20,996 - INFO - EXCLUIR: emp4138_H_202410_full_N0_20241015_015732.zip
2025-08-16 14:37:21,002 - INFO - EXCLUIR: emp4138_H_202410_full_N0_20241016_020547.zip
2025-08-16 14:37:21,020 - INFO - EXCLUIR: emp4138_H_202410_full_N0_20241017_015800.zip
2025-08-16 14:37:21,025 - INFO - EXCLUIR: emp4138_H_202410_full_N0_20241018_015918.zip
2025-08-16 14:37:21,033 - INFO - EXCLUIR: emp4138_H_202410_full_N0_20241019_015923.zip
2025-08-16 14:37:21,043 - INFO - EXCLUIR: emp4138_H_202410_full_N0_20241020_015822.zip
2025-08-16 14:37:21,049 - INFO - EXCLUIR: emp4138_H_202410_full_N0_20241021_015834.zip
2025-08-16 14:37:21,053 - INFO - EXCLUIR: emp4138_H_202410_full_N0_20241022_020127.zip
2025-08-16 14:37:21,064 - INFO - EXCLUIR: emp4138_H_202410_full_N0_20241023_020257.zip
2025-08-16 14:37:21,070 - INFO - EXCLUIR: emp4138_H_202410_full_N0_20241024_020719.zip
2025-08-16 14:37:21,077 - INFO - EXCLUIR: emp4138_H_202410_full_N0_20241025_020027.zip
2025-08-16 14:37:21,081 - INFO - EXCLUIR: emp4138_H_202410_full_N0_20241026_020032.zip
2025-08-16 14:37:21,087 - INFO - EXCLUIR: emp4138_H_202410_full_N0_20241027_015928.zip
2025-08-16 14:37:21,100 - INFO - EXCLUIR: emp4138_H_202410_full_N0_20241028_015946.zip
2025-08-16 14:37:21,105 - INFO - 
--- Grupo: emp4138_H_202411 (20 arquivos) ---
2025-08-16 14:37:21,114 - INFO - MANTER: emp4138_H_202411_full_N0_20241201_014505.zip
2025-08-16 14:37:21,119 - INFO - EXCLUIR: emp4138_H_202411_full_N0_20241111_014336.zip
2025-08-16 14:37:21,124 - INFO - EXCLUIR: emp4138_H_202411_full_N0_20241113_014343.zip
2025-08-16 14:37:21,130 - INFO - EXCLUIR: emp4138_H_202411_full_N0_20241114_014324.zip
2025-08-16 14:37:21,138 - INFO - EXCLUIR: emp4138_H_202411_full_N0_20241115_014331.zip
2025-08-16 14:37:21,144 - INFO - EXCLUIR: emp4138_H_202411_full_N0_20241116_014445.zip
2025-08-16 14:37:21,149 - INFO - EXCLUIR: emp4138_H_202411_full_N0_20241117_014436.zip
2025-08-16 14:37:21,158 - INFO - EXCLUIR: emp4138_H_202411_full_N0_20241118_031125.zip
2025-08-16 14:37:21,164 - INFO - EXCLUIR: emp4138_H_202411_full_N0_20241119_014341.zip
2025-08-16 14:37:21,168 - INFO - EXCLUIR: emp4138_H_202411_full_N0_20241120_014358.zip
2025-08-16 14:37:21,173 - INFO - EXCLUIR: emp4138_H_202411_full_N0_20241121_014449.zip
2025-08-16 14:37:21,177 - INFO - EXCLUIR: emp4138_H_202411_full_N0_20241122_014416.zip
2025-08-16 14:37:21,182 - INFO - EXCLUIR: emp4138_H_202411_full_N0_20241123_014410.zip
2025-08-16 14:37:21,192 - INFO - EXCLUIR: emp4138_H_202411_full_N0_20241124_014404.zip
2025-08-16 14:37:21,201 - INFO - EXCLUIR: emp4138_H_202411_full_N0_20241125_014404.zip
2025-08-16 14:37:21,206 - INFO - EXCLUIR: emp4138_H_202411_full_N0_20241126_014420.zip
2025-08-16 14:37:21,213 - INFO - EXCLUIR: emp4138_H_202411_full_N0_20241127_014449.zip
2025-08-16 14:37:21,218 - INFO - EXCLUIR: emp4138_H_202411_full_N0_20241128_014453.zip
2025-08-16 14:37:21,223 - INFO - EXCLUIR: emp4138_H_202411_full_N0_20241129_014502.zip
2025-08-16 14:37:21,229 - INFO - EXCLUIR: emp4138_H_202411_full_N0_20241130_014517.zip
2025-08-16 14:37:21,233 - INFO - 
--- Grupo: emp4138_H_202412 (30 arquivos) ---
2025-08-16 14:37:21,238 - INFO - MANTER: emp4138_H_202412_full_N0_20250101_014611.zip
2025-08-16 14:37:21,242 - INFO - EXCLUIR: emp4138_H_202412_full_N0_20241202_014249.zip
2025-08-16 14:37:21,254 - INFO - EXCLUIR: emp4138_H_202412_full_N0_20241203_014305.zip
2025-08-16 14:37:21,265 - INFO - EXCLUIR: emp4138_H_202412_full_N0_20241204_014335.zip
2025-08-16 14:37:21,269 - INFO - EXCLUIR: emp4138_H_202412_full_N0_20241205_014354.zip
2025-08-16 14:37:21,273 - INFO - EXCLUIR: emp4138_H_202412_full_N0_20241206_014359.zip
2025-08-16 14:37:21,277 - INFO - EXCLUIR: emp4138_H_202412_full_N0_20241207_014415.zip
2025-08-16 14:37:21,282 - INFO - EXCLUIR: emp4138_H_202412_full_N0_20241208_014333.zip
2025-08-16 14:37:21,287 - INFO - EXCLUIR: emp4138_H_202412_full_N0_20241209_014338.zip
2025-08-16 14:37:21,292 - INFO - EXCLUIR: emp4138_H_202412_full_N0_20241210_014352.zip
2025-08-16 14:37:21,296 - INFO - EXCLUIR: emp4138_H_202412_full_N0_20241211_014436.zip
2025-08-16 14:37:21,312 - INFO - EXCLUIR: emp4138_H_202412_full_N0_20241212_014416.zip
2025-08-16 14:37:21,318 - INFO - EXCLUIR: emp4138_H_202412_full_N0_20241213_014446.zip
2025-08-16 14:37:21,325 - INFO - EXCLUIR: emp4138_H_202412_full_N0_20241214_014431.zip
2025-08-16 14:37:21,330 - INFO - EXCLUIR: emp4138_H_202412_full_N0_20241215_014447.zip
2025-08-16 14:37:21,334 - INFO - EXCLUIR: emp4138_H_202412_full_N0_20241217_014510.zip
2025-08-16 14:37:21,339 - INFO - EXCLUIR: emp4138_H_202412_full_N0_20241218_014510.zip
2025-08-16 14:37:21,345 - INFO - EXCLUIR: emp4138_H_202412_full_N0_20241219_014525.zip
2025-08-16 14:37:21,355 - INFO - EXCLUIR: emp4138_H_202412_full_N0_20241220_014546.zip
2025-08-16 14:37:21,360 - INFO - EXCLUIR: emp4138_H_202412_full_N0_20241221_014554.zip
2025-08-16 14:37:21,378 - INFO - EXCLUIR: emp4138_H_202412_full_N0_20241222_014546.zip
2025-08-16 14:37:21,383 - INFO - EXCLUIR: emp4138_H_202412_full_N0_20241223_014605.zip
2025-08-16 14:37:21,387 - INFO - EXCLUIR: emp4138_H_202412_full_N0_20241224_014540.zip
2025-08-16 14:37:21,392 - INFO - EXCLUIR: emp4138_H_202412_full_N0_20241225_014630.zip
2025-08-16 14:37:21,396 - INFO - EXCLUIR: emp4138_H_202412_full_N0_20241226_014602.zip
2025-08-16 14:37:21,405 - INFO - EXCLUIR: emp4138_H_202412_full_N0_20241227_014631.zip
2025-08-16 14:37:21,411 - INFO - EXCLUIR: emp4138_H_202412_full_N0_20241228_014644.zip
2025-08-16 14:37:21,421 - INFO - EXCLUIR: emp4138_H_202412_full_N0_20241229_014546.zip
2025-08-16 14:37:21,427 - INFO - EXCLUIR: emp4138_H_202412_full_N0_20241230_014631.zip
2025-08-16 14:37:21,432 - INFO - EXCLUIR: emp4138_H_202412_full_N0_20241231_014545.zip
2025-08-16 14:37:21,439 - INFO - 
--- Grupo: emp4138_H_202501 (29 arquivos) ---
2025-08-16 14:37:21,446 - INFO - MANTER: emp4138_H_202501_full_N0_20250201_014728.zip
2025-08-16 14:37:21,459 - INFO - EXCLUIR: emp4138_H_202501_full_N0_20250102_014336.zip
2025-08-16 14:37:21,464 - INFO - EXCLUIR: emp4138_H_202501_full_N0_20250103_014335.zip
2025-08-16 14:37:21,473 - INFO - EXCLUIR: emp4138_H_202501_full_N0_20250104_014410.zip
2025-08-16 14:37:21,493 - INFO - EXCLUIR: emp4138_H_202501_full_N0_20250105_014351.zip
2025-08-16 14:37:21,507 - INFO - EXCLUIR: emp4138_H_202501_full_N0_20250106_014346.zip
2025-08-16 14:37:21,513 - INFO - EXCLUIR: emp4138_H_202501_full_N0_20250107_014359.zip
2025-08-16 14:37:21,547 - INFO - EXCLUIR: emp4138_H_202501_full_N0_20250108_014523.zip
2025-08-16 14:37:21,563 - INFO - EXCLUIR: emp4138_H_202501_full_N0_20250109_014421.zip
2025-08-16 14:37:21,573 - INFO - EXCLUIR: emp4138_H_202501_full_N0_20250110_014435.zip
2025-08-16 14:37:21,578 - INFO - EXCLUIR: emp4138_H_202501_full_N0_20250111_014453.zip
2025-08-16 14:37:21,582 - INFO - EXCLUIR: emp4138_H_202501_full_N0_20250112_014601.zip
2025-08-16 14:37:21,587 - INFO - EXCLUIR: emp4138_H_202501_full_N0_20250114_223337.zip
2025-08-16 14:37:21,606 - INFO - EXCLUIR: emp4138_H_202501_full_N0_20250116_014507.zip
2025-08-16 14:37:21,612 - INFO - EXCLUIR: emp4138_H_202501_full_N0_20250117_014454.zip
2025-08-16 14:37:21,617 - INFO - EXCLUIR: emp4138_H_202501_full_N0_20250118_014511.zip
2025-08-16 14:37:21,623 - INFO - EXCLUIR: emp4138_H_202501_full_N0_20250119_014506.zip
2025-08-16 14:37:21,630 - INFO - EXCLUIR: emp4138_H_202501_full_N0_20250120_014525.zip
2025-08-16 14:37:21,635 - INFO - EXCLUIR: emp4138_H_202501_full_N0_20250121_014512.zip
2025-08-16 14:37:21,640 - INFO - EXCLUIR: emp4138_H_202501_full_N0_20250122_014648.zip
2025-08-16 14:37:21,644 - INFO - EXCLUIR: emp4138_H_202501_full_N0_20250123_014529.zip
2025-08-16 14:37:21,649 - INFO - EXCLUIR: emp4138_H_202501_full_N0_20250124_014536.zip
2025-08-16 14:37:21,668 - INFO - EXCLUIR: emp4138_H_202501_full_N0_20250125_014546.zip
2025-08-16 14:37:21,673 - INFO - EXCLUIR: emp4138_H_202501_full_N0_20250126_014535.zip
2025-08-16 14:37:21,677 - INFO - EXCLUIR: emp4138_H_202501_full_N0_20250127_014555.zip
2025-08-16 14:37:21,681 - INFO - EXCLUIR: emp4138_H_202501_full_N0_20250128_014609.zip
2025-08-16 14:37:21,686 - INFO - EXCLUIR: emp4138_H_202501_full_N0_20250129_014856.zip
2025-08-16 14:37:21,691 - INFO - EXCLUIR: emp4138_H_202501_full_N0_20250130_014700.zip
2025-08-16 14:37:21,695 - INFO - EXCLUIR: emp4138_H_202501_full_N0_20250131_014657.zip
2025-08-16 14:37:21,702 - INFO - 
--- Grupo: emp4138_H_202502 (28 arquivos) ---
2025-08-16 14:37:21,707 - INFO - MANTER: emp4138_H_202502_full_N0_20250301_014833.zip
2025-08-16 14:37:21,711 - INFO - EXCLUIR: emp4138_H_202502_full_N0_20250202_014624.zip
2025-08-16 14:37:21,716 - INFO - EXCLUIR: emp4138_H_202502_full_N0_20250203_014545.zip
2025-08-16 14:37:21,724 - INFO - EXCLUIR: emp4138_H_202502_full_N0_20250204_014457.zip
2025-08-16 14:37:21,728 - INFO - EXCLUIR: emp4138_H_202502_full_N0_20250205_014443.zip
2025-08-16 14:37:21,734 - INFO - EXCLUIR: emp4138_H_202502_full_N0_20250206_014632.zip
2025-08-16 14:37:21,738 - INFO - EXCLUIR: emp4138_H_202502_full_N0_20250207_014532.zip
2025-08-16 14:37:21,742 - INFO - EXCLUIR: emp4138_H_202502_full_N0_20250208_014608.zip
2025-08-16 14:37:21,749 - INFO - EXCLUIR: emp4138_H_202502_full_N0_20250209_014659.zip
2025-08-16 14:37:21,755 - INFO - EXCLUIR: emp4138_H_202502_full_N0_20250210_014644.zip
2025-08-16 14:37:21,760 - INFO - EXCLUIR: emp4138_H_202502_full_N0_20250211_014553.zip
2025-08-16 14:37:21,765 - INFO - EXCLUIR: emp4138_H_202502_full_N0_20250212_014516.zip
2025-08-16 14:37:21,769 - INFO - EXCLUIR: emp4138_H_202502_full_N0_20250213_014615.zip
2025-08-16 14:37:21,774 - INFO - EXCLUIR: emp4138_H_202502_full_N0_20250214_014654.zip
2025-08-16 14:37:21,780 - INFO - EXCLUIR: emp4138_H_202502_full_N0_20250215_014554.zip
2025-08-16 14:37:21,785 - INFO - EXCLUIR: emp4138_H_202502_full_N0_20250216_014646.zip
2025-08-16 14:37:21,790 - INFO - EXCLUIR: emp4138_H_202502_full_N0_20250217_014548.zip
2025-08-16 14:37:21,794 - INFO - EXCLUIR: emp4138_H_202502_full_N0_20250218_014707.zip
2025-08-16 14:37:21,799 - INFO - EXCLUIR: emp4138_H_202502_full_N0_20250219_014653.zip
2025-08-16 14:37:21,804 - INFO - EXCLUIR: emp4138_H_202502_full_N0_20250220_014636.zip
2025-08-16 14:37:21,833 - INFO - EXCLUIR: emp4138_H_202502_full_N0_20250221_014900.zip
2025-08-16 14:37:21,842 - INFO - EXCLUIR: emp4138_H_202502_full_N0_20250222_014732.zip
2025-08-16 14:37:21,853 - INFO - EXCLUIR: emp4138_H_202502_full_N0_20250223_014806.zip
2025-08-16 14:37:21,861 - INFO - EXCLUIR: emp4138_H_202502_full_N0_20250224_014817.zip
2025-08-16 14:37:21,866 - INFO - EXCLUIR: emp4138_H_202502_full_N0_20250225_014654.zip
2025-08-16 14:37:21,875 - INFO - EXCLUIR: emp4138_H_202502_full_N0_20250226_014808.zip
2025-08-16 14:37:21,883 - INFO - EXCLUIR: emp4138_H_202502_full_N0_20250227_014759.zip
2025-08-16 14:37:21,890 - INFO - EXCLUIR: emp4138_H_202502_full_N0_20250228_014954.zip
2025-08-16 14:37:21,894 - INFO - 
--- Grupo: emp4138_H_202503 (31 arquivos) ---
2025-08-16 14:37:21,897 - INFO - MANTER: emp4138_H_202503_full_N0_20250401_015018.zip
2025-08-16 14:37:21,903 - INFO - EXCLUIR: emp4138_H_202503_full_N0_20250302_014554.zip
2025-08-16 14:37:21,909 - INFO - EXCLUIR: emp4138_H_202503_full_N0_20250303_014519.zip
2025-08-16 14:37:21,916 - INFO - EXCLUIR: emp4138_H_202503_full_N0_20250304_014453.zip
2025-08-16 14:37:21,920 - INFO - EXCLUIR: emp4138_H_202503_full_N0_20250305_014559.zip
2025-08-16 14:37:21,924 - INFO - EXCLUIR: emp4138_H_202503_full_N0_20250306_014846.zip
2025-08-16 14:37:21,929 - INFO - EXCLUIR: emp4138_H_202503_full_N0_20250307_014651.zip
2025-08-16 14:37:21,936 - INFO - EXCLUIR: emp4138_H_202503_full_N0_20250308_014544.zip
2025-08-16 14:37:21,942 - INFO - EXCLUIR: emp4138_H_202503_full_N0_20250309_014734.zip
2025-08-16 14:37:21,946 - INFO - EXCLUIR: emp4138_H_202503_full_N0_20250310_014713.zip
2025-08-16 14:37:21,950 - INFO - EXCLUIR: emp4138_H_202503_full_N0_20250311_014618.zip
2025-08-16 14:37:21,954 - INFO - EXCLUIR: emp4138_H_202503_full_N0_20250312_014743.zip
2025-08-16 14:37:21,964 - INFO - EXCLUIR: emp4138_H_202503_full_N0_20250313_014612.zip
2025-08-16 14:37:21,976 - INFO - EXCLUIR: emp4138_H_202503_full_N0_20250314_014641.zip
2025-08-16 14:37:21,983 - INFO - EXCLUIR: emp4138_H_202503_full_N0_20250315_014624.zip
2025-08-16 14:37:21,988 - INFO - EXCLUIR: emp4138_H_202503_full_N0_20250316_014652.zip
2025-08-16 14:37:21,993 - INFO - EXCLUIR: emp4138_H_202503_full_N0_20250317_014749.zip
2025-08-16 14:37:22,000 - INFO - EXCLUIR: emp4138_H_202503_full_N0_20250318_014702.zip
2025-08-16 14:37:22,006 - INFO - EXCLUIR: emp4138_H_202503_full_N0_20250319_014748.zip
2025-08-16 14:37:22,011 - INFO - EXCLUIR: emp4138_H_202503_full_N0_20250320_014751.zip
2025-08-16 14:37:22,016 - INFO - EXCLUIR: emp4138_H_202503_full_N0_20250321_014810.zip
2025-08-16 14:37:22,021 - INFO - EXCLUIR: emp4138_H_202503_full_N0_20250322_014811.zip
2025-08-16 14:37:22,025 - INFO - EXCLUIR: emp4138_H_202503_full_N0_20250323_014651.zip
2025-08-16 14:37:22,032 - INFO - EXCLUIR: emp4138_H_202503_full_N0_20250324_014732.zip
2025-08-16 14:37:22,038 - INFO - EXCLUIR: emp4138_H_202503_full_N0_20250325_014857.zip
2025-08-16 14:37:22,042 - INFO - EXCLUIR: emp4138_H_202503_full_N0_20250326_014835.zip
2025-08-16 14:37:22,046 - INFO - EXCLUIR: emp4138_H_202503_full_N0_20250327_015455.zip
2025-08-16 14:37:22,050 - INFO - EXCLUIR: emp4138_H_202503_full_N0_20250328_014935.zip
2025-08-16 14:37:22,055 - INFO - EXCLUIR: emp4138_H_202503_full_N0_20250329_015218.zip
2025-08-16 14:37:22,060 - INFO - EXCLUIR: emp4138_H_202503_full_N0_20250330_015133.zip
2025-08-16 14:37:22,082 - INFO - EXCLUIR: emp4138_H_202503_full_N0_20250331_014846.zip
2025-08-16 14:37:22,086 - INFO - 
--- Grupo: emp4138_H_202504 (30 arquivos) ---
2025-08-16 14:37:22,092 - INFO - MANTER: emp4138_H_202504_full_N0_20250501_020130.zip
2025-08-16 14:37:22,102 - INFO - EXCLUIR: emp4138_H_202504_full_N0_20250402_014940.zip
2025-08-16 14:37:22,106 - INFO - EXCLUIR: emp4138_H_202504_full_N0_20250403_014629.zip
2025-08-16 14:37:22,111 - INFO - EXCLUIR: emp4138_H_202504_full_N0_20250404_014627.zip
2025-08-16 14:37:22,115 - INFO - EXCLUIR: emp4138_H_202504_full_N0_20250405_014704.zip
2025-08-16 14:37:22,123 - INFO - EXCLUIR: emp4138_H_202504_full_N0_20250406_014748.zip
2025-08-16 14:37:22,128 - INFO - EXCLUIR: emp4138_H_202504_full_N0_20250407_014733.zip
2025-08-16 14:37:22,136 - INFO - EXCLUIR: emp4138_H_202504_full_N0_20250408_015152.zip
2025-08-16 14:37:22,141 - INFO - EXCLUIR: emp4138_H_202504_full_N0_20250409_014915.zip
2025-08-16 14:37:22,146 - INFO - EXCLUIR: emp4138_H_202504_full_N0_20250410_014844.zip
2025-08-16 14:37:22,150 - INFO - EXCLUIR: emp4138_H_202504_full_N0_20250411_015024.zip
2025-08-16 14:37:22,156 - INFO - EXCLUIR: emp4138_H_202504_full_N0_20250412_015210.zip
2025-08-16 14:37:22,162 - INFO - EXCLUIR: emp4138_H_202504_full_N0_20250413_014758.zip
2025-08-16 14:37:22,178 - INFO - EXCLUIR: emp4138_H_202504_full_N0_20250414_014732.zip
2025-08-16 14:37:22,187 - INFO - EXCLUIR: emp4138_H_202504_full_N0_20250415_014908.zip
2025-08-16 14:37:22,193 - INFO - EXCLUIR: emp4138_H_202504_full_N0_20250416_015153.zip
2025-08-16 14:37:22,198 - INFO - EXCLUIR: emp4138_H_202504_full_N0_20250417_015015.zip
2025-08-16 14:37:22,202 - INFO - EXCLUIR: emp4138_H_202504_full_N0_20250418_014959.zip
2025-08-16 14:37:22,206 - INFO - EXCLUIR: emp4138_H_202504_full_N0_20250419_015137.zip
2025-08-16 14:37:22,210 - INFO - EXCLUIR: emp4138_H_202504_full_N0_20250420_015231.zip
2025-08-16 14:37:22,217 - INFO - EXCLUIR: emp4138_H_202504_full_N0_20250421_014920.zip
2025-08-16 14:37:22,226 - INFO - EXCLUIR: emp4138_H_202504_full_N0_20250422_014845.zip
2025-08-16 14:37:22,231 - INFO - EXCLUIR: emp4138_H_202504_full_N0_20250423_015140.zip
2025-08-16 14:37:22,239 - INFO - EXCLUIR: emp4138_H_202504_full_N0_20250424_015204.zip
2025-08-16 14:37:22,243 - INFO - EXCLUIR: emp4138_H_202504_full_N0_20250425_014910.zip
2025-08-16 14:37:22,250 - INFO - EXCLUIR: emp4138_H_202504_full_N0_20250426_014906.zip
2025-08-16 14:37:22,255 - INFO - EXCLUIR: emp4138_H_202504_full_N0_20250427_014847.zip
2025-08-16 14:37:22,261 - INFO - EXCLUIR: emp4138_H_202504_full_N0_20250428_014937.zip
2025-08-16 14:37:22,265 - INFO - EXCLUIR: emp4138_H_202504_full_N0_20250429_014943.zip
2025-08-16 14:37:22,274 - INFO - EXCLUIR: emp4138_H_202504_full_N0_20250430_015158.zip
2025-08-16 14:37:22,279 - INFO - 
--- Grupo: emp4138_H_202505 (28 arquivos) ---
2025-08-16 14:37:22,294 - INFO - MANTER: emp4138_H_202505_full_N0_20250601_014935.zip
2025-08-16 14:37:22,299 - INFO - EXCLUIR: emp4138_H_202505_full_N0_20250502_014917.zip
2025-08-16 14:37:22,303 - INFO - EXCLUIR: emp4138_H_202505_full_N0_20250503_015503.zip
2025-08-16 14:37:22,307 - INFO - EXCLUIR: emp4138_H_202505_full_N0_20250504_015308.zip
2025-08-16 14:37:22,312 - INFO - EXCLUIR: emp4138_H_202505_full_N0_20250505_015814.zip
2025-08-16 14:37:22,316 - INFO - EXCLUIR: emp4138_H_202505_full_N0_20250507_015040.zip
2025-08-16 14:37:22,320 - INFO - EXCLUIR: emp4138_H_202505_full_N0_20250509_015234.zip
2025-08-16 14:37:22,327 - INFO - EXCLUIR: emp4138_H_202505_full_N0_20250510_015535.zip
2025-08-16 14:37:22,331 - INFO - EXCLUIR: emp4138_H_202505_full_N0_20250511_015620.zip
2025-08-16 14:37:22,335 - INFO - EXCLUIR: emp4138_H_202505_full_N0_20250512_015408.zip
2025-08-16 14:37:22,342 - INFO - EXCLUIR: emp4138_H_202505_full_N0_20250513_015626.zip
2025-08-16 14:37:22,350 - INFO - EXCLUIR: emp4138_H_202505_full_N0_20250514_015635.zip
2025-08-16 14:37:22,358 - INFO - EXCLUIR: emp4138_H_202505_full_N0_20250515_015506.zip
2025-08-16 14:37:22,363 - INFO - EXCLUIR: emp4138_H_202505_full_N0_20250516_015408.zip
2025-08-16 14:37:22,367 - INFO - EXCLUIR: emp4138_H_202505_full_N0_20250517_015736.zip
2025-08-16 14:37:22,374 - INFO - EXCLUIR: emp4138_H_202505_full_N0_20250518_015358.zip
2025-08-16 14:37:22,380 - INFO - EXCLUIR: emp4138_H_202505_full_N0_20250519_015606.zip
2025-08-16 14:37:22,384 - INFO - EXCLUIR: emp4138_H_202505_full_N0_20250520_015434.zip
2025-08-16 14:37:22,392 - INFO - EXCLUIR: emp4138_H_202505_full_N0_20250521_015420.zip
2025-08-16 14:37:22,396 - INFO - EXCLUIR: emp4138_H_202505_full_N0_20250522_015710.zip
2025-08-16 14:37:22,400 - INFO - EXCLUIR: emp4138_H_202505_full_N0_20250523_015607.zip
2025-08-16 14:37:22,406 - INFO - EXCLUIR: emp4138_H_202505_full_N0_20250524_015727.zip
2025-08-16 14:37:22,412 - INFO - EXCLUIR: emp4138_H_202505_full_N0_20250525_015436.zip
2025-08-16 14:37:22,417 - INFO - EXCLUIR: emp4138_H_202505_full_N0_20250526_015659.zip
2025-08-16 14:37:22,421 - INFO - EXCLUIR: emp4138_H_202505_full_N0_20250527_015342.zip
2025-08-16 14:37:22,427 - INFO - EXCLUIR: emp4138_H_202505_full_N0_20250528_015436.zip
2025-08-16 14:37:22,431 - INFO - EXCLUIR: emp4138_H_202505_full_N0_20250529_015437.zip
2025-08-16 14:37:22,437 - INFO - EXCLUIR: emp4138_H_202505_full_N0_20250531_015427.zip
2025-08-16 14:37:22,446 - INFO - 
--- Grupo: emp4138_H_202506 (26 arquivos) ---
2025-08-16 14:37:22,451 - INFO - MANTER: emp4138_H_202506_full_N0_20250701_015332.zip
2025-08-16 14:37:22,455 - INFO - EXCLUIR: emp4138_H_202506_full_N0_20250602_014827.zip
2025-08-16 14:37:22,459 - INFO - EXCLUIR: emp4138_H_202506_full_N0_20250603_015053.zip
2025-08-16 14:37:22,463 - INFO - EXCLUIR: emp4138_H_202506_full_N0_20250604_015341.zip
2025-08-16 14:37:22,469 - INFO - EXCLUIR: emp4138_H_202506_full_N0_20250605_014943.zip
2025-08-16 14:37:22,476 - INFO - EXCLUIR: emp4138_H_202506_full_N0_20250606_015055.zip
2025-08-16 14:37:22,501 - INFO - EXCLUIR: emp4138_H_202506_full_N0_20250607_015949.zip
2025-08-16 14:37:22,517 - INFO - EXCLUIR: emp4138_H_202506_full_N0_20250608_015802.zip
2025-08-16 14:37:22,524 - INFO - EXCLUIR: emp4138_H_202506_full_N0_20250609_015944.zip
2025-08-16 14:37:22,532 - INFO - EXCLUIR: emp4138_H_202506_full_N0_20250610_020235.zip
2025-08-16 14:37:22,539 - INFO - EXCLUIR: emp4138_H_202506_full_N0_20250612_014858.zip
2025-08-16 14:37:22,545 - INFO - EXCLUIR: emp4138_H_202506_full_N0_20250613_015407.zip
2025-08-16 14:37:22,551 - INFO - EXCLUIR: emp4138_H_202506_full_N0_20250614_015817.zip
2025-08-16 14:37:22,561 - INFO - EXCLUIR: emp4138_H_202506_full_N0_20250615_015842.zip
2025-08-16 14:37:22,565 - INFO - EXCLUIR: emp4138_H_202506_full_N0_20250617_014919.zip
2025-08-16 14:37:22,571 - INFO - EXCLUIR: emp4138_H_202506_full_N0_20250618_014933.zip
2025-08-16 14:37:22,579 - INFO - EXCLUIR: emp4138_H_202506_full_N0_20250619_014934.zip
2025-08-16 14:37:22,583 - INFO - EXCLUIR: emp4138_H_202506_full_N0_20250620_015202.zip
2025-08-16 14:37:22,588 - INFO - EXCLUIR: emp4138_H_202506_full_N0_20250621_015413.zip
2025-08-16 14:37:22,600 - INFO - EXCLUIR: emp4138_H_202506_full_N0_20250622_020008.zip
2025-08-16 14:37:22,604 - INFO - EXCLUIR: emp4138_H_202506_full_N0_20250624_015100.zip
2025-08-16 14:37:22,608 - INFO - EXCLUIR: emp4138_H_202506_full_N0_20250625_015821.zip
2025-08-16 14:37:22,613 - INFO - EXCLUIR: emp4138_H_202506_full_N0_20250626_020054.zip
2025-08-16 14:37:22,617 - INFO - EXCLUIR: emp4138_H_202506_full_N0_20250628_015228.zip
2025-08-16 14:37:22,624 - INFO - EXCLUIR: emp4138_H_202506_full_N0_20250629_015035.zip
2025-08-16 14:37:22,633 - INFO - EXCLUIR: emp4138_H_202506_full_N0_20250630_015055.zip
2025-08-16 14:37:22,638 - INFO - 
--- Grupo: emp4138_H_202507 (31 arquivos) ---
2025-08-16 14:37:22,650 - INFO - MANTER: emp4138_H_202507_full_N0_20250801_015443.zip
2025-08-16 14:37:22,657 - INFO - EXCLUIR: emp4138_H_202507_full_N0_20250702_015022.zip
2025-08-16 14:37:22,662 - INFO - EXCLUIR: emp4138_H_202507_full_N0_20250703_014831.zip
2025-08-16 14:37:22,666 - INFO - EXCLUIR: emp4138_H_202507_full_N0_20250704_014835.zip
2025-08-16 14:37:22,670 - INFO - EXCLUIR: emp4138_H_202507_full_N0_20250705_015003.zip
2025-08-16 14:37:22,674 - INFO - EXCLUIR: emp4138_H_202507_full_N0_20250706_014942.zip
2025-08-16 14:37:22,686 - INFO - EXCLUIR: emp4138_H_202507_full_N0_20250707_014827.zip
2025-08-16 14:37:22,693 - INFO - EXCLUIR: emp4138_H_202507_full_N0_20250708_014850.zip
2025-08-16 14:37:22,699 - INFO - EXCLUIR: emp4138_H_202507_full_N0_20250709_014931.zip
2025-08-16 14:37:22,703 - INFO - EXCLUIR: emp4138_H_202507_full_N0_20250710_015127.zip
2025-08-16 14:37:22,706 - INFO - EXCLUIR: emp4138_H_202507_full_N0_20250711_014959.zip
2025-08-16 14:37:22,711 - INFO - EXCLUIR: emp4138_H_202507_full_N0_20250712_015048.zip
2025-08-16 14:37:22,717 - INFO - EXCLUIR: emp4138_H_202507_full_N0_20250713_015209.zip
2025-08-16 14:37:22,724 - INFO - EXCLUIR: emp4138_H_202507_full_N0_20250714_015024.zip
2025-08-16 14:37:22,728 - INFO - EXCLUIR: emp4138_H_202507_full_N0_20250715_015046.zip
2025-08-16 14:37:22,736 - INFO - EXCLUIR: emp4138_H_202507_full_N0_20250716_015209.zip
2025-08-16 14:37:22,740 - INFO - EXCLUIR: emp4138_H_202507_full_N0_20250717_015237.zip
2025-08-16 14:37:22,754 - INFO - EXCLUIR: emp4138_H_202507_full_N0_20250718_015158.zip
2025-08-16 14:37:22,759 - INFO - EXCLUIR: emp4138_H_202507_full_N0_20250719_015204.zip
2025-08-16 14:37:22,763 - INFO - EXCLUIR: emp4138_H_202507_full_N0_20250720_015145.zip
2025-08-16 14:37:22,767 - INFO - EXCLUIR: emp4138_H_202507_full_N0_20250721_015243.zip
2025-08-16 14:37:22,772 - INFO - EXCLUIR: emp4138_H_202507_full_N0_20250722_015250.zip
2025-08-16 14:37:22,779 - INFO - EXCLUIR: emp4138_H_202507_full_N0_20250723_015214.zip
2025-08-16 14:37:22,788 - INFO - EXCLUIR: emp4138_H_202507_full_N0_20250724_015903.zip
2025-08-16 14:37:22,792 - INFO - EXCLUIR: emp4138_H_202507_full_N0_20250725_015143.zip
2025-08-16 14:37:22,801 - INFO - EXCLUIR: emp4138_H_202507_full_N0_20250726_015218.zip
2025-08-16 14:37:22,805 - INFO - EXCLUIR: emp4138_H_202507_full_N0_20250727_015308.zip
2025-08-16 14:37:22,811 - INFO - EXCLUIR: emp4138_H_202507_full_N0_20250728_015117.zip
2025-08-16 14:37:22,817 - INFO - EXCLUIR: emp4138_H_202507_full_N0_20250729_015231.zip
2025-08-16 14:37:22,822 - INFO - EXCLUIR: emp4138_H_202507_full_N0_20250730_015445.zip
2025-08-16 14:37:22,826 - INFO - EXCLUIR: emp4138_H_202507_full_N0_20250731_015430.zip
2025-08-16 14:37:22,830 - INFO - 
--- Grupo: emp4138_H_202508 (15 arquivos) ---
2025-08-16 14:37:22,835 - INFO - MANTER: emp4138_H_202508_full_N0_20250816_015127.zip
2025-08-16 14:37:22,841 - INFO - EXCLUIR: emp4138_H_202508_full_N0_20250802_014943.zip
2025-08-16 14:37:22,853 - INFO - EXCLUIR: emp4138_H_202508_full_N0_20250803_014843.zip
2025-08-16 14:37:22,858 - INFO - EXCLUIR: emp4138_H_202508_full_N0_20250804_015029.zip
2025-08-16 14:37:22,862 - INFO - EXCLUIR: emp4138_H_202508_full_N0_20250805_015301.zip
2025-08-16 14:37:22,866 - INFO - EXCLUIR: emp4138_H_202508_full_N0_20250806_015544.zip
2025-08-16 14:37:22,870 - INFO - EXCLUIR: emp4138_H_202508_full_N0_20250807_015703.zip
2025-08-16 14:37:22,876 - INFO - EXCLUIR: emp4138_H_202508_full_N0_20250808_015252.zip
2025-08-16 14:37:22,881 - INFO - EXCLUIR: emp4138_H_202508_full_N0_20250809_020010.zip
2025-08-16 14:37:22,892 - INFO - EXCLUIR: emp4138_H_202508_full_N0_20250810_015552.zip
2025-08-16 14:37:22,896 - INFO - EXCLUIR: emp4138_H_202508_full_N0_20250811_015253.zip
2025-08-16 14:37:22,909 - INFO - EXCLUIR: emp4138_H_202508_full_N0_20250812_015354.zip
2025-08-16 14:37:22,917 - INFO - EXCLUIR: emp4138_H_202508_full_N0_20250813_015351.zip
2025-08-16 14:37:22,922 - INFO - EXCLUIR: emp4138_H_202508_full_N0_20250814_015251.zip
2025-08-16 14:37:22,927 - INFO - EXCLUIR: emp4138_H_202508_full_N0_20250815_015202.zip
2025-08-16 14:37:22,944 - INFO - 
--- Grupo: emp4435_H_202305 (2 arquivos) ---
2025-08-16 14:37:22,958 - INFO - MANTER: emp4435_H_202305_full_N0_20240121_032122.zip
2025-08-16 14:37:22,982 - INFO - EXCLUIR: emp4435_H_202305_full_N0_20231220_022950.zip
2025-08-16 14:37:22,990 - INFO - 
--- Grupo: emp4435_H_202306 (2 arquivos) ---
2025-08-16 14:37:23,002 - INFO - MANTER: emp4435_H_202306_full_N0_20240121_032118.zip
2025-08-16 14:37:23,008 - INFO - EXCLUIR: emp4435_H_202306_full_N0_20231220_022945.zip
2025-08-16 14:37:23,013 - INFO - 
--- Grupo: emp4435_H_202307 (2 arquivos) ---
2025-08-16 14:37:23,018 - INFO - MANTER: emp4435_H_202307_full_N0_20240121_032117.zip
2025-08-16 14:37:23,023 - INFO - EXCLUIR: emp4435_H_202307_full_N0_20231220_022942.zip
2025-08-16 14:37:23,033 - INFO - 
--- Grupo: emp4435_H_202308 (2 arquivos) ---
2025-08-16 14:37:23,042 - INFO - MANTER: emp4435_H_202308_full_N0_20240121_032125.zip
2025-08-16 14:37:23,047 - INFO - EXCLUIR: emp4435_H_202308_full_N0_20231220_022953.zip
2025-08-16 14:37:23,060 - INFO - 
--- Grupo: emp4435_H_202309 (2 arquivos) ---
2025-08-16 14:37:23,081 - INFO - MANTER: emp4435_H_202309_full_N0_20240121_032124.zip
2025-08-16 14:37:23,085 - INFO - EXCLUIR: emp4435_H_202309_full_N0_20231220_022952.zip
2025-08-16 14:37:23,098 - INFO - 
--- Grupo: emp4435_H_202310 (2 arquivos) ---
2025-08-16 14:37:23,116 - INFO - MANTER: emp4435_H_202310_full_N0_20240121_032119.zip
2025-08-16 14:37:23,120 - INFO - EXCLUIR: emp4435_H_202310_full_N0_20231220_022946.zip
2025-08-16 14:37:23,126 - INFO - 
--- Grupo: emp4435_H_202311 (2 arquivos) ---
2025-08-16 14:37:23,131 - INFO - MANTER: emp4435_H_202311_full_N0_20240121_032121.zip
2025-08-16 14:37:23,136 - INFO - EXCLUIR: emp4435_H_202311_full_N0_20231220_022948.zip
2025-08-16 14:37:23,141 - INFO - 
--- Grupo: emp4435_H_202312 (1 arquivo, nada a fazer) ---
2025-08-16 14:37:23,146 - INFO - MANTER: emp4435_H_202312_full_N0_20240210_022101.zip
2025-08-16 14:37:23,150 - INFO - 
--- Grupo: emp4435_H_202401 (1 arquivo, nada a fazer) ---
2025-08-16 14:37:23,159 - INFO - MANTER: emp4435_H_202401_full_N0_20240210_022101.zip
2025-08-16 14:37:23,165 - INFO - 
--- Grupo: emp4435_H_202402 (20 arquivos) ---
2025-08-16 14:37:23,170 - INFO - MANTER: emp4435_H_202402_full_N0_20240301_022922.zip
2025-08-16 14:37:23,174 - INFO - EXCLUIR: emp4435_H_202402_full_N0_20240210_022102.zip
2025-08-16 14:37:23,178 - INFO - EXCLUIR: emp4435_H_202402_full_N0_20240211_041223.zip
2025-08-16 14:37:23,182 - INFO - EXCLUIR: emp4435_H_202402_full_N0_20240212_043523.zip
2025-08-16 14:37:23,189 - INFO - EXCLUIR: emp4435_H_202402_full_N0_20240213_041418.zip
2025-08-16 14:37:23,195 - INFO - EXCLUIR: emp4435_H_202402_full_N0_20240215_023051.zip
2025-08-16 14:37:23,200 - INFO - EXCLUIR: emp4435_H_202402_full_N0_20240216_022550.zip
2025-08-16 14:37:23,211 - INFO - EXCLUIR: emp4435_H_202402_full_N0_20240217_023048.zip
2025-08-16 14:37:23,218 - INFO - EXCLUIR: emp4435_H_202402_full_N0_20240218_023045.zip
2025-08-16 14:37:23,225 - INFO - EXCLUIR: emp4435_H_202402_full_N0_20240219_022613.zip
2025-08-16 14:37:23,230 - INFO - EXCLUIR: emp4435_H_202402_full_N0_20240220_023108.zip
2025-08-16 14:37:23,235 - INFO - EXCLUIR: emp4435_H_202402_full_N0_20240221_022929.zip
2025-08-16 14:37:23,239 - INFO - EXCLUIR: emp4435_H_202402_full_N0_20240222_022501.zip
2025-08-16 14:37:23,243 - INFO - EXCLUIR: emp4435_H_202402_full_N0_20240223_022836.zip
2025-08-16 14:37:23,252 - INFO - EXCLUIR: emp4435_H_202402_full_N0_20240224_022851.zip
2025-08-16 14:37:23,261 - INFO - EXCLUIR: emp4435_H_202402_full_N0_20240225_022342.zip
2025-08-16 14:37:23,265 - INFO - EXCLUIR: emp4435_H_202402_full_N0_20240226_022903.zip
2025-08-16 14:37:23,270 - INFO - EXCLUIR: emp4435_H_202402_full_N0_20240227_022913.zip
2025-08-16 14:37:23,275 - INFO - EXCLUIR: emp4435_H_202402_full_N0_20240228_022432.zip
2025-08-16 14:37:23,280 - INFO - EXCLUIR: emp4435_H_202402_full_N0_20240229_022913.zip
2025-08-16 14:37:23,285 - INFO - 
--- Grupo: emp4435_H_202403 (29 arquivos) ---
2025-08-16 14:37:23,291 - INFO - MANTER: emp4435_H_202403_full_N0_20240915_115905.zip
2025-08-16 14:37:23,298 - INFO - EXCLUIR: emp4435_H_202403_full_N0_20240305_022500.zip
2025-08-16 14:37:23,302 - INFO - EXCLUIR: emp4435_H_202403_full_N0_20240306_023004.zip
2025-08-16 14:37:23,306 - INFO - EXCLUIR: emp4435_H_202403_full_N0_20240307_022927.zip
2025-08-16 14:37:23,314 - INFO - EXCLUIR: emp4435_H_202403_full_N0_20240308_022455.zip
2025-08-16 14:37:23,319 - INFO - EXCLUIR: emp4435_H_202403_full_N0_20240309_022950.zip
2025-08-16 14:37:23,324 - INFO - EXCLUIR: emp4435_H_202403_full_N0_20240310_022959.zip
2025-08-16 14:37:23,328 - INFO - EXCLUIR: emp4435_H_202403_full_N0_20240311_022449.zip
2025-08-16 14:37:23,332 - INFO - EXCLUIR: emp4435_H_202403_full_N0_20240312_023024.zip
2025-08-16 14:37:23,337 - INFO - EXCLUIR: emp4435_H_202403_full_N0_20240313_023004.zip
2025-08-16 14:37:23,345 - INFO - EXCLUIR: emp4435_H_202403_full_N0_20240314_022630.zip
2025-08-16 14:37:23,350 - INFO - EXCLUIR: emp4435_H_202403_full_N0_20240315_023229.zip
2025-08-16 14:37:23,355 - INFO - EXCLUIR: emp4435_H_202403_full_N0_20240316_023350.zip
2025-08-16 14:37:23,365 - INFO - EXCLUIR: emp4435_H_202403_full_N0_20240317_022957.zip
2025-08-16 14:37:23,369 - INFO - EXCLUIR: emp4435_H_202403_full_N0_20240318_023111.zip
2025-08-16 14:37:23,376 - INFO - EXCLUIR: emp4435_H_202403_full_N0_20240319_023054.zip
2025-08-16 14:37:23,381 - INFO - EXCLUIR: emp4435_H_202403_full_N0_20240320_022701.zip
2025-08-16 14:37:23,386 - INFO - EXCLUIR: emp4435_H_202403_full_N0_20240321_023307.zip
2025-08-16 14:37:23,390 - INFO - EXCLUIR: emp4435_H_202403_full_N0_20240322_023248.zip
2025-08-16 14:37:23,397 - INFO - EXCLUIR: emp4435_H_202403_full_N0_20240323_023238.zip
2025-08-16 14:37:23,405 - INFO - EXCLUIR: emp4435_H_202403_full_N0_20240324_023228.zip
2025-08-16 14:37:23,417 - INFO - EXCLUIR: emp4435_H_202403_full_N0_20240325_023251.zip
2025-08-16 14:37:23,421 - INFO - EXCLUIR: emp4435_H_202403_full_N0_20240326_023034.zip
2025-08-16 14:37:23,424 - INFO - EXCLUIR: emp4435_H_202403_full_N0_20240327_023345.zip
2025-08-16 14:37:23,428 - INFO - EXCLUIR: emp4435_H_202403_full_N0_20240328_023338.zip
2025-08-16 14:37:23,432 - INFO - EXCLUIR: emp4435_H_202403_full_N0_20240329_023414.zip
2025-08-16 14:37:23,437 - INFO - EXCLUIR: emp4435_H_202403_full_N0_20240330_023414.zip
2025-08-16 14:37:23,443 - INFO - EXCLUIR: emp4435_H_202403_full_N0_20240331_023356.zip
2025-08-16 14:37:23,447 - INFO - EXCLUIR: emp4435_H_202403_full_N0_20240401_023400.zip
2025-08-16 14:37:23,451 - INFO - 
--- Grupo: emp4435_H_202404 (31 arquivos) ---
2025-08-16 14:37:23,455 - INFO - MANTER: emp4435_H_202404_full_N0_20240915_115905.zip
2025-08-16 14:37:23,459 - INFO - EXCLUIR: emp4435_H_202404_full_N0_20240402_022912.zip
2025-08-16 14:37:23,479 - INFO - EXCLUIR: emp4435_H_202404_full_N0_20240403_022947.zip
2025-08-16 14:37:23,483 - INFO - EXCLUIR: emp4435_H_202404_full_N0_20240404_022419.zip
2025-08-16 14:37:23,487 - INFO - EXCLUIR: emp4435_H_202404_full_N0_20240405_022956.zip
2025-08-16 14:37:23,491 - INFO - EXCLUIR: emp4435_H_202404_full_N0_20240406_022956.zip
2025-08-16 14:37:23,495 - INFO - EXCLUIR: emp4435_H_202404_full_N0_20240407_022934.zip
2025-08-16 14:37:23,504 - INFO - EXCLUIR: emp4435_H_202404_full_N0_20240408_023017.zip
2025-08-16 14:37:23,509 - INFO - EXCLUIR: emp4435_H_202404_full_N0_20240409_023036.zip
2025-08-16 14:37:23,525 - INFO - EXCLUIR: emp4435_H_202404_full_N0_20240410_022603.zip
2025-08-16 14:37:23,532 - INFO - EXCLUIR: emp4435_H_202404_full_N0_20240411_023100.zip
2025-08-16 14:37:23,537 - INFO - EXCLUIR: emp4435_H_202404_full_N0_20240412_023036.zip
2025-08-16 14:37:23,542 - INFO - EXCLUIR: emp4435_H_202404_full_N0_20240413_022754.zip
2025-08-16 14:37:23,546 - INFO - EXCLUIR: emp4435_H_202404_full_N0_20240414_023042.zip
2025-08-16 14:37:23,555 - INFO - EXCLUIR: emp4435_H_202404_full_N0_20240415_023105.zip
2025-08-16 14:37:23,560 - INFO - EXCLUIR: emp4435_H_202404_full_N0_20240416_023118.zip
2025-08-16 14:37:23,570 - INFO - EXCLUIR: emp4435_H_202404_full_N0_20240417_023117.zip
2025-08-16 14:37:23,575 - INFO - EXCLUIR: emp4435_H_202404_full_N0_20240418_023201.zip
2025-08-16 14:37:23,579 - INFO - EXCLUIR: emp4435_H_202404_full_N0_20240419_023215.zip
2025-08-16 14:37:23,584 - INFO - EXCLUIR: emp4435_H_202404_full_N0_20240420_023232.zip
2025-08-16 14:37:23,588 - INFO - EXCLUIR: emp4435_H_202404_full_N0_20240421_023236.zip
2025-08-16 14:37:23,594 - INFO - EXCLUIR: emp4435_H_202404_full_N0_20240422_023037.zip
2025-08-16 14:37:23,611 - INFO - EXCLUIR: emp4435_H_202404_full_N0_20240423_023324.zip
2025-08-16 14:37:23,623 - INFO - EXCLUIR: emp4435_H_202404_full_N0_20240424_023341.zip
2025-08-16 14:37:23,631 - INFO - EXCLUIR: emp4435_H_202404_full_N0_20240425_023114.zip
2025-08-16 14:37:23,635 - INFO - EXCLUIR: emp4435_H_202404_full_N0_20240426_023420.zip
2025-08-16 14:37:23,641 - INFO - EXCLUIR: emp4435_H_202404_full_N0_20240427_023423.zip
2025-08-16 14:37:23,645 - INFO - EXCLUIR: emp4435_H_202404_full_N0_20240428_023029.zip
2025-08-16 14:37:23,650 - INFO - EXCLUIR: emp4435_H_202404_full_N0_20240429_022915.zip
2025-08-16 14:37:23,658 - INFO - EXCLUIR: emp4435_H_202404_full_N0_20240430_023419.zip
2025-08-16 14:37:23,665 - INFO - EXCLUIR: emp4435_H_202404_full_N0_20240501_023434.zip
2025-08-16 14:37:23,672 - INFO - 
--- Grupo: emp4435_H_202405 (26 arquivos) ---
2025-08-16 14:37:23,676 - INFO - MANTER: emp4435_H_202405_full_N0_20240915_115906.zip
2025-08-16 14:37:23,680 - INFO - EXCLUIR: emp4435_H_202405_full_N0_20240502_022423.zip
2025-08-16 14:37:23,686 - INFO - EXCLUIR: emp4435_H_202405_full_N0_20240503_023008.zip
2025-08-16 14:37:23,693 - INFO - EXCLUIR: emp4435_H_202405_full_N0_20240504_022937.zip
2025-08-16 14:37:23,705 - INFO - EXCLUIR: emp4435_H_202405_full_N0_20240505_022422.zip
2025-08-16 14:37:23,709 - INFO - EXCLUIR: emp4435_H_202405_full_N0_20240506_022506.zip
2025-08-16 14:37:23,714 - INFO - EXCLUIR: emp4435_H_202405_full_N0_20240507_022948.zip
2025-08-16 14:37:23,721 - INFO - EXCLUIR: emp4435_H_202405_full_N0_20240508_022426.zip
2025-08-16 14:37:23,726 - INFO - EXCLUIR: emp4435_H_202405_full_N0_20240509_023017.zip
2025-08-16 14:37:23,730 - INFO - EXCLUIR: emp4435_H_202405_full_N0_20240510_022942.zip
2025-08-16 14:37:23,735 - INFO - EXCLUIR: emp4435_H_202405_full_N0_20240511_022429.zip
2025-08-16 14:37:23,739 - INFO - EXCLUIR: emp4435_H_202405_full_N0_20240512_023030.zip
2025-08-16 14:37:23,743 - INFO - EXCLUIR: emp4435_H_202405_full_N0_20240519_023127.zip
2025-08-16 14:37:23,748 - INFO - EXCLUIR: emp4435_H_202405_full_N0_20240520_023146.zip
2025-08-16 14:37:23,754 - INFO - EXCLUIR: emp4435_H_202405_full_N0_20240521_023225.zip
2025-08-16 14:37:23,764 - INFO - EXCLUIR: emp4435_H_202405_full_N0_20240522_023240.zip
2025-08-16 14:37:23,769 - INFO - EXCLUIR: emp4435_H_202405_full_N0_20240523_023300.zip
2025-08-16 14:37:23,777 - INFO - EXCLUIR: emp4435_H_202405_full_N0_20240524_023315.zip
2025-08-16 14:37:23,782 - INFO - EXCLUIR: emp4435_H_202405_full_N0_20240525_023315.zip
2025-08-16 14:37:23,788 - INFO - EXCLUIR: emp4435_H_202405_full_N0_20240526_023259.zip
2025-08-16 14:37:23,792 - INFO - EXCLUIR: emp4435_H_202405_full_N0_20240527_023329.zip
2025-08-16 14:37:23,797 - INFO - EXCLUIR: emp4435_H_202405_full_N0_20240528_023347.zip
2025-08-16 14:37:23,802 - INFO - EXCLUIR: emp4435_H_202405_full_N0_20240529_023220.zip
2025-08-16 14:37:23,817 - INFO - EXCLUIR: emp4435_H_202405_full_N0_20240530_023331.zip
2025-08-16 14:37:23,831 - INFO - EXCLUIR: emp4435_H_202405_full_N0_20240531_023400.zip
2025-08-16 14:37:23,836 - INFO - EXCLUIR: emp4435_H_202405_full_N0_20240601_023402.zip
2025-08-16 14:37:23,840 - INFO - 
--- Grupo: emp4435_H_202406 (31 arquivos) ---
2025-08-16 14:37:23,847 - INFO - MANTER: emp4435_H_202406_full_N0_20240915_115906.zip
2025-08-16 14:37:23,853 - INFO - EXCLUIR: emp4435_H_202406_full_N0_20240602_022941.zip
2025-08-16 14:37:23,856 - INFO - EXCLUIR: emp4435_H_202406_full_N0_20240603_023036.zip
2025-08-16 14:37:23,864 - INFO - EXCLUIR: emp4435_H_202406_full_N0_20240604_022531.zip
2025-08-16 14:37:23,868 - INFO - EXCLUIR: emp4435_H_202406_full_N0_20240605_023036.zip
2025-08-16 14:37:23,881 - INFO - EXCLUIR: emp4435_H_202406_full_N0_20240606_023047.zip
2025-08-16 14:37:23,886 - INFO - EXCLUIR: emp4435_H_202406_full_N0_20240607_022909.zip
2025-08-16 14:37:23,890 - INFO - EXCLUIR: emp4435_H_202406_full_N0_20240608_023052.zip
2025-08-16 14:37:23,894 - INFO - EXCLUIR: emp4435_H_202406_full_N0_20240609_023114.zip
2025-08-16 14:37:23,899 - INFO - EXCLUIR: emp4435_H_202406_full_N0_20240610_023122.zip
2025-08-16 14:37:23,905 - INFO - EXCLUIR: emp4435_H_202406_full_N0_20240611_022909.zip
2025-08-16 14:37:23,912 - INFO - EXCLUIR: emp4435_H_202406_full_N0_20240612_023149.zip
2025-08-16 14:37:23,918 - INFO - EXCLUIR: emp4435_H_202406_full_N0_20240613_023200.zip
2025-08-16 14:37:23,927 - INFO - EXCLUIR: emp4435_H_202406_full_N0_20240614_023143.zip
2025-08-16 14:37:23,932 - INFO - EXCLUIR: emp4435_H_202406_full_N0_20240615_023211.zip
2025-08-16 14:37:23,939 - INFO - EXCLUIR: emp4435_H_202406_full_N0_20240616_022709.zip
2025-08-16 14:37:23,945 - INFO - EXCLUIR: emp4435_H_202406_full_N0_20240617_023252.zip
2025-08-16 14:37:23,949 - INFO - EXCLUIR: emp4435_H_202406_full_N0_20240618_023308.zip
2025-08-16 14:37:23,952 - INFO - EXCLUIR: emp4435_H_202406_full_N0_20240619_022740.zip
2025-08-16 14:37:23,957 - INFO - EXCLUIR: emp4435_H_202406_full_N0_20240620_023257.zip
2025-08-16 14:37:23,965 - INFO - EXCLUIR: emp4435_H_202406_full_N0_20240621_023207.zip
2025-08-16 14:37:23,978 - INFO - EXCLUIR: emp4435_H_202406_full_N0_20240622_022849.zip
2025-08-16 14:37:23,982 - INFO - EXCLUIR: emp4435_H_202406_full_N0_20240623_023408.zip
2025-08-16 14:37:23,986 - INFO - EXCLUIR: emp4435_H_202406_full_N0_20240624_023413.zip
2025-08-16 14:37:23,991 - INFO - EXCLUIR: emp4435_H_202406_full_N0_20240625_022935.zip
2025-08-16 14:37:23,995 - INFO - EXCLUIR: emp4435_H_202406_full_N0_20240626_023514.zip
2025-08-16 14:37:24,007 - INFO - EXCLUIR: emp4435_H_202406_full_N0_20240627_023500.zip
2025-08-16 14:37:24,035 - INFO - EXCLUIR: emp4435_H_202406_full_N0_20240628_023555.zip
2025-08-16 14:37:24,043 - INFO - EXCLUIR: emp4435_H_202406_full_N0_20240629_023522.zip
2025-08-16 14:37:24,049 - INFO - EXCLUIR: emp4435_H_202406_full_N0_20240630_023548.zip
2025-08-16 14:37:24,058 - INFO - EXCLUIR: emp4435_H_202406_full_N0_20240701_023553.zip
2025-08-16 14:37:24,070 - INFO - 
--- Grupo: emp4435_H_202407 (32 arquivos) ---
2025-08-16 14:37:24,082 - INFO - MANTER: emp4435_H_202407_full_N0_20240915_115906.zip
2025-08-16 14:37:24,091 - INFO - EXCLUIR: emp4435_H_202407_full_N0_20240702_023039.zip
2025-08-16 14:37:24,105 - INFO - EXCLUIR: emp4435_H_202407_full_N0_20240703_022906.zip
2025-08-16 14:37:24,115 - INFO - EXCLUIR: emp4435_H_202407_full_N0_20240704_023100.zip
2025-08-16 14:37:24,130 - INFO - EXCLUIR: emp4435_H_202407_full_N0_20240705_023132.zip
2025-08-16 14:37:24,138 - INFO - EXCLUIR: emp4435_H_202407_full_N0_20240706_023121.zip
2025-08-16 14:37:24,153 - INFO - EXCLUIR: emp4435_H_202407_full_N0_20240707_022547.zip
2025-08-16 14:37:24,159 - INFO - EXCLUIR: emp4435_H_202407_full_N0_20240708_023145.zip
2025-08-16 14:37:24,165 - INFO - EXCLUIR: emp4435_H_202407_full_N0_20240709_023153.zip
2025-08-16 14:37:24,170 - INFO - EXCLUIR: emp4435_H_202407_full_N0_20240710_022944.zip
2025-08-16 14:37:24,174 - INFO - EXCLUIR: emp4435_H_202407_full_N0_20240711_023154.zip
2025-08-16 14:37:24,187 - INFO - EXCLUIR: emp4435_H_202407_full_N0_20240712_023300.zip
2025-08-16 14:37:24,193 - INFO - EXCLUIR: emp4435_H_202407_full_N0_20240713_022853.zip
2025-08-16 14:37:24,198 - INFO - EXCLUIR: emp4435_H_202407_full_N0_20240714_023223.zip
2025-08-16 14:37:24,209 - INFO - EXCLUIR: emp4435_H_202407_full_N0_20240715_023353.zip
2025-08-16 14:37:24,220 - INFO - EXCLUIR: emp4435_H_202407_full_N0_20240716_023014.zip
2025-08-16 14:37:24,227 - INFO - EXCLUIR: emp4435_H_202407_full_N0_20240717_023455.zip
2025-08-16 14:37:24,241 - INFO - EXCLUIR: emp4435_H_202407_full_N0_20240718_023321.zip
2025-08-16 14:37:24,246 - INFO - EXCLUIR: emp4435_H_202407_full_N0_20240719_023040.zip
2025-08-16 14:37:24,253 - INFO - EXCLUIR: emp4435_H_202407_full_N0_20240720_023445.zip
2025-08-16 14:37:24,258 - INFO - EXCLUIR: emp4435_H_202407_full_N0_20240721_023433.zip
2025-08-16 14:37:24,262 - INFO - EXCLUIR: emp4435_H_202407_full_N0_20240722_022950.zip
2025-08-16 14:37:24,268 - INFO - EXCLUIR: emp4435_H_202407_full_N0_20240723_023500.zip
2025-08-16 14:37:24,273 - INFO - EXCLUIR: emp4435_H_202407_full_N0_20240724_023502.zip
2025-08-16 14:37:24,280 - INFO - EXCLUIR: emp4435_H_202407_full_N0_20240725_023200.zip
2025-08-16 14:37:24,293 - INFO - EXCLUIR: emp4435_H_202407_full_N0_20240726_023532.zip
2025-08-16 14:37:24,297 - INFO - EXCLUIR: emp4435_H_202407_full_N0_20240727_023527.zip
2025-08-16 14:37:24,302 - INFO - EXCLUIR: emp4435_H_202407_full_N0_20240728_022942.zip
2025-08-16 14:37:24,306 - INFO - EXCLUIR: emp4435_H_202407_full_N0_20240729_023634.zip
2025-08-16 14:37:24,314 - INFO - EXCLUIR: emp4435_H_202407_full_N0_20240730_023632.zip
2025-08-16 14:37:24,322 - INFO - EXCLUIR: emp4435_H_202407_full_N0_20240731_023216.zip
2025-08-16 14:37:24,326 - INFO - EXCLUIR: emp4435_H_202407_full_N0_20240801_023715.zip
2025-08-16 14:37:24,330 - INFO - 
--- Grupo: emp4435_H_202408 (32 arquivos) ---
2025-08-16 14:37:24,346 - INFO - MANTER: emp4435_H_202408_full_N0_20240915_115905.zip
2025-08-16 14:37:24,351 - INFO - EXCLUIR: emp4435_H_202408_full_N0_20240802_023057.zip
2025-08-16 14:37:24,356 - INFO - EXCLUIR: emp4435_H_202408_full_N0_20240803_023125.zip
2025-08-16 14:37:24,360 - INFO - EXCLUIR: emp4435_H_202408_full_N0_20240804_023137.zip
2025-08-16 14:37:24,364 - INFO - EXCLUIR: emp4435_H_202408_full_N0_20240805_023156.zip
2025-08-16 14:37:24,368 - INFO - EXCLUIR: emp4435_H_202408_full_N0_20240806_023139.zip
2025-08-16 14:37:24,375 - INFO - EXCLUIR: emp4435_H_202408_full_N0_20240807_023016.zip
2025-08-16 14:37:24,380 - INFO - EXCLUIR: emp4435_H_202408_full_N0_20240808_022729.zip
2025-08-16 14:37:24,396 - INFO - EXCLUIR: emp4435_H_202408_full_N0_20240809_023225.zip
2025-08-16 14:37:24,400 - INFO - EXCLUIR: emp4435_H_202408_full_N0_20240810_023212.zip
2025-08-16 14:37:24,409 - INFO - EXCLUIR: emp4435_H_202408_full_N0_20240811_023211.zip
2025-08-16 14:37:24,414 - INFO - EXCLUIR: emp4435_H_202408_full_N0_20240812_023206.zip
2025-08-16 14:37:24,421 - INFO - EXCLUIR: emp4435_H_202408_full_N0_20240813_023315.zip
2025-08-16 14:37:24,427 - INFO - EXCLUIR: emp4435_H_202408_full_N0_20240814_023310.zip
2025-08-16 14:37:24,432 - INFO - EXCLUIR: emp4435_H_202408_full_N0_20240815_023345.zip
2025-08-16 14:37:24,442 - INFO - EXCLUIR: emp4435_H_202408_full_N0_20240816_023317.zip
2025-08-16 14:37:24,447 - INFO - EXCLUIR: emp4435_H_202408_full_N0_20240817_023315.zip
2025-08-16 14:37:24,451 - INFO - EXCLUIR: emp4435_H_202408_full_N0_20240818_023306.zip
2025-08-16 14:37:24,455 - INFO - EXCLUIR: emp4435_H_202408_full_N0_20240819_023328.zip
2025-08-16 14:37:24,459 - INFO - EXCLUIR: emp4435_H_202408_full_N0_20240820_023027.zip
2025-08-16 14:37:24,464 - INFO - EXCLUIR: emp4435_H_202408_full_N0_20240821_023456.zip
2025-08-16 14:37:24,469 - INFO - EXCLUIR: emp4435_H_202408_full_N0_20240822_023448.zip
2025-08-16 14:37:24,477 - INFO - EXCLUIR: emp4435_H_202408_full_N0_20240823_023521.zip
2025-08-16 14:37:24,481 - INFO - EXCLUIR: emp4435_H_202408_full_N0_20240824_023546.zip
2025-08-16 14:37:24,492 - INFO - EXCLUIR: emp4435_H_202408_full_N0_20240825_023544.zip
2025-08-16 14:37:24,499 - INFO - EXCLUIR: emp4435_H_202408_full_N0_20240826_022939.zip
2025-08-16 14:37:24,505 - INFO - EXCLUIR: emp4435_H_202408_full_N0_20240827_023614.zip
2025-08-16 14:37:24,510 - INFO - EXCLUIR: emp4435_H_202408_full_N0_20240828_023613.zip
2025-08-16 14:37:24,514 - INFO - EXCLUIR: emp4435_H_202408_full_N0_20240829_023639.zip
2025-08-16 14:37:24,524 - INFO - EXCLUIR: emp4435_H_202408_full_N0_20240830_023653.zip
2025-08-16 14:37:24,530 - INFO - EXCLUIR: emp4435_H_202408_full_N0_20240831_023641.zip
2025-08-16 14:37:24,536 - INFO - EXCLUIR: emp4435_H_202408_full_N0_20240901_023253.zip
2025-08-16 14:37:24,543 - INFO - 
--- Grupo: emp4435_H_202409 (18 arquivos) ---
2025-08-16 14:37:24,547 - INFO - MANTER: emp4435_H_202409_full_N0_20241001_020503.zip
2025-08-16 14:37:24,553 - INFO - EXCLUIR: emp4435_H_202409_full_N0_20240902_023129.zip
2025-08-16 14:37:24,557 - INFO - EXCLUIR: emp4435_H_202409_full_N0_20240903_023137.zip
2025-08-16 14:37:24,563 - INFO - EXCLUIR: emp4435_H_202409_full_N0_20240904_022520.zip
2025-08-16 14:37:24,569 - INFO - EXCLUIR: emp4435_H_202409_full_N0_20240905_023219.zip
2025-08-16 14:37:24,573 - INFO - EXCLUIR: emp4435_H_202409_full_N0_20240906_023243.zip
2025-08-16 14:37:24,578 - INFO - EXCLUIR: emp4435_H_202409_full_N0_20240907_022708.zip
2025-08-16 14:37:24,582 - INFO - EXCLUIR: emp4435_H_202409_full_N0_20240908_023242.zip
2025-08-16 14:37:24,586 - INFO - EXCLUIR: emp4435_H_202409_full_N0_20240909_023222.zip
2025-08-16 14:37:24,593 - INFO - EXCLUIR: emp4435_H_202409_full_N0_20240910_022528.zip
2025-08-16 14:37:24,598 - INFO - EXCLUIR: emp4435_H_202409_full_N0_20240911_023240.zip
2025-08-16 14:37:24,602 - INFO - EXCLUIR: emp4435_H_202409_full_N0_20240912_023346.zip
2025-08-16 14:37:24,607 - INFO - EXCLUIR: emp4435_H_202409_full_N0_20240913_022742.zip
2025-08-16 14:37:24,611 - INFO - EXCLUIR: emp4435_H_202409_full_N0_20240914_023428.zip
2025-08-16 14:37:24,616 - INFO - EXCLUIR: emp4435_H_202409_full_N0_20240915_023412.zip
2025-08-16 14:37:24,620 - INFO - EXCLUIR: emp4435_H_202409_full_N0_20240928_020430.zip
2025-08-16 14:37:24,646 - INFO - EXCLUIR: emp4435_H_202409_full_N0_20240929_020220.zip
2025-08-16 14:37:24,650 - INFO - EXCLUIR: emp4435_H_202409_full_N0_20240930_020225.zip
2025-08-16 14:37:24,659 - INFO - 
--- Grupo: emp4435_H_202410 (28 arquivos) ---
2025-08-16 14:37:24,664 - INFO - MANTER: emp4435_H_202410_full_N0_20241101_014640.zip
2025-08-16 14:37:24,669 - INFO - EXCLUIR: emp4435_H_202410_full_N0_20241002_020009.zip
2025-08-16 14:37:24,673 - INFO - EXCLUIR: emp4435_H_202410_full_N0_20241003_020111.zip
2025-08-16 14:37:24,685 - INFO - EXCLUIR: emp4435_H_202410_full_N0_20241004_020137.zip
2025-08-16 14:37:24,695 - INFO - EXCLUIR: emp4435_H_202410_full_N0_20241005_015937.zip
2025-08-16 14:37:24,699 - INFO - EXCLUIR: emp4435_H_202410_full_N0_20241006_015911.zip
2025-08-16 14:37:24,703 - INFO - EXCLUIR: emp4435_H_202410_full_N0_20241007_015903.zip
2025-08-16 14:37:24,708 - INFO - EXCLUIR: emp4435_H_202410_full_N0_20241008_020029.zip
2025-08-16 14:37:24,712 - INFO - EXCLUIR: emp4435_H_202410_full_N0_20241009_020229.zip
2025-08-16 14:37:24,718 - INFO - EXCLUIR: emp4435_H_202410_full_N0_20241010_015945.zip
2025-08-16 14:37:24,723 - INFO - EXCLUIR: emp4435_H_202410_full_N0_20241011_015736.zip
2025-08-16 14:37:24,731 - INFO - EXCLUIR: emp4435_H_202410_full_N0_20241012_015815.zip
2025-08-16 14:37:24,736 - INFO - EXCLUIR: emp4435_H_202410_full_N0_20241013_015815.zip
2025-08-16 14:37:24,752 - INFO - EXCLUIR: emp4435_H_202410_full_N0_20241014_015813.zip
2025-08-16 14:37:24,758 - INFO - EXCLUIR: emp4435_H_202410_full_N0_20241015_015732.zip
2025-08-16 14:37:24,762 - INFO - EXCLUIR: emp4435_H_202410_full_N0_20241016_020548.zip
2025-08-16 14:37:24,766 - INFO - EXCLUIR: emp4435_H_202410_full_N0_20241017_015800.zip
2025-08-16 14:37:24,770 - INFO - EXCLUIR: emp4435_H_202410_full_N0_20241018_015918.zip
2025-08-16 14:37:24,775 - INFO - EXCLUIR: emp4435_H_202410_full_N0_20241019_015923.zip
2025-08-16 14:37:24,784 - INFO - EXCLUIR: emp4435_H_202410_full_N0_20241020_015823.zip
2025-08-16 14:37:24,789 - INFO - EXCLUIR: emp4435_H_202410_full_N0_20241021_015834.zip
2025-08-16 14:37:24,796 - INFO - EXCLUIR: emp4435_H_202410_full_N0_20241022_020127.zip
2025-08-16 14:37:24,800 - INFO - EXCLUIR: emp4435_H_202410_full_N0_20241023_020257.zip
2025-08-16 14:37:24,804 - INFO - EXCLUIR: emp4435_H_202410_full_N0_20241024_020719.zip
2025-08-16 14:37:24,811 - INFO - EXCLUIR: emp4435_H_202410_full_N0_20241025_020027.zip
2025-08-16 14:37:24,817 - INFO - EXCLUIR: emp4435_H_202410_full_N0_20241026_020033.zip
2025-08-16 14:37:24,823 - INFO - EXCLUIR: emp4435_H_202410_full_N0_20241027_015929.zip
2025-08-16 14:37:24,831 - INFO - EXCLUIR: emp4435_H_202410_full_N0_20241028_015947.zip
2025-08-16 14:37:24,836 - INFO - 
--- Grupo: emp4435_H_202411 (20 arquivos) ---
2025-08-16 14:37:24,843 - INFO - MANTER: emp4435_H_202411_full_N0_20241201_014505.zip
2025-08-16 14:37:24,852 - INFO - EXCLUIR: emp4435_H_202411_full_N0_20241111_014336.zip
2025-08-16 14:37:24,856 - INFO - EXCLUIR: emp4435_H_202411_full_N0_20241113_014343.zip
2025-08-16 14:37:24,861 - INFO - EXCLUIR: emp4435_H_202411_full_N0_20241114_014324.zip
2025-08-16 14:37:24,865 - INFO - EXCLUIR: emp4435_H_202411_full_N0_20241115_014331.zip
2025-08-16 14:37:24,869 - INFO - EXCLUIR: emp4435_H_202411_full_N0_20241116_014445.zip
2025-08-16 14:37:24,874 - INFO - EXCLUIR: emp4435_H_202411_full_N0_20241117_014436.zip
2025-08-16 14:37:24,880 - INFO - EXCLUIR: emp4435_H_202411_full_N0_20241118_031126.zip
2025-08-16 14:37:24,894 - INFO - EXCLUIR: emp4435_H_202411_full_N0_20241119_014341.zip
2025-08-16 14:37:24,900 - INFO - EXCLUIR: emp4435_H_202411_full_N0_20241120_014358.zip
2025-08-16 14:37:24,909 - INFO - EXCLUIR: emp4435_H_202411_full_N0_20241121_014449.zip
2025-08-16 14:37:24,915 - INFO - EXCLUIR: emp4435_H_202411_full_N0_20241122_014416.zip
2025-08-16 14:37:24,919 - INFO - EXCLUIR: emp4435_H_202411_full_N0_20241123_014410.zip
2025-08-16 14:37:24,924 - INFO - EXCLUIR: emp4435_H_202411_full_N0_20241124_014404.zip
2025-08-16 14:37:24,928 - INFO - EXCLUIR: emp4435_H_202411_full_N0_20241125_014405.zip
2025-08-16 14:37:24,938 - INFO - EXCLUIR: emp4435_H_202411_full_N0_20241126_014420.zip
2025-08-16 14:37:24,943 - INFO - EXCLUIR: emp4435_H_202411_full_N0_20241127_014449.zip
2025-08-16 14:37:24,960 - INFO - EXCLUIR: emp4435_H_202411_full_N0_20241128_014454.zip
2025-08-16 14:37:24,967 - INFO - EXCLUIR: emp4435_H_202411_full_N0_20241129_014502.zip
2025-08-16 14:37:24,972 - INFO - EXCLUIR: emp4435_H_202411_full_N0_20241130_014517.zip
2025-08-16 14:37:24,977 - INFO - 
--- Grupo: emp4435_H_202412 (30 arquivos) ---
2025-08-16 14:37:24,981 - INFO - MANTER: emp4435_H_202412_full_N0_20250101_014611.zip
2025-08-16 14:37:24,994 - INFO - EXCLUIR: emp4435_H_202412_full_N0_20241202_014249.zip
2025-08-16 14:37:25,015 - INFO - EXCLUIR: emp4435_H_202412_full_N0_20241203_014305.zip
2025-08-16 14:37:25,019 - INFO - EXCLUIR: emp4435_H_202412_full_N0_20241204_014335.zip
2025-08-16 14:37:25,023 - INFO - EXCLUIR: emp4435_H_202412_full_N0_20241205_014355.zip
2025-08-16 14:37:25,028 - INFO - EXCLUIR: emp4435_H_202412_full_N0_20241206_014359.zip
2025-08-16 14:37:25,038 - INFO - EXCLUIR: emp4435_H_202412_full_N0_20241207_014415.zip
2025-08-16 14:37:25,043 - INFO - EXCLUIR: emp4435_H_202412_full_N0_20241208_014333.zip
2025-08-16 14:37:25,047 - INFO - EXCLUIR: emp4435_H_202412_full_N0_20241209_014338.zip
2025-08-16 14:37:25,069 - INFO - EXCLUIR: emp4435_H_202412_full_N0_20241210_014352.zip
2025-08-16 14:37:25,074 - INFO - EXCLUIR: emp4435_H_202412_full_N0_20241211_014437.zip
2025-08-16 14:37:25,079 - INFO - EXCLUIR: emp4435_H_202412_full_N0_20241212_014416.zip
2025-08-16 14:37:25,083 - INFO - EXCLUIR: emp4435_H_202412_full_N0_20241213_014447.zip
2025-08-16 14:37:25,092 - INFO - EXCLUIR: emp4435_H_202412_full_N0_20241214_014431.zip
2025-08-16 14:37:25,099 - INFO - EXCLUIR: emp4435_H_202412_full_N0_20241215_014448.zip
2025-08-16 14:37:25,106 - INFO - EXCLUIR: emp4435_H_202412_full_N0_20241217_014510.zip
2025-08-16 14:37:25,110 - INFO - EXCLUIR: emp4435_H_202412_full_N0_20241218_014511.zip
2025-08-16 14:37:25,114 - INFO - EXCLUIR: emp4435_H_202412_full_N0_20241219_014525.zip
2025-08-16 14:37:25,126 - INFO - EXCLUIR: emp4435_H_202412_full_N0_20241220_014546.zip
2025-08-16 14:37:25,154 - INFO - EXCLUIR: emp4435_H_202412_full_N0_20241221_014554.zip
2025-08-16 14:37:25,163 - INFO - EXCLUIR: emp4435_H_202412_full_N0_20241222_014547.zip
2025-08-16 14:37:25,176 - INFO - EXCLUIR: emp4435_H_202412_full_N0_20241223_014605.zip
2025-08-16 14:37:25,181 - INFO - EXCLUIR: emp4435_H_202412_full_N0_20241224_014540.zip
2025-08-16 14:37:25,194 - INFO - EXCLUIR: emp4435_H_202412_full_N0_20241225_014630.zip
2025-08-16 14:37:25,200 - INFO - EXCLUIR: emp4435_H_202412_full_N0_20241226_014602.zip
2025-08-16 14:37:25,211 - INFO - EXCLUIR: emp4435_H_202412_full_N0_20241227_014631.zip
2025-08-16 14:37:25,219 - INFO - EXCLUIR: emp4435_H_202412_full_N0_20241228_014644.zip
2025-08-16 14:37:25,225 - INFO - EXCLUIR: emp4435_H_202412_full_N0_20241229_014546.zip
2025-08-16 14:37:25,231 - INFO - EXCLUIR: emp4435_H_202412_full_N0_20241230_014631.zip
2025-08-16 14:37:25,259 - INFO - EXCLUIR: emp4435_H_202412_full_N0_20241231_014545.zip
2025-08-16 14:37:25,263 - INFO - 
--- Grupo: emp4435_H_202501 (29 arquivos) ---
2025-08-16 14:37:25,268 - INFO - MANTER: emp4435_H_202501_full_N0_20250201_014728.zip
2025-08-16 14:37:25,274 - INFO - EXCLUIR: emp4435_H_202501_full_N0_20250102_014336.zip
2025-08-16 14:37:25,280 - INFO - EXCLUIR: emp4435_H_202501_full_N0_20250103_014335.zip
2025-08-16 14:37:25,286 - INFO - EXCLUIR: emp4435_H_202501_full_N0_20250104_014410.zip
2025-08-16 14:37:25,292 - INFO - EXCLUIR: emp4435_H_202501_full_N0_20250105_014352.zip
2025-08-16 14:37:25,299 - INFO - EXCLUIR: emp4435_H_202501_full_N0_20250106_014346.zip
2025-08-16 14:37:25,303 - INFO - EXCLUIR: emp4435_H_202501_full_N0_20250107_014359.zip
2025-08-16 14:37:25,316 - INFO - EXCLUIR: emp4435_H_202501_full_N0_20250108_014523.zip
2025-08-16 14:37:25,322 - INFO - EXCLUIR: emp4435_H_202501_full_N0_20250109_014421.zip
2025-08-16 14:37:25,327 - INFO - EXCLUIR: emp4435_H_202501_full_N0_20250110_014435.zip
2025-08-16 14:37:25,331 - INFO - EXCLUIR: emp4435_H_202501_full_N0_20250111_014453.zip
2025-08-16 14:37:25,335 - INFO - EXCLUIR: emp4435_H_202501_full_N0_20250112_014601.zip
2025-08-16 14:37:25,360 - INFO - EXCLUIR: emp4435_H_202501_full_N0_20250114_223337.zip
2025-08-16 14:37:25,365 - INFO - EXCLUIR: emp4435_H_202501_full_N0_20250116_014507.zip
2025-08-16 14:37:25,372 - INFO - EXCLUIR: emp4435_H_202501_full_N0_20250117_014454.zip
2025-08-16 14:37:25,378 - INFO - EXCLUIR: emp4435_H_202501_full_N0_20250118_014511.zip
2025-08-16 14:37:25,383 - INFO - EXCLUIR: emp4435_H_202501_full_N0_20250119_014506.zip
2025-08-16 14:37:25,388 - INFO - EXCLUIR: emp4435_H_202501_full_N0_20250120_014525.zip
2025-08-16 14:37:25,392 - INFO - EXCLUIR: emp4435_H_202501_full_N0_20250121_014512.zip
2025-08-16 14:37:25,413 - INFO - EXCLUIR: emp4435_H_202501_full_N0_20250122_014648.zip
2025-08-16 14:37:25,418 - INFO - EXCLUIR: emp4435_H_202501_full_N0_20250123_014529.zip
2025-08-16 14:37:25,422 - INFO - EXCLUIR: emp4435_H_202501_full_N0_20250124_014536.zip
2025-08-16 14:37:25,426 - INFO - EXCLUIR: emp4435_H_202501_full_N0_20250125_014546.zip
2025-08-16 14:37:25,431 - INFO - EXCLUIR: emp4435_H_202501_full_N0_20250126_014535.zip
2025-08-16 14:37:25,436 - INFO - EXCLUIR: emp4435_H_202501_full_N0_20250127_014555.zip
2025-08-16 14:37:25,442 - INFO - EXCLUIR: emp4435_H_202501_full_N0_20250128_014609.zip
2025-08-16 14:37:25,448 - INFO - EXCLUIR: emp4435_H_202501_full_N0_20250129_014856.zip
2025-08-16 14:37:25,453 - INFO - EXCLUIR: emp4435_H_202501_full_N0_20250130_014700.zip
2025-08-16 14:37:25,471 - INFO - EXCLUIR: emp4435_H_202501_full_N0_20250131_014658.zip
2025-08-16 14:37:25,479 - INFO - 
--- Grupo: emp4435_H_202502 (28 arquivos) ---
2025-08-16 14:37:25,483 - INFO - MANTER: emp4435_H_202502_full_N0_20250301_014833.zip
2025-08-16 14:37:25,487 - INFO - EXCLUIR: emp4435_H_202502_full_N0_20250202_014624.zip
2025-08-16 14:37:25,492 - INFO - EXCLUIR: emp4435_H_202502_full_N0_20250203_014545.zip
2025-08-16 14:37:25,498 - INFO - EXCLUIR: emp4435_H_202502_full_N0_20250204_014457.zip
2025-08-16 14:37:25,503 - INFO - EXCLUIR: emp4435_H_202502_full_N0_20250205_014444.zip
2025-08-16 14:37:25,508 - INFO - EXCLUIR: emp4435_H_202502_full_N0_20250206_014632.zip
2025-08-16 14:37:25,515 - INFO - EXCLUIR: emp4435_H_202502_full_N0_20250207_014532.zip
2025-08-16 14:37:25,519 - INFO - EXCLUIR: emp4435_H_202502_full_N0_20250208_014608.zip
2025-08-16 14:37:25,532 - INFO - EXCLUIR: emp4435_H_202502_full_N0_20250209_014659.zip
2025-08-16 14:37:25,537 - INFO - EXCLUIR: emp4435_H_202502_full_N0_20250210_014644.zip
2025-08-16 14:37:25,541 - INFO - EXCLUIR: emp4435_H_202502_full_N0_20250211_014553.zip
2025-08-16 14:37:25,558 - INFO - EXCLUIR: emp4435_H_202502_full_N0_20250212_014516.zip
2025-08-16 14:37:25,569 - INFO - EXCLUIR: emp4435_H_202502_full_N0_20250213_014615.zip
2025-08-16 14:37:25,575 - INFO - EXCLUIR: emp4435_H_202502_full_N0_20250214_014654.zip
2025-08-16 14:37:25,579 - INFO - EXCLUIR: emp4435_H_202502_full_N0_20250215_014554.zip
2025-08-16 14:37:25,586 - INFO - EXCLUIR: emp4435_H_202502_full_N0_20250216_014646.zip
2025-08-16 14:37:25,597 - INFO - EXCLUIR: emp4435_H_202502_full_N0_20250217_014548.zip
2025-08-16 14:37:25,602 - INFO - EXCLUIR: emp4435_H_202502_full_N0_20250218_014707.zip
2025-08-16 14:37:25,607 - INFO - EXCLUIR: emp4435_H_202502_full_N0_20250219_014654.zip
2025-08-16 14:37:25,611 - INFO - EXCLUIR: emp4435_H_202502_full_N0_20250220_014636.zip
2025-08-16 14:37:25,618 - INFO - EXCLUIR: emp4435_H_202502_full_N0_20250221_014901.zip
2025-08-16 14:37:25,623 - INFO - EXCLUIR: emp4435_H_202502_full_N0_20250222_014733.zip
2025-08-16 14:37:25,630 - INFO - EXCLUIR: emp4435_H_202502_full_N0_20250223_014806.zip
2025-08-16 14:37:25,634 - INFO - EXCLUIR: emp4435_H_202502_full_N0_20250224_014817.zip
2025-08-16 14:37:25,638 - INFO - EXCLUIR: emp4435_H_202502_full_N0_20250225_014654.zip
2025-08-16 14:37:25,643 - INFO - EXCLUIR: emp4435_H_202502_full_N0_20250226_014808.zip
2025-08-16 14:37:25,651 - INFO - EXCLUIR: emp4435_H_202502_full_N0_20250227_014759.zip
2025-08-16 14:37:25,657 - INFO - EXCLUIR: emp4435_H_202502_full_N0_20250228_014955.zip
2025-08-16 14:37:25,677 - INFO - 
--- Grupo: emp4435_H_202503 (31 arquivos) ---
2025-08-16 14:37:25,682 - INFO - MANTER: emp4435_H_202503_full_N0_20250401_015019.zip
2025-08-16 14:37:25,687 - INFO - EXCLUIR: emp4435_H_202503_full_N0_20250302_014554.zip
2025-08-16 14:37:25,694 - INFO - EXCLUIR: emp4435_H_202503_full_N0_20250303_014519.zip
2025-08-16 14:37:25,698 - INFO - EXCLUIR: emp4435_H_202503_full_N0_20250304_014453.zip
2025-08-16 14:37:25,704 - INFO - EXCLUIR: emp4435_H_202503_full_N0_20250305_014559.zip
2025-08-16 14:37:25,709 - INFO - EXCLUIR: emp4435_H_202503_full_N0_20250306_014846.zip
2025-08-16 14:37:25,720 - INFO - EXCLUIR: emp4435_H_202503_full_N0_20250307_014651.zip
2025-08-16 14:37:25,726 - INFO - EXCLUIR: emp4435_H_202503_full_N0_20250308_014544.zip
2025-08-16 14:37:25,731 - INFO - EXCLUIR: emp4435_H_202503_full_N0_20250309_014734.zip
2025-08-16 14:37:25,735 - INFO - EXCLUIR: emp4435_H_202503_full_N0_20250310_014713.zip
2025-08-16 14:37:25,739 - INFO - EXCLUIR: emp4435_H_202503_full_N0_20250311_014618.zip
2025-08-16 14:37:25,743 - INFO - EXCLUIR: emp4435_H_202503_full_N0_20250312_014743.zip
2025-08-16 14:37:25,759 - INFO - EXCLUIR: emp4435_H_202503_full_N0_20250313_014612.zip
2025-08-16 14:37:25,764 - INFO - EXCLUIR: emp4435_H_202503_full_N0_20250314_014641.zip
2025-08-16 14:37:25,772 - INFO - EXCLUIR: emp4435_H_202503_full_N0_20250315_014624.zip
2025-08-16 14:37:25,776 - INFO - EXCLUIR: emp4435_H_202503_full_N0_20250316_014652.zip
2025-08-16 14:37:25,783 - INFO - EXCLUIR: emp4435_H_202503_full_N0_20250317_014749.zip
2025-08-16 14:37:25,788 - INFO - EXCLUIR: emp4435_H_202503_full_N0_20250318_014702.zip
2025-08-16 14:37:25,792 - INFO - EXCLUIR: emp4435_H_202503_full_N0_20250319_014748.zip
2025-08-16 14:37:25,797 - INFO - EXCLUIR: emp4435_H_202503_full_N0_20250320_014751.zip
2025-08-16 14:37:25,801 - INFO - EXCLUIR: emp4435_H_202503_full_N0_20250321_014810.zip
2025-08-16 14:37:25,806 - INFO - EXCLUIR: emp4435_H_202503_full_N0_20250322_014811.zip
2025-08-16 14:37:25,811 - INFO - EXCLUIR: emp4435_H_202503_full_N0_20250323_014652.zip
2025-08-16 14:37:25,823 - INFO - EXCLUIR: emp4435_H_202503_full_N0_20250324_014732.zip
2025-08-16 14:37:25,827 - INFO - EXCLUIR: emp4435_H_202503_full_N0_20250325_014857.zip
2025-08-16 14:37:25,832 - INFO - EXCLUIR: emp4435_H_202503_full_N0_20250326_014835.zip
2025-08-16 14:37:25,836 - INFO - EXCLUIR: emp4435_H_202503_full_N0_20250327_015455.zip
2025-08-16 14:37:25,842 - INFO - EXCLUIR: emp4435_H_202503_full_N0_20250328_014935.zip
2025-08-16 14:37:25,848 - INFO - EXCLUIR: emp4435_H_202503_full_N0_20250329_015218.zip
2025-08-16 14:37:25,874 - INFO - EXCLUIR: emp4435_H_202503_full_N0_20250330_015133.zip
2025-08-16 14:37:25,883 - INFO - EXCLUIR: emp4435_H_202503_full_N0_20250331_014846.zip
2025-08-16 14:37:25,888 - INFO - 
--- Grupo: emp4435_H_202504 (30 arquivos) ---
2025-08-16 14:37:25,893 - INFO - MANTER: emp4435_H_202504_full_N0_20250501_020130.zip
2025-08-16 14:37:25,910 - INFO - EXCLUIR: emp4435_H_202504_full_N0_20250402_014941.zip
2025-08-16 14:37:25,929 - INFO - EXCLUIR: emp4435_H_202504_full_N0_20250403_014630.zip
2025-08-16 14:37:25,933 - INFO - EXCLUIR: emp4435_H_202504_full_N0_20250404_014627.zip
2025-08-16 14:37:25,940 - INFO - EXCLUIR: emp4435_H_202504_full_N0_20250405_014704.zip
2025-08-16 14:37:25,948 - INFO - EXCLUIR: emp4435_H_202504_full_N0_20250406_014749.zip
2025-08-16 14:37:25,952 - INFO - EXCLUIR: emp4435_H_202504_full_N0_20250407_014733.zip
2025-08-16 14:37:25,960 - INFO - EXCLUIR: emp4435_H_202504_full_N0_20250408_015153.zip
2025-08-16 14:37:25,965 - INFO - EXCLUIR: emp4435_H_202504_full_N0_20250409_014916.zip
2025-08-16 14:37:25,977 - INFO - EXCLUIR: emp4435_H_202504_full_N0_20250410_014844.zip
2025-08-16 14:37:25,981 - INFO - EXCLUIR: emp4435_H_202504_full_N0_20250411_015024.zip
2025-08-16 14:37:25,986 - INFO - EXCLUIR: emp4435_H_202504_full_N0_20250412_015210.zip
2025-08-16 14:37:25,990 - INFO - EXCLUIR: emp4435_H_202504_full_N0_20250413_014758.zip
2025-08-16 14:37:25,994 - INFO - EXCLUIR: emp4435_H_202504_full_N0_20250414_014732.zip
2025-08-16 14:37:25,999 - INFO - EXCLUIR: emp4435_H_202504_full_N0_20250415_014908.zip
2025-08-16 14:37:26,005 - INFO - EXCLUIR: emp4435_H_202504_full_N0_20250416_015153.zip
2025-08-16 14:37:26,011 - INFO - EXCLUIR: emp4435_H_202504_full_N0_20250417_015015.zip
2025-08-16 14:37:26,016 - INFO - EXCLUIR: emp4435_H_202504_full_N0_20250418_014959.zip
2025-08-16 14:37:26,020 - INFO - EXCLUIR: emp4435_H_202504_full_N0_20250419_015137.zip
2025-08-16 14:37:26,026 - INFO - EXCLUIR: emp4435_H_202504_full_N0_20250420_015231.zip
2025-08-16 14:37:26,030 - INFO - EXCLUIR: emp4435_H_202504_full_N0_20250421_014920.zip
2025-08-16 14:37:26,036 - INFO - EXCLUIR: emp4435_H_202504_full_N0_20250422_014845.zip
2025-08-16 14:37:26,040 - INFO - EXCLUIR: emp4435_H_202504_full_N0_20250423_015140.zip
2025-08-16 14:37:26,044 - INFO - EXCLUIR: emp4435_H_202504_full_N0_20250424_015204.zip
2025-08-16 14:37:26,052 - INFO - EXCLUIR: emp4435_H_202504_full_N0_20250425_014910.zip
2025-08-16 14:37:26,072 - INFO - EXCLUIR: emp4435_H_202504_full_N0_20250426_014907.zip
2025-08-16 14:37:26,084 - INFO - EXCLUIR: emp4435_H_202504_full_N0_20250427_014847.zip
2025-08-16 14:37:26,092 - INFO - EXCLUIR: emp4435_H_202504_full_N0_20250428_014937.zip
2025-08-16 14:37:26,097 - INFO - EXCLUIR: emp4435_H_202504_full_N0_20250429_014943.zip
2025-08-16 14:37:26,102 - INFO - EXCLUIR: emp4435_H_202504_full_N0_20250430_015158.zip
2025-08-16 14:37:26,106 - INFO - 
--- Grupo: emp4435_H_202505 (28 arquivos) ---
2025-08-16 14:37:26,120 - INFO - MANTER: emp4435_H_202505_full_N0_20250601_014935.zip
2025-08-16 14:37:26,128 - INFO - EXCLUIR: emp4435_H_202505_full_N0_20250502_014918.zip
2025-08-16 14:37:26,133 - INFO - EXCLUIR: emp4435_H_202505_full_N0_20250503_015503.zip
2025-08-16 14:37:26,140 - INFO - EXCLUIR: emp4435_H_202505_full_N0_20250504_015308.zip
2025-08-16 14:37:26,145 - INFO - EXCLUIR: emp4435_H_202505_full_N0_20250505_015814.zip
2025-08-16 14:37:26,149 - INFO - EXCLUIR: emp4435_H_202505_full_N0_20250507_015040.zip
2025-08-16 14:37:26,155 - INFO - EXCLUIR: emp4435_H_202505_full_N0_20250509_015234.zip
2025-08-16 14:37:26,162 - INFO - EXCLUIR: emp4435_H_202505_full_N0_20250510_015536.zip
2025-08-16 14:37:26,167 - INFO - EXCLUIR: emp4435_H_202505_full_N0_20250511_015621.zip
2025-08-16 14:37:26,171 - INFO - EXCLUIR: emp4435_H_202505_full_N0_20250512_015409.zip
2025-08-16 14:37:26,181 - INFO - EXCLUIR: emp4435_H_202505_full_N0_20250513_015627.zip
2025-08-16 14:37:26,190 - INFO - EXCLUIR: emp4435_H_202505_full_N0_20250514_015636.zip
2025-08-16 14:37:26,195 - INFO - EXCLUIR: emp4435_H_202505_full_N0_20250515_015507.zip
2025-08-16 14:37:26,199 - INFO - EXCLUIR: emp4435_H_202505_full_N0_20250516_015409.zip
2025-08-16 14:37:26,204 - INFO - EXCLUIR: emp4435_H_202505_full_N0_20250517_015736.zip
2025-08-16 14:37:26,208 - INFO - EXCLUIR: emp4435_H_202505_full_N0_20250518_015359.zip
2025-08-16 14:37:26,213 - INFO - EXCLUIR: emp4435_H_202505_full_N0_20250519_015607.zip
2025-08-16 14:37:26,219 - INFO - EXCLUIR: emp4435_H_202505_full_N0_20250520_015435.zip
2025-08-16 14:37:26,225 - INFO - EXCLUIR: emp4435_H_202505_full_N0_20250521_015421.zip
2025-08-16 14:37:26,232 - INFO - EXCLUIR: emp4435_H_202505_full_N0_20250522_015711.zip
2025-08-16 14:37:26,237 - INFO - EXCLUIR: emp4435_H_202505_full_N0_20250523_015608.zip
2025-08-16 14:37:26,241 - INFO - EXCLUIR: emp4435_H_202505_full_N0_20250524_015728.zip
2025-08-16 14:37:26,245 - INFO - EXCLUIR: emp4435_H_202505_full_N0_20250525_015437.zip
2025-08-16 14:37:26,250 - INFO - EXCLUIR: emp4435_H_202505_full_N0_20250526_015700.zip
2025-08-16 14:37:26,256 - INFO - EXCLUIR: emp4435_H_202505_full_N0_20250527_015343.zip
2025-08-16 14:37:26,265 - INFO - EXCLUIR: emp4435_H_202505_full_N0_20250528_015437.zip
2025-08-16 14:37:26,270 - INFO - EXCLUIR: emp4435_H_202505_full_N0_20250529_015437.zip
2025-08-16 14:37:26,275 - INFO - EXCLUIR: emp4435_H_202505_full_N0_20250531_015428.zip
2025-08-16 14:37:26,290 - INFO - 
--- Grupo: emp4435_H_202506 (26 arquivos) ---
2025-08-16 14:37:26,298 - INFO - MANTER: emp4435_H_202506_full_N0_20250701_015333.zip
2025-08-16 14:37:26,313 - INFO - EXCLUIR: emp4435_H_202506_full_N0_20250602_014827.zip
2025-08-16 14:37:26,322 - INFO - EXCLUIR: emp4435_H_202506_full_N0_20250603_015053.zip
2025-08-16 14:37:26,333 - INFO - EXCLUIR: emp4435_H_202506_full_N0_20250604_015341.zip
2025-08-16 14:37:26,340 - INFO - EXCLUIR: emp4435_H_202506_full_N0_20250605_014943.zip
2025-08-16 14:37:26,347 - INFO - EXCLUIR: emp4435_H_202506_full_N0_20250606_015056.zip
2025-08-16 14:37:26,353 - INFO - EXCLUIR: emp4435_H_202506_full_N0_20250607_015949.zip
2025-08-16 14:37:26,369 - INFO - EXCLUIR: emp4435_H_202506_full_N0_20250608_015802.zip
2025-08-16 14:37:26,377 - INFO - EXCLUIR: emp4435_H_202506_full_N0_20250609_015944.zip
2025-08-16 14:37:26,387 - INFO - EXCLUIR: emp4435_H_202506_full_N0_20250610_020235.zip
2025-08-16 14:37:26,392 - INFO - EXCLUIR: emp4435_H_202506_full_N0_20250612_014858.zip
2025-08-16 14:37:26,396 - INFO - EXCLUIR: emp4435_H_202506_full_N0_20250613_015407.zip
2025-08-16 14:37:26,401 - INFO - EXCLUIR: emp4435_H_202506_full_N0_20250614_015817.zip
2025-08-16 14:37:26,409 - INFO - EXCLUIR: emp4435_H_202506_full_N0_20250615_015842.zip
2025-08-16 14:37:26,421 - INFO - EXCLUIR: emp4435_H_202506_full_N0_20250617_014919.zip
2025-08-16 14:37:26,427 - INFO - EXCLUIR: emp4435_H_202506_full_N0_20250618_014933.zip
2025-08-16 14:37:26,437 - INFO - EXCLUIR: emp4435_H_202506_full_N0_20250619_014934.zip
2025-08-16 14:37:26,456 - INFO - EXCLUIR: emp4435_H_202506_full_N0_20250620_015202.zip
2025-08-16 14:37:26,461 - INFO - EXCLUIR: emp4435_H_202506_full_N0_20250621_015413.zip
2025-08-16 14:37:26,466 - INFO - EXCLUIR: emp4435_H_202506_full_N0_20250622_020008.zip
2025-08-16 14:37:26,477 - INFO - EXCLUIR: emp4435_H_202506_full_N0_20250624_015100.zip
2025-08-16 14:37:26,488 - INFO - EXCLUIR: emp4435_H_202506_full_N0_20250625_015821.zip
2025-08-16 14:37:26,494 - INFO - EXCLUIR: emp4435_H_202506_full_N0_20250626_020054.zip
2025-08-16 14:37:26,506 - INFO - EXCLUIR: emp4435_H_202506_full_N0_20250628_015228.zip
2025-08-16 14:37:26,512 - INFO - EXCLUIR: emp4435_H_202506_full_N0_20250629_015035.zip
2025-08-16 14:37:26,517 - INFO - EXCLUIR: emp4435_H_202506_full_N0_20250630_015055.zip
2025-08-16 14:37:26,523 - INFO - 
--- Grupo: emp4435_H_202507 (31 arquivos) ---
2025-08-16 14:37:26,528 - INFO - MANTER: emp4435_H_202507_full_N0_20250801_015443.zip
2025-08-16 14:37:26,532 - INFO - EXCLUIR: emp4435_H_202507_full_N0_20250702_015023.zip
2025-08-16 14:37:26,548 - INFO - EXCLUIR: emp4435_H_202507_full_N0_20250703_014831.zip
2025-08-16 14:37:26,552 - INFO - EXCLUIR: emp4435_H_202507_full_N0_20250704_014835.zip
2025-08-16 14:37:26,556 - INFO - EXCLUIR: emp4435_H_202507_full_N0_20250705_015003.zip
2025-08-16 14:37:26,563 - INFO - EXCLUIR: emp4435_H_202507_full_N0_20250706_014942.zip
2025-08-16 14:37:26,568 - INFO - EXCLUIR: emp4435_H_202507_full_N0_20250707_014827.zip
2025-08-16 14:37:26,575 - INFO - EXCLUIR: emp4435_H_202507_full_N0_20250708_014850.zip
2025-08-16 14:37:26,579 - INFO - EXCLUIR: emp4435_H_202507_full_N0_20250709_014931.zip
2025-08-16 14:37:26,582 - INFO - EXCLUIR: emp4435_H_202507_full_N0_20250710_015127.zip
2025-08-16 14:37:26,587 - INFO - EXCLUIR: emp4435_H_202507_full_N0_20250711_014959.zip
2025-08-16 14:37:26,591 - INFO - EXCLUIR: emp4435_H_202507_full_N0_20250712_015048.zip
2025-08-16 14:37:26,597 - INFO - EXCLUIR: emp4435_H_202507_full_N0_20250713_015209.zip
2025-08-16 14:37:26,602 - INFO - EXCLUIR: emp4435_H_202507_full_N0_20250714_015024.zip
2025-08-16 14:37:26,607 - INFO - EXCLUIR: emp4435_H_202507_full_N0_20250715_015047.zip
2025-08-16 14:37:26,610 - INFO - EXCLUIR: emp4435_H_202507_full_N0_20250716_015209.zip
2025-08-16 14:37:26,614 - INFO - EXCLUIR: emp4435_H_202507_full_N0_20250717_015237.zip
2025-08-16 14:37:26,618 - INFO - EXCLUIR: emp4435_H_202507_full_N0_20250718_015158.zip
2025-08-16 14:37:26,624 - INFO - EXCLUIR: emp4435_H_202507_full_N0_20250719_015204.zip
2025-08-16 14:37:26,630 - INFO - EXCLUIR: emp4435_H_202507_full_N0_20250720_015145.zip
2025-08-16 14:37:26,634 - INFO - EXCLUIR: emp4435_H_202507_full_N0_20250721_015243.zip
2025-08-16 14:37:26,639 - INFO - EXCLUIR: emp4435_H_202507_full_N0_20250722_015250.zip
2025-08-16 14:37:26,643 - INFO - EXCLUIR: emp4435_H_202507_full_N0_20250723_015214.zip
2025-08-16 14:37:26,647 - INFO - EXCLUIR: emp4435_H_202507_full_N0_20250724_015903.zip
2025-08-16 14:37:26,655 - INFO - EXCLUIR: emp4435_H_202507_full_N0_20250725_015143.zip
2025-08-16 14:37:26,661 - INFO - EXCLUIR: emp4435_H_202507_full_N0_20250726_015219.zip
2025-08-16 14:37:26,666 - INFO - EXCLUIR: emp4435_H_202507_full_N0_20250727_015308.zip
2025-08-16 14:37:26,670 - INFO - EXCLUIR: emp4435_H_202507_full_N0_20250728_015117.zip
2025-08-16 14:37:26,677 - INFO - EXCLUIR: emp4435_H_202507_full_N0_20250729_015231.zip
2025-08-16 14:37:26,686 - INFO - EXCLUIR: emp4435_H_202507_full_N0_20250730_015445.zip
2025-08-16 14:37:26,694 - INFO - EXCLUIR: emp4435_H_202507_full_N0_20250731_015430.zip
2025-08-16 14:37:26,699 - INFO - 
--- Grupo: emp4435_H_202508 (15 arquivos) ---
2025-08-16 14:37:26,704 - INFO - MANTER: emp4435_H_202508_full_N0_20250816_015127.zip
2025-08-16 14:37:26,712 - INFO - EXCLUIR: emp4435_H_202508_full_N0_20250802_014943.zip
2025-08-16 14:37:26,717 - INFO - EXCLUIR: emp4435_H_202508_full_N0_20250803_014843.zip
2025-08-16 14:37:26,722 - INFO - EXCLUIR: emp4435_H_202508_full_N0_20250804_015029.zip
2025-08-16 14:37:26,729 - INFO - EXCLUIR: emp4435_H_202508_full_N0_20250805_015301.zip
2025-08-16 14:37:26,733 - INFO - EXCLUIR: emp4435_H_202508_full_N0_20250806_015544.zip
2025-08-16 14:37:26,738 - INFO - EXCLUIR: emp4435_H_202508_full_N0_20250807_015703.zip
2025-08-16 14:37:26,742 - INFO - EXCLUIR: emp4435_H_202508_full_N0_20250808_015252.zip
2025-08-16 14:37:26,753 - INFO - EXCLUIR: emp4435_H_202508_full_N0_20250809_020010.zip
2025-08-16 14:37:26,758 - INFO - EXCLUIR: emp4435_H_202508_full_N0_20250810_015552.zip
2025-08-16 14:37:26,762 - INFO - EXCLUIR: emp4435_H_202508_full_N0_20250811_015253.zip
2025-08-16 14:37:26,769 - INFO - EXCLUIR: emp4435_H_202508_full_N0_20250812_015354.zip
2025-08-16 14:37:26,783 - INFO - EXCLUIR: emp4435_H_202508_full_N0_20250813_015352.zip
2025-08-16 14:37:26,788 - INFO - EXCLUIR: emp4435_H_202508_full_N0_20250814_015251.zip
2025-08-16 14:37:26,796 - INFO - EXCLUIR: emp4435_H_202508_full_N0_20250815_015202.zip
2025-08-16 14:37:26,800 - INFO - 
--- Grupo: emp62_H_202305 (2 arquivos) ---
2025-08-16 14:37:26,805 - INFO - MANTER: emp62_H_202305_full_N0_20240121_031923.zip
2025-08-16 14:37:26,814 - INFO - EXCLUIR: emp62_H_202305_full_N0_20231220_022727.zip
2025-08-16 14:37:26,819 - INFO - 
--- Grupo: emp62_H_202306 (2 arquivos) ---
2025-08-16 14:37:26,823 - INFO - MANTER: emp62_H_202306_full_N0_20240121_031924.zip
2025-08-16 14:37:26,834 - INFO - EXCLUIR: emp62_H_202306_full_N0_20231220_022729.zip
2025-08-16 14:37:26,838 - INFO - 
--- Grupo: emp62_H_202307 (2 arquivos) ---
2025-08-16 14:37:26,845 - INFO - MANTER: emp62_H_202307_full_N0_20240121_031927.zip
2025-08-16 14:37:26,850 - INFO - EXCLUIR: emp62_H_202307_full_N0_20231220_022732.zip
2025-08-16 14:37:26,854 - INFO - 
--- Grupo: emp62_H_202308 (2 arquivos) ---
2025-08-16 14:37:26,859 - INFO - MANTER: emp62_H_202308_full_N0_20240121_031931.zip
2025-08-16 14:37:26,863 - INFO - EXCLUIR: emp62_H_202308_full_N0_20231220_022738.zip
2025-08-16 14:37:26,867 - INFO - 
--- Grupo: emp62_H_202309 (2 arquivos) ---
2025-08-16 14:37:26,873 - INFO - MANTER: emp62_H_202309_full_N0_20240121_031930.zip
2025-08-16 14:37:26,885 - INFO - EXCLUIR: emp62_H_202309_full_N0_20231220_022736.zip
2025-08-16 14:37:26,889 - INFO - 
--- Grupo: emp62_H_202310 (2 arquivos) ---
2025-08-16 14:37:26,909 - INFO - MANTER: emp62_H_202310_full_N0_20240121_031928.zip
2025-08-16 14:37:26,915 - INFO - EXCLUIR: emp62_H_202310_full_N0_20231220_022734.zip
2025-08-16 14:37:26,920 - INFO - 
--- Grupo: emp62_H_202311 (2 arquivos) ---
2025-08-16 14:37:26,924 - INFO - MANTER: emp62_H_202311_full_N0_20240121_031926.zip
2025-08-16 14:37:26,930 - INFO - EXCLUIR: emp62_H_202311_full_N0_20231220_022731.zip
2025-08-16 14:37:26,935 - INFO - 
--- Grupo: emp62_H_202312 (2 arquivos) ---
2025-08-16 14:37:26,947 - INFO - MANTER: emp62_H_202312_full_N0_20240121_031921.zip
2025-08-16 14:37:26,951 - INFO - EXCLUIR: emp62_H_202312_full_N0_20240101_022802.zip
2025-08-16 14:37:26,956 - INFO - 
--- Grupo: emp62_H_202401 (3 arquivos) ---
2025-08-16 14:37:26,960 - INFO - MANTER: emp62_H_202401_full_N0_20240201_022108.zip
2025-08-16 14:37:26,964 - INFO - EXCLUIR: emp62_H_202401_full_N0_20240119_023238.zip
2025-08-16 14:37:26,970 - INFO - EXCLUIR: emp62_H_202401_full_N0_20240120_023240.zip
2025-08-16 14:37:26,976 - INFO - 
--- Grupo: emp62_H_202402 (27 arquivos) ---
2025-08-16 14:37:26,984 - INFO - MANTER: emp62_H_202402_full_N0_20240301_022922.zip
2025-08-16 14:37:26,988 - INFO - EXCLUIR: emp62_H_202402_full_N0_20240203_022601.zip
2025-08-16 14:37:26,993 - INFO - EXCLUIR: emp62_H_202402_full_N0_20240204_022144.zip
2025-08-16 14:37:27,007 - INFO - EXCLUIR: emp62_H_202402_full_N0_20240205_022603.zip
2025-08-16 14:37:27,011 - INFO - EXCLUIR: emp62_H_202402_full_N0_20240206_022605.zip
2025-08-16 14:37:27,016 - INFO - EXCLUIR: emp62_H_202402_full_N0_20240207_022141.zip
2025-08-16 14:37:27,020 - INFO - EXCLUIR: emp62_H_202402_full_N0_20240208_022625.zip
2025-08-16 14:37:27,024 - INFO - EXCLUIR: emp62_H_202402_full_N0_20240209_022615.zip
2025-08-16 14:37:27,029 - INFO - EXCLUIR: emp62_H_202402_full_N0_20240210_022101.zip
2025-08-16 14:37:27,036 - INFO - EXCLUIR: emp62_H_202402_full_N0_20240211_041223.zip
2025-08-16 14:37:27,041 - INFO - EXCLUIR: emp62_H_202402_full_N0_20240212_043523.zip
2025-08-16 14:37:27,047 - INFO - EXCLUIR: emp62_H_202402_full_N0_20240213_041416.zip
2025-08-16 14:37:27,055 - INFO - EXCLUIR: emp62_H_202402_full_N0_20240215_023050.zip
2025-08-16 14:37:27,060 - INFO - EXCLUIR: emp62_H_202402_full_N0_20240216_022550.zip
2025-08-16 14:37:27,067 - INFO - EXCLUIR: emp62_H_202402_full_N0_20240217_023048.zip
2025-08-16 14:37:27,073 - INFO - EXCLUIR: emp62_H_202402_full_N0_20240218_023045.zip
2025-08-16 14:37:27,077 - INFO - EXCLUIR: emp62_H_202402_full_N0_20240219_022613.zip
2025-08-16 14:37:27,094 - INFO - EXCLUIR: emp62_H_202402_full_N0_20240220_023108.zip
2025-08-16 14:37:27,109 - INFO - EXCLUIR: emp62_H_202402_full_N0_20240221_022929.zip
2025-08-16 14:37:27,114 - INFO - EXCLUIR: emp62_H_202402_full_N0_20240222_022501.zip
2025-08-16 14:37:27,122 - INFO - EXCLUIR: emp62_H_202402_full_N0_20240223_022836.zip
2025-08-16 14:37:27,127 - INFO - EXCLUIR: emp62_H_202402_full_N0_20240224_022851.zip
2025-08-16 14:37:27,133 - INFO - EXCLUIR: emp62_H_202402_full_N0_20240225_022342.zip
2025-08-16 14:37:27,145 - INFO - EXCLUIR: emp62_H_202402_full_N0_20240226_022903.zip
2025-08-16 14:37:27,157 - INFO - EXCLUIR: emp62_H_202402_full_N0_20240227_022913.zip
2025-08-16 14:37:27,166 - INFO - EXCLUIR: emp62_H_202402_full_N0_20240228_022432.zip
2025-08-16 14:37:27,170 - INFO - EXCLUIR: emp62_H_202402_full_N0_20240229_022913.zip
2025-08-16 14:37:27,174 - INFO - 
--- Grupo: emp62_H_202403 (29 arquivos) ---
2025-08-16 14:37:27,178 - INFO - MANTER: emp62_H_202403_full_N0_20240915_115903.zip
2025-08-16 14:37:27,186 - INFO - EXCLUIR: emp62_H_202403_full_N0_20240305_022455.zip
2025-08-16 14:37:27,194 - INFO - EXCLUIR: emp62_H_202403_full_N0_20240306_023004.zip
2025-08-16 14:37:27,199 - INFO - EXCLUIR: emp62_H_202403_full_N0_20240307_022927.zip
2025-08-16 14:37:27,210 - INFO - EXCLUIR: emp62_H_202403_full_N0_20240308_022454.zip
2025-08-16 14:37:27,217 - INFO - EXCLUIR: emp62_H_202403_full_N0_20240309_022950.zip
2025-08-16 14:37:27,222 - INFO - EXCLUIR: emp62_H_202403_full_N0_20240310_022959.zip
2025-08-16 14:37:27,227 - INFO - EXCLUIR: emp62_H_202403_full_N0_20240311_022449.zip
2025-08-16 14:37:27,232 - INFO - EXCLUIR: emp62_H_202403_full_N0_20240312_023024.zip
2025-08-16 14:37:27,237 - INFO - EXCLUIR: emp62_H_202403_full_N0_20240313_023003.zip
2025-08-16 14:37:27,241 - INFO - EXCLUIR: emp62_H_202403_full_N0_20240314_022630.zip
2025-08-16 14:37:27,249 - INFO - EXCLUIR: emp62_H_202403_full_N0_20240315_023228.zip
2025-08-16 14:37:27,258 - INFO - EXCLUIR: emp62_H_202403_full_N0_20240316_023349.zip
2025-08-16 14:37:27,262 - INFO - EXCLUIR: emp62_H_202403_full_N0_20240317_022956.zip
2025-08-16 14:37:27,266 - INFO - EXCLUIR: emp62_H_202403_full_N0_20240318_023111.zip
2025-08-16 14:37:27,271 - INFO - EXCLUIR: emp62_H_202403_full_N0_20240319_023054.zip
2025-08-16 14:37:27,275 - INFO - EXCLUIR: emp62_H_202403_full_N0_20240320_022700.zip
2025-08-16 14:37:27,282 - INFO - EXCLUIR: emp62_H_202403_full_N0_20240321_023307.zip
2025-08-16 14:37:27,291 - INFO - EXCLUIR: emp62_H_202403_full_N0_20240322_023248.zip
2025-08-16 14:37:27,296 - INFO - EXCLUIR: emp62_H_202403_full_N0_20240323_023238.zip
2025-08-16 14:37:27,311 - INFO - EXCLUIR: emp62_H_202403_full_N0_20240324_023228.zip
2025-08-16 14:37:27,317 - INFO - EXCLUIR: emp62_H_202403_full_N0_20240325_023251.zip
2025-08-16 14:37:27,322 - INFO - EXCLUIR: emp62_H_202403_full_N0_20240326_023034.zip
2025-08-16 14:37:27,332 - INFO - EXCLUIR: emp62_H_202403_full_N0_20240327_023344.zip
2025-08-16 14:37:27,336 - INFO - EXCLUIR: emp62_H_202403_full_N0_20240328_023338.zip
2025-08-16 14:37:27,345 - INFO - EXCLUIR: emp62_H_202403_full_N0_20240329_023413.zip
2025-08-16 14:37:27,350 - INFO - EXCLUIR: emp62_H_202403_full_N0_20240330_023414.zip
2025-08-16 14:37:27,356 - INFO - EXCLUIR: emp62_H_202403_full_N0_20240331_023356.zip
2025-08-16 14:37:27,360 - INFO - EXCLUIR: emp62_H_202403_full_N0_20240401_023400.zip
2025-08-16 14:37:27,364 - INFO - 
--- Grupo: emp62_H_202404 (31 arquivos) ---
2025-08-16 14:37:27,369 - INFO - MANTER: emp62_H_202404_full_N0_20240915_115903.zip
2025-08-16 14:37:27,374 - INFO - EXCLUIR: emp62_H_202404_full_N0_20240402_022912.zip
2025-08-16 14:37:27,384 - INFO - EXCLUIR: emp62_H_202404_full_N0_20240403_022947.zip
2025-08-16 14:37:27,397 - INFO - EXCLUIR: emp62_H_202404_full_N0_20240404_022419.zip
2025-08-16 14:37:27,419 - INFO - EXCLUIR: emp62_H_202404_full_N0_20240405_022956.zip
2025-08-16 14:37:27,424 - INFO - EXCLUIR: emp62_H_202404_full_N0_20240406_022956.zip
2025-08-16 14:37:27,431 - INFO - EXCLUIR: emp62_H_202404_full_N0_20240407_022934.zip
2025-08-16 14:37:27,440 - INFO - EXCLUIR: emp62_H_202404_full_N0_20240408_023017.zip
2025-08-16 14:37:27,447 - INFO - EXCLUIR: emp62_H_202404_full_N0_20240409_023036.zip
2025-08-16 14:37:27,452 - INFO - EXCLUIR: emp62_H_202404_full_N0_20240410_022603.zip
2025-08-16 14:37:27,470 - INFO - EXCLUIR: emp62_H_202404_full_N0_20240411_023100.zip
2025-08-16 14:37:27,479 - INFO - EXCLUIR: emp62_H_202404_full_N0_20240412_023036.zip
2025-08-16 14:37:27,493 - INFO - EXCLUIR: emp62_H_202404_full_N0_20240413_022754.zip
2025-08-16 14:37:27,502 - INFO - EXCLUIR: emp62_H_202404_full_N0_20240414_023041.zip
2025-08-16 14:37:27,509 - INFO - EXCLUIR: emp62_H_202404_full_N0_20240415_023105.zip
2025-08-16 14:37:27,514 - INFO - EXCLUIR: emp62_H_202404_full_N0_20240416_023117.zip
2025-08-16 14:37:27,518 - INFO - EXCLUIR: emp62_H_202404_full_N0_20240417_023117.zip
2025-08-16 14:37:27,522 - INFO - EXCLUIR: emp62_H_202404_full_N0_20240418_023200.zip
2025-08-16 14:37:27,526 - INFO - EXCLUIR: emp62_H_202404_full_N0_20240419_023214.zip
2025-08-16 14:37:27,532 - INFO - EXCLUIR: emp62_H_202404_full_N0_20240420_023232.zip
2025-08-16 14:37:27,537 - INFO - EXCLUIR: emp62_H_202404_full_N0_20240421_023235.zip
2025-08-16 14:37:27,541 - INFO - EXCLUIR: emp62_H_202404_full_N0_20240422_023036.zip
2025-08-16 14:37:27,546 - INFO - EXCLUIR: emp62_H_202404_full_N0_20240423_023324.zip
2025-08-16 14:37:27,552 - INFO - EXCLUIR: emp62_H_202404_full_N0_20240424_023341.zip
2025-08-16 14:37:27,556 - INFO - EXCLUIR: emp62_H_202404_full_N0_20240425_023113.zip
2025-08-16 14:37:27,564 - INFO - EXCLUIR: emp62_H_202404_full_N0_20240426_023420.zip
2025-08-16 14:37:27,569 - INFO - EXCLUIR: emp62_H_202404_full_N0_20240427_023422.zip
2025-08-16 14:37:27,574 - INFO - EXCLUIR: emp62_H_202404_full_N0_20240428_023028.zip
2025-08-16 14:37:27,578 - INFO - EXCLUIR: emp62_H_202404_full_N0_20240429_022915.zip
2025-08-16 14:37:27,582 - INFO - EXCLUIR: emp62_H_202404_full_N0_20240430_023419.zip
2025-08-16 14:37:27,586 - INFO - EXCLUIR: emp62_H_202404_full_N0_20240501_023434.zip
2025-08-16 14:37:27,591 - INFO - 
--- Grupo: emp62_H_202405 (26 arquivos) ---
2025-08-16 14:37:27,599 - INFO - MANTER: emp62_H_202405_full_N0_20240915_115904.zip
2025-08-16 14:37:27,604 - INFO - EXCLUIR: emp62_H_202405_full_N0_20240502_022423.zip
2025-08-16 14:37:27,615 - INFO - EXCLUIR: emp62_H_202405_full_N0_20240503_023007.zip
2025-08-16 14:37:27,620 - INFO - EXCLUIR: emp62_H_202405_full_N0_20240504_022936.zip
2025-08-16 14:37:27,626 - INFO - EXCLUIR: emp62_H_202405_full_N0_20240505_022422.zip
2025-08-16 14:37:27,631 - INFO - EXCLUIR: emp62_H_202405_full_N0_20240506_022506.zip
2025-08-16 14:37:27,637 - INFO - EXCLUIR: emp62_H_202405_full_N0_20240507_022948.zip
2025-08-16 14:37:27,641 - INFO - EXCLUIR: emp62_H_202405_full_N0_20240508_022426.zip
2025-08-16 14:37:27,645 - INFO - EXCLUIR: emp62_H_202405_full_N0_20240509_023017.zip
2025-08-16 14:37:27,655 - INFO - EXCLUIR: emp62_H_202405_full_N0_20240510_022942.zip
2025-08-16 14:37:27,664 - INFO - EXCLUIR: emp62_H_202405_full_N0_20240511_022429.zip
2025-08-16 14:37:27,669 - INFO - EXCLUIR: emp62_H_202405_full_N0_20240512_023030.zip
2025-08-16 14:37:27,674 - INFO - EXCLUIR: emp62_H_202405_full_N0_20240519_023126.zip
2025-08-16 14:37:27,679 - INFO - EXCLUIR: emp62_H_202405_full_N0_20240520_023146.zip
2025-08-16 14:37:27,682 - INFO - EXCLUIR: emp62_H_202405_full_N0_20240521_023225.zip
2025-08-16 14:37:27,688 - INFO - EXCLUIR: emp62_H_202405_full_N0_20240522_023240.zip
2025-08-16 14:37:27,693 - INFO - EXCLUIR: emp62_H_202405_full_N0_20240523_023300.zip
2025-08-16 14:37:27,701 - INFO - EXCLUIR: emp62_H_202405_full_N0_20240524_023315.zip
2025-08-16 14:37:27,705 - INFO - EXCLUIR: emp62_H_202405_full_N0_20240525_023314.zip
2025-08-16 14:37:27,711 - INFO - EXCLUIR: emp62_H_202405_full_N0_20240526_023259.zip
2025-08-16 14:37:27,719 - INFO - EXCLUIR: emp62_H_202405_full_N0_20240527_023329.zip
2025-08-16 14:37:27,724 - INFO - EXCLUIR: emp62_H_202405_full_N0_20240528_023347.zip
2025-08-16 14:37:27,729 - INFO - EXCLUIR: emp62_H_202405_full_N0_20240529_023219.zip
2025-08-16 14:37:27,734 - INFO - EXCLUIR: emp62_H_202405_full_N0_20240530_023330.zip
2025-08-16 14:37:27,738 - INFO - EXCLUIR: emp62_H_202405_full_N0_20240531_023359.zip
2025-08-16 14:37:27,742 - INFO - EXCLUIR: emp62_H_202405_full_N0_20240601_023401.zip
2025-08-16 14:37:27,746 - INFO - 
--- Grupo: emp62_H_202406 (31 arquivos) ---
2025-08-16 14:37:27,751 - INFO - MANTER: emp62_H_202406_full_N0_20240915_115903.zip
2025-08-16 14:37:27,761 - INFO - EXCLUIR: emp62_H_202406_full_N0_20240602_022941.zip
2025-08-16 14:37:27,781 - INFO - EXCLUIR: emp62_H_202406_full_N0_20240603_023035.zip
2025-08-16 14:37:27,811 - INFO - EXCLUIR: emp62_H_202406_full_N0_20240604_022531.zip
2025-08-16 14:37:27,829 - INFO - EXCLUIR: emp62_H_202406_full_N0_20240605_023036.zip
2025-08-16 14:37:27,835 - INFO - EXCLUIR: emp62_H_202406_full_N0_20240606_023047.zip
2025-08-16 14:37:27,843 - INFO - EXCLUIR: emp62_H_202406_full_N0_20240607_022909.zip
2025-08-16 14:37:27,850 - INFO - EXCLUIR: emp62_H_202406_full_N0_20240608_023052.zip
2025-08-16 14:37:27,860 - INFO - EXCLUIR: emp62_H_202406_full_N0_20240609_023113.zip
2025-08-16 14:37:27,874 - INFO - EXCLUIR: emp62_H_202406_full_N0_20240610_023122.zip
2025-08-16 14:37:27,880 - INFO - EXCLUIR: emp62_H_202406_full_N0_20240611_022909.zip
2025-08-16 14:37:27,885 - INFO - EXCLUIR: emp62_H_202406_full_N0_20240612_023148.zip
2025-08-16 14:37:27,889 - INFO - EXCLUIR: emp62_H_202406_full_N0_20240613_023200.zip
2025-08-16 14:37:27,894 - INFO - EXCLUIR: emp62_H_202406_full_N0_20240614_023143.zip
2025-08-16 14:37:27,898 - INFO - EXCLUIR: emp62_H_202406_full_N0_20240615_023210.zip
2025-08-16 14:37:27,907 - INFO - EXCLUIR: emp62_H_202406_full_N0_20240616_022709.zip
2025-08-16 14:37:27,913 - INFO - EXCLUIR: emp62_H_202406_full_N0_20240617_023251.zip
2025-08-16 14:37:27,922 - INFO - EXCLUIR: emp62_H_202406_full_N0_20240618_023307.zip
2025-08-16 14:37:27,926 - INFO - EXCLUIR: emp62_H_202406_full_N0_20240619_022739.zip
2025-08-16 14:37:27,930 - INFO - EXCLUIR: emp62_H_202406_full_N0_20240620_023257.zip
2025-08-16 14:37:27,937 - INFO - EXCLUIR: emp62_H_202406_full_N0_20240621_023206.zip
2025-08-16 14:37:27,943 - INFO - EXCLUIR: emp62_H_202406_full_N0_20240622_022849.zip
2025-08-16 14:37:27,949 - INFO - EXCLUIR: emp62_H_202406_full_N0_20240623_023407.zip
2025-08-16 14:37:27,953 - INFO - EXCLUIR: emp62_H_202406_full_N0_20240624_023412.zip
2025-08-16 14:37:27,958 - INFO - EXCLUIR: emp62_H_202406_full_N0_20240625_022934.zip
2025-08-16 14:37:27,962 - INFO - EXCLUIR: emp62_H_202406_full_N0_20240626_023514.zip
2025-08-16 14:37:27,972 - INFO - EXCLUIR: emp62_H_202406_full_N0_20240627_023459.zip
2025-08-16 14:37:27,977 - INFO - EXCLUIR: emp62_H_202406_full_N0_20240628_023555.zip
2025-08-16 14:37:27,982 - INFO - EXCLUIR: emp62_H_202406_full_N0_20240629_023522.zip
2025-08-16 14:37:27,986 - INFO - EXCLUIR: emp62_H_202406_full_N0_20240630_023548.zip
2025-08-16 14:37:27,990 - INFO - EXCLUIR: emp62_H_202406_full_N0_20240701_023553.zip
2025-08-16 14:37:27,995 - INFO - 
--- Grupo: emp62_H_202407 (32 arquivos) ---
2025-08-16 14:37:28,001 - INFO - MANTER: emp62_H_202407_full_N0_20240915_115903.zip
2025-08-16 14:37:28,008 - INFO - EXCLUIR: emp62_H_202407_full_N0_20240702_023039.zip
2025-08-16 14:37:28,013 - INFO - EXCLUIR: emp62_H_202407_full_N0_20240703_022906.zip
2025-08-16 14:37:28,017 - INFO - EXCLUIR: emp62_H_202407_full_N0_20240704_023100.zip
2025-08-16 14:37:28,033 - INFO - EXCLUIR: emp62_H_202407_full_N0_20240705_023132.zip
2025-08-16 14:37:28,038 - INFO - EXCLUIR: emp62_H_202407_full_N0_20240706_023121.zip
2025-08-16 14:37:28,042 - INFO - EXCLUIR: emp62_H_202407_full_N0_20240707_022546.zip
2025-08-16 14:37:28,046 - INFO - EXCLUIR: emp62_H_202407_full_N0_20240708_023145.zip
2025-08-16 14:37:28,052 - INFO - EXCLUIR: emp62_H_202407_full_N0_20240709_023153.zip
2025-08-16 14:37:28,060 - INFO - EXCLUIR: emp62_H_202407_full_N0_20240710_022944.zip
2025-08-16 14:37:28,065 - INFO - EXCLUIR: emp62_H_202407_full_N0_20240711_023154.zip
2025-08-16 14:37:28,077 - INFO - EXCLUIR: emp62_H_202407_full_N0_20240712_023300.zip
2025-08-16 14:37:28,081 - INFO - EXCLUIR: emp62_H_202407_full_N0_20240713_022853.zip
2025-08-16 14:37:28,088 - INFO - EXCLUIR: emp62_H_202407_full_N0_20240714_023223.zip
2025-08-16 14:37:28,099 - INFO - EXCLUIR: emp62_H_202407_full_N0_20240715_023353.zip
2025-08-16 14:37:28,108 - INFO - EXCLUIR: emp62_H_202407_full_N0_20240716_023014.zip
2025-08-16 14:37:28,115 - INFO - EXCLUIR: emp62_H_202407_full_N0_20240717_023454.zip
2025-08-16 14:37:28,119 - INFO - EXCLUIR: emp62_H_202407_full_N0_20240718_023320.zip
2025-08-16 14:37:28,135 - INFO - EXCLUIR: emp62_H_202407_full_N0_20240719_023039.zip
2025-08-16 14:37:28,140 - INFO - EXCLUIR: emp62_H_202407_full_N0_20240720_023444.zip
2025-08-16 14:37:28,148 - INFO - EXCLUIR: emp62_H_202407_full_N0_20240721_023432.zip
2025-08-16 14:37:28,155 - INFO - EXCLUIR: emp62_H_202407_full_N0_20240722_022949.zip
2025-08-16 14:37:28,168 - INFO - EXCLUIR: emp62_H_202407_full_N0_20240723_023500.zip
2025-08-16 14:37:28,173 - INFO - EXCLUIR: emp62_H_202407_full_N0_20240724_023502.zip
2025-08-16 14:37:28,180 - INFO - EXCLUIR: emp62_H_202407_full_N0_20240725_023159.zip
2025-08-16 14:37:28,186 - INFO - EXCLUIR: emp62_H_202407_full_N0_20240726_023532.zip
2025-08-16 14:37:28,197 - INFO - EXCLUIR: emp62_H_202407_full_N0_20240727_023527.zip
2025-08-16 14:37:28,202 - INFO - EXCLUIR: emp62_H_202407_full_N0_20240728_022942.zip
2025-08-16 14:37:28,211 - INFO - EXCLUIR: emp62_H_202407_full_N0_20240729_023633.zip
2025-08-16 14:37:28,222 - INFO - EXCLUIR: emp62_H_202407_full_N0_20240730_023632.zip
2025-08-16 14:37:28,239 - INFO - EXCLUIR: emp62_H_202407_full_N0_20240731_023216.zip
2025-08-16 14:37:28,244 - INFO - EXCLUIR: emp62_H_202407_full_N0_20240801_023714.zip
2025-08-16 14:37:28,253 - INFO - 
--- Grupo: emp62_H_202408 (32 arquivos) ---
2025-08-16 14:37:28,260 - INFO - MANTER: emp62_H_202408_full_N0_20240915_115904.zip
2025-08-16 14:37:28,268 - INFO - EXCLUIR: emp62_H_202408_full_N0_20240802_023057.zip
2025-08-16 14:37:28,273 - INFO - EXCLUIR: emp62_H_202408_full_N0_20240803_023125.zip
2025-08-16 14:37:28,281 - INFO - EXCLUIR: emp62_H_202408_full_N0_20240804_023137.zip
2025-08-16 14:37:28,287 - INFO - EXCLUIR: emp62_H_202408_full_N0_20240805_023156.zip
2025-08-16 14:37:28,292 - INFO - EXCLUIR: emp62_H_202408_full_N0_20240806_023139.zip
2025-08-16 14:37:28,296 - INFO - EXCLUIR: emp62_H_202408_full_N0_20240807_023016.zip
2025-08-16 14:37:28,300 - INFO - EXCLUIR: emp62_H_202408_full_N0_20240808_022729.zip
2025-08-16 14:37:28,304 - INFO - EXCLUIR: emp62_H_202408_full_N0_20240809_023224.zip
2025-08-16 14:37:28,313 - INFO - EXCLUIR: emp62_H_202408_full_N0_20240810_023212.zip
2025-08-16 14:37:28,321 - INFO - EXCLUIR: emp62_H_202408_full_N0_20240811_023211.zip
2025-08-16 14:37:28,325 - INFO - EXCLUIR: emp62_H_202408_full_N0_20240812_023206.zip
2025-08-16 14:37:28,333 - INFO - EXCLUIR: emp62_H_202408_full_N0_20240813_023315.zip
2025-08-16 14:37:28,337 - INFO - EXCLUIR: emp62_H_202408_full_N0_20240814_023310.zip
2025-08-16 14:37:28,345 - INFO - EXCLUIR: emp62_H_202408_full_N0_20240815_023344.zip
2025-08-16 14:37:28,351 - INFO - EXCLUIR: emp62_H_202408_full_N0_20240816_023317.zip
2025-08-16 14:37:28,355 - INFO - EXCLUIR: emp62_H_202408_full_N0_20240817_023315.zip
2025-08-16 14:37:28,359 - INFO - EXCLUIR: emp62_H_202408_full_N0_20240818_023305.zip
2025-08-16 14:37:28,371 - INFO - EXCLUIR: emp62_H_202408_full_N0_20240819_023327.zip
2025-08-16 14:37:28,376 - INFO - EXCLUIR: emp62_H_202408_full_N0_20240820_023026.zip
2025-08-16 14:37:28,383 - INFO - EXCLUIR: emp62_H_202408_full_N0_20240821_023456.zip
2025-08-16 14:37:28,388 - INFO - EXCLUIR: emp62_H_202408_full_N0_20240822_023448.zip
2025-08-16 14:37:28,392 - INFO - EXCLUIR: emp62_H_202408_full_N0_20240823_023521.zip
2025-08-16 14:37:28,396 - INFO - EXCLUIR: emp62_H_202408_full_N0_20240824_023545.zip
2025-08-16 14:37:28,400 - INFO - EXCLUIR: emp62_H_202408_full_N0_20240825_023544.zip
2025-08-16 14:37:28,407 - INFO - EXCLUIR: emp62_H_202408_full_N0_20240826_022939.zip
2025-08-16 14:37:28,414 - INFO - EXCLUIR: emp62_H_202408_full_N0_20240827_023614.zip
2025-08-16 14:37:28,419 - INFO - EXCLUIR: emp62_H_202408_full_N0_20240828_023612.zip
2025-08-16 14:37:28,423 - INFO - EXCLUIR: emp62_H_202408_full_N0_20240829_023638.zip
2025-08-16 14:37:28,428 - INFO - EXCLUIR: emp62_H_202408_full_N0_20240830_023652.zip
2025-08-16 14:37:28,438 - INFO - EXCLUIR: emp62_H_202408_full_N0_20240831_023640.zip
2025-08-16 14:37:28,444 - INFO - EXCLUIR: emp62_H_202408_full_N0_20240901_023253.zip
2025-08-16 14:37:28,448 - INFO - 
--- Grupo: emp62_H_202409 (18 arquivos) ---
2025-08-16 14:37:28,452 - INFO - MANTER: emp62_H_202409_full_N0_20241001_020503.zip
2025-08-16 14:37:28,456 - INFO - EXCLUIR: emp62_H_202409_full_N0_20240902_023129.zip
2025-08-16 14:37:28,461 - INFO - EXCLUIR: emp62_H_202409_full_N0_20240903_023136.zip
2025-08-16 14:37:28,468 - INFO - EXCLUIR: emp62_H_202409_full_N0_20240904_022520.zip
2025-08-16 14:37:28,473 - INFO - EXCLUIR: emp62_H_202409_full_N0_20240905_023219.zip
2025-08-16 14:37:28,478 - INFO - EXCLUIR: emp62_H_202409_full_N0_20240906_023243.zip
2025-08-16 14:37:28,484 - INFO - EXCLUIR: emp62_H_202409_full_N0_20240907_022708.zip
2025-08-16 14:37:28,488 - INFO - EXCLUIR: emp62_H_202409_full_N0_20240908_023241.zip
2025-08-16 14:37:28,493 - INFO - EXCLUIR: emp62_H_202409_full_N0_20240909_023222.zip
2025-08-16 14:37:28,500 - INFO - EXCLUIR: emp62_H_202409_full_N0_20240910_022528.zip
2025-08-16 14:37:28,506 - INFO - EXCLUIR: emp62_H_202409_full_N0_20240911_023240.zip
2025-08-16 14:37:28,511 - INFO - EXCLUIR: emp62_H_202409_full_N0_20240912_023346.zip
2025-08-16 14:37:28,517 - INFO - EXCLUIR: emp62_H_202409_full_N0_20240913_022742.zip
2025-08-16 14:37:28,524 - INFO - EXCLUIR: emp62_H_202409_full_N0_20240914_023428.zip
2025-08-16 14:37:28,529 - INFO - EXCLUIR: emp62_H_202409_full_N0_20240915_023411.zip
2025-08-16 14:37:28,545 - INFO - EXCLUIR: emp62_H_202409_full_N0_20240928_020430.zip
2025-08-16 14:37:28,551 - INFO - EXCLUIR: emp62_H_202409_full_N0_20240929_020220.zip
2025-08-16 14:37:28,555 - INFO - EXCLUIR: emp62_H_202409_full_N0_20240930_020224.zip
2025-08-16 14:37:28,560 - INFO - 
--- Grupo: emp62_H_202410 (28 arquivos) ---
2025-08-16 14:37:28,565 - INFO - MANTER: emp62_H_202410_full_N0_20241101_014640.zip
2025-08-16 14:37:28,571 - INFO - EXCLUIR: emp62_H_202410_full_N0_20241002_020009.zip
2025-08-16 14:37:28,575 - INFO - EXCLUIR: emp62_H_202410_full_N0_20241003_020111.zip
2025-08-16 14:37:28,580 - INFO - EXCLUIR: emp62_H_202410_full_N0_20241004_020137.zip
2025-08-16 14:37:28,585 - INFO - EXCLUIR: emp62_H_202410_full_N0_20241005_015937.zip
2025-08-16 14:37:28,590 - INFO - EXCLUIR: emp62_H_202410_full_N0_20241006_015911.zip
2025-08-16 14:37:28,595 - INFO - EXCLUIR: emp62_H_202410_full_N0_20241007_015902.zip
2025-08-16 14:37:28,602 - INFO - EXCLUIR: emp62_H_202410_full_N0_20241008_020029.zip
2025-08-16 14:37:28,606 - INFO - EXCLUIR: emp62_H_202410_full_N0_20241009_020228.zip
2025-08-16 14:37:28,610 - INFO - EXCLUIR: emp62_H_202410_full_N0_20241010_015945.zip
2025-08-16 14:37:28,614 - INFO - EXCLUIR: emp62_H_202410_full_N0_20241011_015735.zip
2025-08-16 14:37:28,624 - INFO - EXCLUIR: emp62_H_202410_full_N0_20241012_015815.zip
2025-08-16 14:37:28,629 - INFO - EXCLUIR: emp62_H_202410_full_N0_20241013_015815.zip
2025-08-16 14:37:28,636 - INFO - EXCLUIR: emp62_H_202410_full_N0_20241014_015813.zip
2025-08-16 14:37:28,640 - INFO - EXCLUIR: emp62_H_202410_full_N0_20241015_015732.zip
2025-08-16 14:37:28,645 - INFO - EXCLUIR: emp62_H_202410_full_N0_20241016_020547.zip
2025-08-16 14:37:28,649 - INFO - EXCLUIR: emp62_H_202410_full_N0_20241017_015800.zip
2025-08-16 14:37:28,655 - INFO - EXCLUIR: emp62_H_202410_full_N0_20241018_015918.zip
2025-08-16 14:37:28,659 - INFO - EXCLUIR: emp62_H_202410_full_N0_20241019_015923.zip
2025-08-16 14:37:28,666 - INFO - EXCLUIR: emp62_H_202410_full_N0_20241020_015822.zip
2025-08-16 14:37:28,670 - INFO - EXCLUIR: emp62_H_202410_full_N0_20241021_015834.zip
2025-08-16 14:37:28,674 - INFO - EXCLUIR: emp62_H_202410_full_N0_20241022_020127.zip
2025-08-16 14:37:28,679 - INFO - EXCLUIR: emp62_H_202410_full_N0_20241023_020256.zip
2025-08-16 14:37:28,683 - INFO - EXCLUIR: emp62_H_202410_full_N0_20241024_020718.zip
2025-08-16 14:37:28,690 - INFO - EXCLUIR: emp62_H_202410_full_N0_20241025_020026.zip
2025-08-16 14:37:28,695 - INFO - EXCLUIR: emp62_H_202410_full_N0_20241026_020032.zip
2025-08-16 14:37:28,699 - INFO - EXCLUIR: emp62_H_202410_full_N0_20241027_015928.zip
2025-08-16 14:37:28,703 - INFO - EXCLUIR: emp62_H_202410_full_N0_20241028_015946.zip
2025-08-16 14:37:28,708 - INFO - 
--- Grupo: emp62_H_202411 (20 arquivos) ---
2025-08-16 14:37:28,712 - INFO - MANTER: emp62_H_202411_full_N0_20241201_014505.zip
2025-08-16 14:37:28,717 - INFO - EXCLUIR: emp62_H_202411_full_N0_20241111_014336.zip
2025-08-16 14:37:28,724 - INFO - EXCLUIR: emp62_H_202411_full_N0_20241113_014343.zip
2025-08-16 14:37:28,734 - INFO - EXCLUIR: emp62_H_202411_full_N0_20241114_014324.zip
2025-08-16 14:37:28,740 - INFO - EXCLUIR: emp62_H_202411_full_N0_20241115_014331.zip
2025-08-16 14:37:28,744 - INFO - EXCLUIR: emp62_H_202411_full_N0_20241116_014445.zip
2025-08-16 14:37:28,751 - INFO - EXCLUIR: emp62_H_202411_full_N0_20241117_014436.zip
2025-08-16 14:37:28,757 - INFO - EXCLUIR: emp62_H_202411_full_N0_20241118_031125.zip
2025-08-16 14:37:28,762 - INFO - EXCLUIR: emp62_H_202411_full_N0_20241119_014341.zip
2025-08-16 14:37:28,766 - INFO - EXCLUIR: emp62_H_202411_full_N0_20241120_014358.zip
2025-08-16 14:37:28,773 - INFO - EXCLUIR: emp62_H_202411_full_N0_20241121_014449.zip
2025-08-16 14:37:28,778 - INFO - EXCLUIR: emp62_H_202411_full_N0_20241122_014416.zip
2025-08-16 14:37:28,783 - INFO - EXCLUIR: emp62_H_202411_full_N0_20241123_014410.zip
2025-08-16 14:37:28,788 - INFO - EXCLUIR: emp62_H_202411_full_N0_20241124_014404.zip
2025-08-16 14:37:28,807 - INFO - EXCLUIR: emp62_H_202411_full_N0_20241125_014404.zip
2025-08-16 14:37:28,814 - INFO - EXCLUIR: emp62_H_202411_full_N0_20241126_014420.zip
2025-08-16 14:37:28,819 - INFO - EXCLUIR: emp62_H_202411_full_N0_20241127_014449.zip
2025-08-16 14:37:28,828 - INFO - EXCLUIR: emp62_H_202411_full_N0_20241128_014453.zip
2025-08-16 14:37:28,832 - INFO - EXCLUIR: emp62_H_202411_full_N0_20241129_014502.zip
2025-08-16 14:37:28,836 - INFO - EXCLUIR: emp62_H_202411_full_N0_20241130_014517.zip
2025-08-16 14:37:28,850 - INFO - 
--- Grupo: emp62_H_202412 (30 arquivos) ---
2025-08-16 14:37:28,862 - INFO - MANTER: emp62_H_202412_full_N0_20250101_014611.zip
2025-08-16 14:37:28,866 - INFO - EXCLUIR: emp62_H_202412_full_N0_20241202_014249.zip
2025-08-16 14:37:28,874 - INFO - EXCLUIR: emp62_H_202412_full_N0_20241203_014304.zip
2025-08-16 14:37:28,885 - INFO - EXCLUIR: emp62_H_202412_full_N0_20241204_014334.zip
2025-08-16 14:37:28,894 - INFO - EXCLUIR: emp62_H_202412_full_N0_20241205_014354.zip
2025-08-16 14:37:28,898 - INFO - EXCLUIR: emp62_H_202412_full_N0_20241206_014359.zip
2025-08-16 14:37:28,905 - INFO - EXCLUIR: emp62_H_202412_full_N0_20241207_014414.zip
2025-08-16 14:37:28,910 - INFO - EXCLUIR: emp62_H_202412_full_N0_20241208_014333.zip
2025-08-16 14:37:28,916 - INFO - EXCLUIR: emp62_H_202412_full_N0_20241209_014337.zip
2025-08-16 14:37:28,920 - INFO - EXCLUIR: emp62_H_202412_full_N0_20241210_014352.zip
2025-08-16 14:37:28,940 - INFO - EXCLUIR: emp62_H_202412_full_N0_20241211_014436.zip
2025-08-16 14:37:28,948 - INFO - EXCLUIR: emp62_H_202412_full_N0_20241212_014415.zip
2025-08-16 14:37:28,953 - INFO - EXCLUIR: emp62_H_202412_full_N0_20241213_014446.zip
2025-08-16 14:37:28,957 - INFO - EXCLUIR: emp62_H_202412_full_N0_20241214_014431.zip
2025-08-16 14:37:28,960 - INFO - EXCLUIR: emp62_H_202412_full_N0_20241215_014447.zip
2025-08-16 14:37:28,965 - INFO - EXCLUIR: emp62_H_202412_full_N0_20241217_014510.zip
2025-08-16 14:37:28,970 - INFO - EXCLUIR: emp62_H_202412_full_N0_20241218_014510.zip
2025-08-16 14:37:28,975 - INFO - EXCLUIR: emp62_H_202412_full_N0_20241219_014525.zip
2025-08-16 14:37:28,981 - INFO - EXCLUIR: emp62_H_202412_full_N0_20241220_014546.zip
2025-08-16 14:37:28,985 - INFO - EXCLUIR: emp62_H_202412_full_N0_20241221_014554.zip
2025-08-16 14:37:28,989 - INFO - EXCLUIR: emp62_H_202412_full_N0_20241222_014546.zip
2025-08-16 14:37:28,995 - INFO - EXCLUIR: emp62_H_202412_full_N0_20241223_014605.zip
2025-08-16 14:37:29,000 - INFO - EXCLUIR: emp62_H_202412_full_N0_20241224_014540.zip
2025-08-16 14:37:29,007 - INFO - EXCLUIR: emp62_H_202412_full_N0_20241225_014630.zip
2025-08-16 14:37:29,011 - INFO - EXCLUIR: emp62_H_202412_full_N0_20241226_014602.zip
2025-08-16 14:37:29,016 - INFO - EXCLUIR: emp62_H_202412_full_N0_20241227_014631.zip
2025-08-16 14:37:29,021 - INFO - EXCLUIR: emp62_H_202412_full_N0_20241228_014644.zip
2025-08-16 14:37:29,025 - INFO - EXCLUIR: emp62_H_202412_full_N0_20241229_014546.zip
2025-08-16 14:37:29,048 - INFO - EXCLUIR: emp62_H_202412_full_N0_20241230_014631.zip
2025-08-16 14:37:29,052 - INFO - EXCLUIR: emp62_H_202412_full_N0_20241231_014545.zip
2025-08-16 14:37:29,056 - INFO - 
--- Grupo: emp62_H_202501 (29 arquivos) ---
2025-08-16 14:37:29,064 - INFO - MANTER: emp62_H_202501_full_N0_20250201_014727.zip
2025-08-16 14:37:29,070 - INFO - EXCLUIR: emp62_H_202501_full_N0_20250102_014336.zip
2025-08-16 14:37:29,075 - INFO - EXCLUIR: emp62_H_202501_full_N0_20250103_014335.zip
2025-08-16 14:37:29,079 - INFO - EXCLUIR: emp62_H_202501_full_N0_20250104_014410.zip
2025-08-16 14:37:29,083 - INFO - EXCLUIR: emp62_H_202501_full_N0_20250105_014351.zip
2025-08-16 14:37:29,088 - INFO - EXCLUIR: emp62_H_202501_full_N0_20250106_014346.zip
2025-08-16 14:37:29,094 - INFO - EXCLUIR: emp62_H_202501_full_N0_20250107_014359.zip
2025-08-16 14:37:29,100 - INFO - EXCLUIR: emp62_H_202501_full_N0_20250108_014522.zip
2025-08-16 14:37:29,105 - INFO - EXCLUIR: emp62_H_202501_full_N0_20250109_014421.zip
2025-08-16 14:37:29,109 - INFO - EXCLUIR: emp62_H_202501_full_N0_20250110_014435.zip
2025-08-16 14:37:29,114 - INFO - EXCLUIR: emp62_H_202501_full_N0_20250111_014453.zip
2025-08-16 14:37:29,118 - INFO - EXCLUIR: emp62_H_202501_full_N0_20250112_014601.zip
2025-08-16 14:37:29,132 - INFO - EXCLUIR: emp62_H_202501_full_N0_20250114_223337.zip
2025-08-16 14:37:29,137 - INFO - EXCLUIR: emp62_H_202501_full_N0_20250116_014507.zip
2025-08-16 14:37:29,142 - INFO - EXCLUIR: emp62_H_202501_full_N0_20250117_014454.zip
2025-08-16 14:37:29,148 - INFO - EXCLUIR: emp62_H_202501_full_N0_20250118_014510.zip
2025-08-16 14:37:29,155 - INFO - EXCLUIR: emp62_H_202501_full_N0_20250119_014505.zip
2025-08-16 14:37:29,161 - INFO - EXCLUIR: emp62_H_202501_full_N0_20250120_014525.zip
2025-08-16 14:37:29,165 - INFO - EXCLUIR: emp62_H_202501_full_N0_20250121_014512.zip
2025-08-16 14:37:29,173 - INFO - EXCLUIR: emp62_H_202501_full_N0_20250122_014648.zip
2025-08-16 14:37:29,177 - INFO - EXCLUIR: emp62_H_202501_full_N0_20250123_014528.zip
2025-08-16 14:37:29,186 - INFO - EXCLUIR: emp62_H_202501_full_N0_20250124_014535.zip
2025-08-16 14:37:29,196 - INFO - EXCLUIR: emp62_H_202501_full_N0_20250125_014546.zip
2025-08-16 14:37:29,207 - INFO - EXCLUIR: emp62_H_202501_full_N0_20250126_014534.zip
2025-08-16 14:37:29,214 - INFO - EXCLUIR: emp62_H_202501_full_N0_20250127_014555.zip
2025-08-16 14:37:29,221 - INFO - EXCLUIR: emp62_H_202501_full_N0_20250128_014609.zip
2025-08-16 14:37:29,228 - INFO - EXCLUIR: emp62_H_202501_full_N0_20250129_014856.zip
2025-08-16 14:37:29,237 - INFO - EXCLUIR: emp62_H_202501_full_N0_20250130_014700.zip
2025-08-16 14:37:29,241 - INFO - EXCLUIR: emp62_H_202501_full_N0_20250131_014657.zip
2025-08-16 14:37:29,245 - INFO - 
--- Grupo: emp62_H_202502 (28 arquivos) ---
2025-08-16 14:37:29,251 - INFO - MANTER: emp62_H_202502_full_N0_20250301_014832.zip
2025-08-16 14:37:29,261 - INFO - EXCLUIR: emp62_H_202502_full_N0_20250202_014624.zip
2025-08-16 14:37:29,266 - INFO - EXCLUIR: emp62_H_202502_full_N0_20250203_014545.zip
2025-08-16 14:37:29,270 - INFO - EXCLUIR: emp62_H_202502_full_N0_20250204_014457.zip
2025-08-16 14:37:29,274 - INFO - EXCLUIR: emp62_H_202502_full_N0_20250205_014443.zip
2025-08-16 14:37:29,280 - INFO - EXCLUIR: emp62_H_202502_full_N0_20250206_014632.zip
2025-08-16 14:37:29,286 - INFO - EXCLUIR: emp62_H_202502_full_N0_20250207_014532.zip
2025-08-16 14:37:29,294 - INFO - EXCLUIR: emp62_H_202502_full_N0_20250208_014608.zip
2025-08-16 14:37:29,299 - INFO - EXCLUIR: emp62_H_202502_full_N0_20250209_014659.zip
2025-08-16 14:37:29,305 - INFO - EXCLUIR: emp62_H_202502_full_N0_20250210_014644.zip
2025-08-16 14:37:29,311 - INFO - EXCLUIR: emp62_H_202502_full_N0_20250211_014553.zip
2025-08-16 14:37:29,318 - INFO - EXCLUIR: emp62_H_202502_full_N0_20250212_014516.zip
2025-08-16 14:37:29,328 - INFO - EXCLUIR: emp62_H_202502_full_N0_20250213_014614.zip
2025-08-16 14:37:29,336 - INFO - EXCLUIR: emp62_H_202502_full_N0_20250214_014653.zip
2025-08-16 14:37:29,348 - INFO - EXCLUIR: emp62_H_202502_full_N0_20250215_014554.zip
2025-08-16 14:37:29,357 - INFO - EXCLUIR: emp62_H_202502_full_N0_20250216_014645.zip
2025-08-16 14:37:29,367 - INFO - EXCLUIR: emp62_H_202502_full_N0_20250217_014548.zip
2025-08-16 14:37:29,374 - INFO - EXCLUIR: emp62_H_202502_full_N0_20250218_014706.zip
2025-08-16 14:37:29,380 - INFO - EXCLUIR: emp62_H_202502_full_N0_20250219_014653.zip
2025-08-16 14:37:29,385 - INFO - EXCLUIR: emp62_H_202502_full_N0_20250220_014635.zip
2025-08-16 14:37:29,390 - INFO - EXCLUIR: emp62_H_202502_full_N0_20250221_014900.zip
2025-08-16 14:37:29,395 - INFO - EXCLUIR: emp62_H_202502_full_N0_20250222_014732.zip
2025-08-16 14:37:29,399 - INFO - EXCLUIR: emp62_H_202502_full_N0_20250223_014806.zip
2025-08-16 14:37:29,405 - INFO - EXCLUIR: emp62_H_202502_full_N0_20250224_014816.zip
2025-08-16 14:37:29,411 - INFO - EXCLUIR: emp62_H_202502_full_N0_20250225_014653.zip
2025-08-16 14:37:29,418 - INFO - EXCLUIR: emp62_H_202502_full_N0_20250226_014807.zip
2025-08-16 14:37:29,424 - INFO - EXCLUIR: emp62_H_202502_full_N0_20250227_014758.zip
2025-08-16 14:37:29,429 - INFO - EXCLUIR: emp62_H_202502_full_N0_20250228_014953.zip
2025-08-16 14:37:29,435 - INFO - 
--- Grupo: emp62_H_202503 (31 arquivos) ---
2025-08-16 14:37:29,443 - INFO - MANTER: emp62_H_202503_full_N0_20250401_015017.zip
2025-08-16 14:37:29,448 - INFO - EXCLUIR: emp62_H_202503_full_N0_20250302_014554.zip
2025-08-16 14:37:29,457 - INFO - EXCLUIR: emp62_H_202503_full_N0_20250303_014518.zip
2025-08-16 14:37:29,461 - INFO - EXCLUIR: emp62_H_202503_full_N0_20250304_014453.zip
2025-08-16 14:37:29,466 - INFO - EXCLUIR: emp62_H_202503_full_N0_20250305_014559.zip
2025-08-16 14:37:29,472 - INFO - EXCLUIR: emp62_H_202503_full_N0_20250306_014845.zip
2025-08-16 14:37:29,477 - INFO - EXCLUIR: emp62_H_202503_full_N0_20250307_014651.zip
2025-08-16 14:37:29,482 - INFO - EXCLUIR: emp62_H_202503_full_N0_20250308_014543.zip
2025-08-16 14:37:29,486 - INFO - EXCLUIR: emp62_H_202503_full_N0_20250309_014733.zip
2025-08-16 14:37:29,489 - INFO - EXCLUIR: emp62_H_202503_full_N0_20250310_014713.zip
2025-08-16 14:37:29,495 - INFO - EXCLUIR: emp62_H_202503_full_N0_20250311_014617.zip
2025-08-16 14:37:29,500 - INFO - EXCLUIR: emp62_H_202503_full_N0_20250312_014742.zip
2025-08-16 14:37:29,507 - INFO - EXCLUIR: emp62_H_202503_full_N0_20250313_014611.zip
2025-08-16 14:37:29,511 - INFO - EXCLUIR: emp62_H_202503_full_N0_20250314_014640.zip
2025-08-16 14:37:29,515 - INFO - EXCLUIR: emp62_H_202503_full_N0_20250315_014623.zip
2025-08-16 14:37:29,520 - INFO - EXCLUIR: emp62_H_202503_full_N0_20250316_014651.zip
2025-08-16 14:37:29,529 - INFO - EXCLUIR: emp62_H_202503_full_N0_20250317_014748.zip
2025-08-16 14:37:29,536 - INFO - EXCLUIR: emp62_H_202503_full_N0_20250318_014701.zip
2025-08-16 14:37:29,553 - INFO - EXCLUIR: emp62_H_202503_full_N0_20250319_014747.zip
2025-08-16 14:37:29,559 - INFO - EXCLUIR: emp62_H_202503_full_N0_20250320_014750.zip
2025-08-16 14:37:29,568 - INFO - EXCLUIR: emp62_H_202503_full_N0_20250321_014809.zip
2025-08-16 14:37:29,593 - INFO - EXCLUIR: emp62_H_202503_full_N0_20250322_014809.zip
2025-08-16 14:37:29,603 - INFO - EXCLUIR: emp62_H_202503_full_N0_20250323_014650.zip
2025-08-16 14:37:29,608 - INFO - EXCLUIR: emp62_H_202503_full_N0_20250324_014731.zip
2025-08-16 14:37:29,612 - INFO - EXCLUIR: emp62_H_202503_full_N0_20250325_014856.zip
2025-08-16 14:37:29,616 - INFO - EXCLUIR: emp62_H_202503_full_N0_20250326_014834.zip
2025-08-16 14:37:29,620 - INFO - EXCLUIR: emp62_H_202503_full_N0_20250327_015453.zip
2025-08-16 14:37:29,625 - INFO - EXCLUIR: emp62_H_202503_full_N0_20250328_014934.zip
2025-08-16 14:37:29,631 - INFO - EXCLUIR: emp62_H_202503_full_N0_20250329_015217.zip
2025-08-16 14:37:29,635 - INFO - EXCLUIR: emp62_H_202503_full_N0_20250330_015132.zip
2025-08-16 14:37:29,639 - INFO - EXCLUIR: emp62_H_202503_full_N0_20250331_014845.zip
2025-08-16 14:37:29,645 - INFO - 
--- Grupo: emp62_H_202504 (30 arquivos) ---
2025-08-16 14:37:29,653 - INFO - MANTER: emp62_H_202504_full_N0_20250501_020128.zip
2025-08-16 14:37:29,657 - INFO - EXCLUIR: emp62_H_202504_full_N0_20250402_014940.zip
2025-08-16 14:37:29,664 - INFO - EXCLUIR: emp62_H_202504_full_N0_20250403_014629.zip
2025-08-16 14:37:29,669 - INFO - EXCLUIR: emp62_H_202504_full_N0_20250404_014626.zip
2025-08-16 14:37:29,675 - INFO - EXCLUIR: emp62_H_202504_full_N0_20250405_014703.zip
2025-08-16 14:37:29,679 - INFO - EXCLUIR: emp62_H_202504_full_N0_20250406_014748.zip
2025-08-16 14:37:29,683 - INFO - EXCLUIR: emp62_H_202504_full_N0_20250407_014732.zip
2025-08-16 14:37:29,688 - INFO - EXCLUIR: emp62_H_202504_full_N0_20250408_015152.zip
2025-08-16 14:37:29,694 - INFO - EXCLUIR: emp62_H_202504_full_N0_20250409_014915.zip
2025-08-16 14:37:29,698 - INFO - EXCLUIR: emp62_H_202504_full_N0_20250410_014844.zip
2025-08-16 14:37:29,702 - INFO - EXCLUIR: emp62_H_202504_full_N0_20250411_015023.zip
2025-08-16 14:37:29,706 - INFO - EXCLUIR: emp62_H_202504_full_N0_20250412_015210.zip
2025-08-16 14:37:29,711 - INFO - EXCLUIR: emp62_H_202504_full_N0_20250413_014758.zip
2025-08-16 14:37:29,716 - INFO - EXCLUIR: emp62_H_202504_full_N0_20250414_014731.zip
2025-08-16 14:37:29,721 - INFO - EXCLUIR: emp62_H_202504_full_N0_20250415_014907.zip
2025-08-16 14:37:29,727 - INFO - EXCLUIR: emp62_H_202504_full_N0_20250416_015152.zip
2025-08-16 14:37:29,730 - INFO - EXCLUIR: emp62_H_202504_full_N0_20250417_015014.zip
2025-08-16 14:37:29,735 - INFO - EXCLUIR: emp62_H_202504_full_N0_20250418_014958.zip
2025-08-16 14:37:29,740 - INFO - EXCLUIR: emp62_H_202504_full_N0_20250419_015136.zip
2025-08-16 14:37:29,747 - INFO - EXCLUIR: emp62_H_202504_full_N0_20250420_015230.zip
2025-08-16 14:37:29,752 - INFO - EXCLUIR: emp62_H_202504_full_N0_20250421_014919.zip
2025-08-16 14:37:29,768 - INFO - EXCLUIR: emp62_H_202504_full_N0_20250422_014843.zip
2025-08-16 14:37:29,773 - INFO - EXCLUIR: emp62_H_202504_full_N0_20250423_015139.zip
2025-08-16 14:37:29,780 - INFO - EXCLUIR: emp62_H_202504_full_N0_20250424_015203.zip
2025-08-16 14:37:29,785 - INFO - EXCLUIR: emp62_H_202504_full_N0_20250425_014908.zip
2025-08-16 14:37:29,790 - INFO - EXCLUIR: emp62_H_202504_full_N0_20250426_014905.zip
2025-08-16 14:37:29,794 - INFO - EXCLUIR: emp62_H_202504_full_N0_20250427_014845.zip
2025-08-16 14:37:29,798 - INFO - EXCLUIR: emp62_H_202504_full_N0_20250428_014935.zip
2025-08-16 14:37:29,807 - INFO - EXCLUIR: emp62_H_202504_full_N0_20250429_014942.zip
2025-08-16 14:37:29,816 - INFO - EXCLUIR: emp62_H_202504_full_N0_20250430_015156.zip
2025-08-16 14:37:29,830 - INFO - 
--- Grupo: emp62_H_202505 (28 arquivos) ---
2025-08-16 14:37:29,834 - INFO - MANTER: emp62_H_202505_full_N0_20250601_014933.zip
2025-08-16 14:37:29,839 - INFO - EXCLUIR: emp62_H_202505_full_N0_20250502_014917.zip
2025-08-16 14:37:29,843 - INFO - EXCLUIR: emp62_H_202505_full_N0_20250503_015503.zip
2025-08-16 14:37:29,852 - INFO - EXCLUIR: emp62_H_202505_full_N0_20250504_015307.zip
2025-08-16 14:37:29,858 - INFO - EXCLUIR: emp62_H_202505_full_N0_20250505_015814.zip
2025-08-16 14:37:29,863 - INFO - EXCLUIR: emp62_H_202505_full_N0_20250507_015039.zip
2025-08-16 14:37:29,867 - INFO - EXCLUIR: emp62_H_202505_full_N0_20250509_015232.zip
2025-08-16 14:37:29,874 - INFO - EXCLUIR: emp62_H_202505_full_N0_20250510_015534.zip
2025-08-16 14:37:29,882 - INFO - EXCLUIR: emp62_H_202505_full_N0_20250511_015619.zip
2025-08-16 14:37:29,886 - INFO - EXCLUIR: emp62_H_202505_full_N0_20250512_015407.zip
2025-08-16 14:37:29,890 - INFO - EXCLUIR: emp62_H_202505_full_N0_20250513_015625.zip
2025-08-16 14:37:29,895 - INFO - EXCLUIR: emp62_H_202505_full_N0_20250514_015634.zip
2025-08-16 14:37:29,900 - INFO - EXCLUIR: emp62_H_202505_full_N0_20250515_015505.zip
2025-08-16 14:37:29,907 - INFO - EXCLUIR: emp62_H_202505_full_N0_20250516_015407.zip
2025-08-16 14:37:29,912 - INFO - EXCLUIR: emp62_H_202505_full_N0_20250517_015734.zip
2025-08-16 14:37:29,926 - INFO - EXCLUIR: emp62_H_202505_full_N0_20250518_015357.zip
2025-08-16 14:37:29,932 - INFO - EXCLUIR: emp62_H_202505_full_N0_20250519_015605.zip
2025-08-16 14:37:29,939 - INFO - EXCLUIR: emp62_H_202505_full_N0_20250520_015432.zip
2025-08-16 14:37:29,945 - INFO - EXCLUIR: emp62_H_202505_full_N0_20250521_015419.zip
2025-08-16 14:37:29,953 - INFO - EXCLUIR: emp62_H_202505_full_N0_20250522_015709.zip
2025-08-16 14:37:29,958 - INFO - EXCLUIR: emp62_H_202505_full_N0_20250523_015605.zip
2025-08-16 14:37:29,962 - INFO - EXCLUIR: emp62_H_202505_full_N0_20250524_015725.zip
2025-08-16 14:37:29,974 - INFO - EXCLUIR: emp62_H_202505_full_N0_20250525_015434.zip
2025-08-16 14:37:29,979 - INFO - EXCLUIR: emp62_H_202505_full_N0_20250526_015657.zip
2025-08-16 14:37:29,983 - INFO - EXCLUIR: emp62_H_202505_full_N0_20250527_015341.zip
2025-08-16 14:37:29,987 - INFO - EXCLUIR: emp62_H_202505_full_N0_20250528_015434.zip
2025-08-16 14:37:29,992 - INFO - EXCLUIR: emp62_H_202505_full_N0_20250529_015435.zip
2025-08-16 14:37:29,997 - INFO - EXCLUIR: emp62_H_202505_full_N0_20250531_015425.zip
2025-08-16 14:37:30,003 - INFO - 
--- Grupo: emp62_H_202506 (26 arquivos) ---
2025-08-16 14:37:30,008 - INFO - MANTER: emp62_H_202506_full_N0_20250701_015331.zip
2025-08-16 14:37:30,012 - INFO - EXCLUIR: emp62_H_202506_full_N0_20250602_014827.zip
2025-08-16 14:37:30,018 - INFO - EXCLUIR: emp62_H_202506_full_N0_20250603_015053.zip
2025-08-16 14:37:30,022 - INFO - EXCLUIR: emp62_H_202506_full_N0_20250604_015340.zip
2025-08-16 14:37:30,026 - INFO - EXCLUIR: emp62_H_202506_full_N0_20250605_014943.zip
2025-08-16 14:37:30,032 - INFO - EXCLUIR: emp62_H_202506_full_N0_20250606_015055.zip
2025-08-16 14:37:30,038 - INFO - EXCLUIR: emp62_H_202506_full_N0_20250607_015949.zip
2025-08-16 14:37:30,042 - INFO - EXCLUIR: emp62_H_202506_full_N0_20250608_015801.zip
2025-08-16 14:37:30,047 - INFO - EXCLUIR: emp62_H_202506_full_N0_20250609_015943.zip
2025-08-16 14:37:30,053 - INFO - EXCLUIR: emp62_H_202506_full_N0_20250610_020234.zip
2025-08-16 14:37:30,059 - INFO - EXCLUIR: emp62_H_202506_full_N0_20250612_014857.zip
2025-08-16 14:37:30,066 - INFO - EXCLUIR: emp62_H_202506_full_N0_20250613_015406.zip
2025-08-16 14:37:30,074 - INFO - EXCLUIR: emp62_H_202506_full_N0_20250614_015816.zip
2025-08-16 14:37:30,078 - INFO - EXCLUIR: emp62_H_202506_full_N0_20250615_015841.zip
2025-08-16 14:37:30,082 - INFO - EXCLUIR: emp62_H_202506_full_N0_20250617_014918.zip
2025-08-16 14:37:30,087 - INFO - EXCLUIR: emp62_H_202506_full_N0_20250618_014932.zip
2025-08-16 14:37:30,093 - INFO - EXCLUIR: emp62_H_202506_full_N0_20250619_014933.zip
2025-08-16 14:37:30,099 - INFO - EXCLUIR: emp62_H_202506_full_N0_20250620_015201.zip
2025-08-16 14:37:30,103 - INFO - EXCLUIR: emp62_H_202506_full_N0_20250621_015412.zip
2025-08-16 14:37:30,111 - INFO - EXCLUIR: emp62_H_202506_full_N0_20250622_020007.zip
2025-08-16 14:37:30,115 - INFO - EXCLUIR: emp62_H_202506_full_N0_20250624_015059.zip
2025-08-16 14:37:30,120 - INFO - EXCLUIR: emp62_H_202506_full_N0_20250625_015820.zip
2025-08-16 14:37:30,129 - INFO - EXCLUIR: emp62_H_202506_full_N0_20250626_020052.zip
2025-08-16 14:37:30,135 - INFO - EXCLUIR: emp62_H_202506_full_N0_20250628_015227.zip
2025-08-16 14:37:30,140 - INFO - EXCLUIR: emp62_H_202506_full_N0_20250629_015033.zip
2025-08-16 14:37:30,146 - INFO - EXCLUIR: emp62_H_202506_full_N0_20250630_015053.zip
2025-08-16 14:37:30,150 - INFO - 
--- Grupo: emp62_H_202507 (31 arquivos) ---
2025-08-16 14:37:30,159 - INFO - MANTER: emp62_H_202507_full_N0_20250801_015441.zip
2025-08-16 14:37:30,165 - INFO - EXCLUIR: emp62_H_202507_full_N0_20250702_015022.zip
2025-08-16 14:37:30,169 - INFO - EXCLUIR: emp62_H_202507_full_N0_20250703_014831.zip
2025-08-16 14:37:30,176 - INFO - EXCLUIR: emp62_H_202507_full_N0_20250704_014835.zip
2025-08-16 14:37:30,180 - INFO - EXCLUIR: emp62_H_202507_full_N0_20250705_015002.zip
2025-08-16 14:37:30,187 - INFO - EXCLUIR: emp62_H_202507_full_N0_20250706_014942.zip
2025-08-16 14:37:30,196 - INFO - EXCLUIR: emp62_H_202507_full_N0_20250707_014826.zip
2025-08-16 14:37:30,202 - INFO - EXCLUIR: emp62_H_202507_full_N0_20250708_014850.zip
2025-08-16 14:37:30,206 - INFO - EXCLUIR: emp62_H_202507_full_N0_20250709_014930.zip
2025-08-16 14:37:30,211 - INFO - EXCLUIR: emp62_H_202507_full_N0_20250710_015126.zip
2025-08-16 14:37:30,216 - INFO - EXCLUIR: emp62_H_202507_full_N0_20250711_014958.zip
2025-08-16 14:37:30,225 - INFO - EXCLUIR: emp62_H_202507_full_N0_20250712_015047.zip
2025-08-16 14:37:30,229 - INFO - EXCLUIR: emp62_H_202507_full_N0_20250713_015208.zip
2025-08-16 14:37:30,234 - INFO - EXCLUIR: emp62_H_202507_full_N0_20250714_015023.zip
2025-08-16 14:37:30,239 - INFO - EXCLUIR: emp62_H_202507_full_N0_20250715_015046.zip
2025-08-16 14:37:30,244 - INFO - EXCLUIR: emp62_H_202507_full_N0_20250716_015208.zip
2025-08-16 14:37:30,250 - INFO - EXCLUIR: emp62_H_202507_full_N0_20250717_015236.zip
2025-08-16 14:37:30,258 - INFO - EXCLUIR: emp62_H_202507_full_N0_20250718_015157.zip
2025-08-16 14:37:30,262 - INFO - EXCLUIR: emp62_H_202507_full_N0_20250719_015203.zip
2025-08-16 14:37:30,266 - INFO - EXCLUIR: emp62_H_202507_full_N0_20250720_015144.zip
2025-08-16 14:37:30,271 - INFO - EXCLUIR: emp62_H_202507_full_N0_20250721_015242.zip
2025-08-16 14:37:30,280 - INFO - EXCLUIR: emp62_H_202507_full_N0_20250722_015249.zip
2025-08-16 14:37:30,309 - INFO - EXCLUIR: emp62_H_202507_full_N0_20250723_015213.zip
2025-08-16 14:37:30,314 - INFO - EXCLUIR: emp62_H_202507_full_N0_20250724_015901.zip
2025-08-16 14:37:30,319 - INFO - EXCLUIR: emp62_H_202507_full_N0_20250725_015142.zip
2025-08-16 14:37:30,326 - INFO - EXCLUIR: emp62_H_202507_full_N0_20250726_015217.zip
2025-08-16 14:37:30,330 - INFO - EXCLUIR: emp62_H_202507_full_N0_20250727_015307.zip
2025-08-16 14:37:30,334 - INFO - EXCLUIR: emp62_H_202507_full_N0_20250728_015115.zip
2025-08-16 14:37:30,338 - INFO - EXCLUIR: emp62_H_202507_full_N0_20250729_015230.zip
2025-08-16 14:37:30,343 - INFO - EXCLUIR: emp62_H_202507_full_N0_20250730_015444.zip
2025-08-16 14:37:30,349 - INFO - EXCLUIR: emp62_H_202507_full_N0_20250731_015428.zip
2025-08-16 14:37:30,354 - INFO - 
--- Grupo: emp62_H_202508 (15 arquivos) ---
2025-08-16 14:37:30,361 - INFO - MANTER: emp62_H_202508_full_N0_20250816_015126.zip
2025-08-16 14:37:30,366 - INFO - EXCLUIR: emp62_H_202508_full_N0_20250802_014943.zip
2025-08-16 14:37:30,370 - INFO - EXCLUIR: emp62_H_202508_full_N0_20250803_014843.zip
2025-08-16 14:37:30,382 - INFO - EXCLUIR: emp62_H_202508_full_N0_20250804_015029.zip
2025-08-16 14:37:30,388 - INFO - EXCLUIR: emp62_H_202508_full_N0_20250805_015301.zip
2025-08-16 14:37:30,403 - INFO - EXCLUIR: emp62_H_202508_full_N0_20250806_015543.zip
2025-08-16 14:37:30,410 - INFO - EXCLUIR: emp62_H_202508_full_N0_20250807_015702.zip
2025-08-16 14:37:30,418 - INFO - EXCLUIR: emp62_H_202508_full_N0_20250808_015251.zip
2025-08-16 14:37:30,425 - INFO - EXCLUIR: emp62_H_202508_full_N0_20250809_020009.zip
2025-08-16 14:37:30,433 - INFO - EXCLUIR: emp62_H_202508_full_N0_20250810_015551.zip
2025-08-16 14:37:30,438 - INFO - EXCLUIR: emp62_H_202508_full_N0_20250811_015252.zip
2025-08-16 14:37:30,447 - INFO - EXCLUIR: emp62_H_202508_full_N0_20250812_015354.zip
2025-08-16 14:37:30,470 - INFO - EXCLUIR: emp62_H_202508_full_N0_20250813_015351.zip
2025-08-16 14:37:30,475 - INFO - EXCLUIR: emp62_H_202508_full_N0_20250814_015250.zip
2025-08-16 14:37:30,482 - INFO - EXCLUIR: emp62_H_202508_full_N0_20250815_015201.zip
2025-08-16 14:37:30,487 - INFO - 
--- Resumo da Operação ---
2025-08-16 14:37:30,491 - INFO - Total de arquivos a manter: 158
2025-08-16 14:37:30,495 - INFO - Total de arquivos a excluir: 1965
2025-08-16 14:37:30,500 - WARNING - 
Para excluir os arquivos, edite o script e mude a variável DRY_RUN para False.
2025-08-16 14:39:06,531 - INFO - Verificando logs antigos (mais de 30 dias) em J:\ti\python\Projetos\erp_limpar_backup_historico\logs
2025-08-16 14:39:06,559 - INFO - Analisando diretório: C:\temp\tecnicon\diario
2025-08-16 14:39:06,572 - INFO - --- Relatório de Limpeza de Backups ---
2025-08-16 14:39:06,577 - WARNING - AVISO: Rodando em modo de simulação (DRY_RUN=True). Nenhum arquivo será excluído.
2025-08-16 14:39:06,581 - INFO - 
--- Grupo: emp17_H_196912 (1 arquivo, nada a fazer) ---
2025-08-16 14:39:06,586 - INFO - MANTER: emp17_H_196912_full_N0_20240128_030957.zip
2025-08-16 14:39:06,590 - INFO - 
--- Grupo: emp17_H_202305 (2 arquivos) ---
2025-08-16 14:39:06,596 - INFO - MANTER: emp17_H_202305_full_N0_20240121_031358.zip
2025-08-16 14:39:06,600 - INFO - EXCLUIR: emp17_H_202305_full_N0_20231220_022236.zip
2025-08-16 14:39:06,604 - INFO - 
--- Grupo: emp17_H_202306 (2 arquivos) ---
2025-08-16 14:39:06,608 - INFO - MANTER: emp17_H_202306_full_N0_20240121_030801.zip
2025-08-16 14:39:06,612 - INFO - EXCLUIR: emp17_H_202306_full_N0_20231220_021603.zip
2025-08-16 14:39:06,620 - INFO - 
--- Grupo: emp17_H_202307 (2 arquivos) ---
2025-08-16 14:39:06,624 - INFO - MANTER: emp17_H_202307_full_N0_20240121_021839.zip
2025-08-16 14:39:06,628 - INFO - EXCLUIR: emp17_H_202307_full_N0_20231220_014123.zip
2025-08-16 14:39:06,634 - INFO - 
--- Grupo: emp17_H_202308 (2 arquivos) ---
2025-08-16 14:39:06,638 - INFO - MANTER: emp17_H_202308_full_N0_20240121_022418.zip
2025-08-16 14:39:06,642 - INFO - EXCLUIR: emp17_H_202308_full_N0_20231220_014644.zip
2025-08-16 14:39:06,646 - INFO - 
--- Grupo: emp17_H_202309 (2 arquivos) ---
2025-08-16 14:39:06,651 - INFO - MANTER: emp17_H_202309_full_N0_20240121_030236.zip
2025-08-16 14:39:06,655 - INFO - EXCLUIR: emp17_H_202309_full_N0_20231220_021038.zip
2025-08-16 14:39:06,659 - INFO - 
--- Grupo: emp17_H_202310 (2 arquivos) ---
2025-08-16 14:39:06,664 - INFO - MANTER: emp17_H_202310_full_N0_20240121_023005.zip
2025-08-16 14:39:06,668 - INFO - EXCLUIR: emp17_H_202310_full_N0_20231220_015206.zip
2025-08-16 14:39:06,673 - INFO - 
--- Grupo: emp17_H_202311 (1 arquivo, nada a fazer) ---
2025-08-16 14:39:06,677 - INFO - MANTER: emp17_H_202311_full_N0_20240214_044117.zip
2025-08-16 14:39:06,682 - INFO - 
--- Grupo: emp17_H_202312 (1 arquivo, nada a fazer) ---
2025-08-16 14:39:06,689 - INFO - MANTER: emp17_H_202312_full_N0_20240220_023008.zip
2025-08-16 14:39:06,693 - INFO - 
--- Grupo: emp17_H_202401 (1 arquivo, nada a fazer) ---
2025-08-16 14:39:06,697 - INFO - MANTER: emp17_H_202401_full_N0_20240222_022307.zip
2025-08-16 14:39:06,701 - INFO - 
--- Grupo: emp17_H_202402 (1 arquivo, nada a fazer) ---
2025-08-16 14:39:06,705 - INFO - MANTER: emp17_H_202402_full_N0_20240306_022940.zip
2025-08-16 14:39:06,709 - INFO - 
--- Grupo: emp17_H_202403 (21 arquivos) ---
2025-08-16 14:39:06,713 - INFO - MANTER: emp17_H_202403_full_N0_20240401_022840.zip
2025-08-16 14:39:06,720 - INFO - EXCLUIR: emp17_H_202403_full_N0_20240312_022919.zip
2025-08-16 14:39:06,724 - INFO - EXCLUIR: emp17_H_202403_full_N0_20240313_022839.zip
2025-08-16 14:39:06,729 - INFO - EXCLUIR: emp17_H_202403_full_N0_20240314_022456.zip
2025-08-16 14:39:06,733 - INFO - EXCLUIR: emp17_H_202403_full_N0_20240315_023039.zip
2025-08-16 14:39:06,739 - INFO - EXCLUIR: emp17_H_202403_full_N0_20240316_023143.zip
2025-08-16 14:39:06,744 - INFO - EXCLUIR: emp17_H_202403_full_N0_20240317_022746.zip
2025-08-16 14:39:06,749 - INFO - EXCLUIR: emp17_H_202403_full_N0_20240318_022910.zip
2025-08-16 14:39:06,753 - INFO - EXCLUIR: emp17_H_202403_full_N0_20240319_022839.zip
2025-08-16 14:39:06,757 - INFO - EXCLUIR: emp17_H_202403_full_N0_20240320_022405.zip
2025-08-16 14:39:06,761 - INFO - EXCLUIR: emp17_H_202403_full_N0_20240321_022946.zip
2025-08-16 14:39:06,766 - INFO - EXCLUIR: emp17_H_202403_full_N0_20240322_022913.zip
2025-08-16 14:39:06,776 - INFO - EXCLUIR: emp17_H_202403_full_N0_20240323_022847.zip
2025-08-16 14:39:06,781 - INFO - EXCLUIR: emp17_H_202403_full_N0_20240324_022834.zip
2025-08-16 14:39:06,787 - INFO - EXCLUIR: emp17_H_202403_full_N0_20240325_022852.zip
2025-08-16 14:39:06,793 - INFO - EXCLUIR: emp17_H_202403_full_N0_20240326_022614.zip
2025-08-16 14:39:06,797 - INFO - EXCLUIR: emp17_H_202403_full_N0_20240327_022913.zip
2025-08-16 14:39:06,802 - INFO - EXCLUIR: emp17_H_202403_full_N0_20240328_022851.zip
2025-08-16 14:39:06,806 - INFO - EXCLUIR: emp17_H_202403_full_N0_20240329_022904.zip
2025-08-16 14:39:06,812 - INFO - EXCLUIR: emp17_H_202403_full_N0_20240330_022855.zip
2025-08-16 14:39:06,816 - INFO - EXCLUIR: emp17_H_202403_full_N0_20240331_022836.zip
2025-08-16 14:39:06,823 - INFO - 
--- Grupo: emp17_H_202404 (30 arquivos) ---
2025-08-16 14:39:06,828 - INFO - MANTER: emp17_H_202404_full_N0_20240501_022900.zip
2025-08-16 14:39:06,833 - INFO - EXCLUIR: emp17_H_202404_full_N0_20240402_022905.zip
2025-08-16 14:39:06,841 - INFO - EXCLUIR: emp17_H_202404_full_N0_20240403_022930.zip
2025-08-16 14:39:06,852 - INFO - EXCLUIR: emp17_H_202404_full_N0_20240404_022346.zip
2025-08-16 14:39:06,857 - INFO - EXCLUIR: emp17_H_202404_full_N0_20240405_022912.zip
2025-08-16 14:39:06,862 - INFO - EXCLUIR: emp17_H_202404_full_N0_20240406_022905.zip
2025-08-16 14:39:06,866 - INFO - EXCLUIR: emp17_H_202404_full_N0_20240407_022841.zip
2025-08-16 14:39:06,871 - INFO - EXCLUIR: emp17_H_202404_full_N0_20240408_022924.zip
2025-08-16 14:39:06,876 - INFO - EXCLUIR: emp17_H_202404_full_N0_20240409_022934.zip
2025-08-16 14:39:06,893 - INFO - EXCLUIR: emp17_H_202404_full_N0_20240410_022453.zip
2025-08-16 14:39:06,897 - INFO - EXCLUIR: emp17_H_202404_full_N0_20240411_022942.zip
2025-08-16 14:39:06,902 - INFO - EXCLUIR: emp17_H_202404_full_N0_20240412_022909.zip
2025-08-16 14:39:06,906 - INFO - EXCLUIR: emp17_H_202404_full_N0_20240413_022614.zip
2025-08-16 14:39:06,910 - INFO - EXCLUIR: emp17_H_202404_full_N0_20240414_022905.zip
2025-08-16 14:39:06,915 - INFO - EXCLUIR: emp17_H_202404_full_N0_20240415_022927.zip
2025-08-16 14:39:06,919 - INFO - EXCLUIR: emp17_H_202404_full_N0_20240416_022912.zip
2025-08-16 14:39:06,927 - INFO - EXCLUIR: emp17_H_202404_full_N0_20240417_022904.zip
2025-08-16 14:39:06,932 - INFO - EXCLUIR: emp17_H_202404_full_N0_20240418_022920.zip
2025-08-16 14:39:06,939 - INFO - EXCLUIR: emp17_H_202404_full_N0_20240419_022910.zip
2025-08-16 14:39:06,943 - INFO - EXCLUIR: emp17_H_202404_full_N0_20240420_022904.zip
2025-08-16 14:39:06,947 - INFO - EXCLUIR: emp17_H_202404_full_N0_20240421_022908.zip
2025-08-16 14:39:06,951 - INFO - EXCLUIR: emp17_H_202404_full_N0_20240422_022657.zip
2025-08-16 14:39:06,956 - INFO - EXCLUIR: emp17_H_202404_full_N0_20240423_022930.zip
2025-08-16 14:39:06,961 - INFO - EXCLUIR: emp17_H_202404_full_N0_20240424_022923.zip
2025-08-16 14:39:06,965 - INFO - EXCLUIR: emp17_H_202404_full_N0_20240425_022643.zip
2025-08-16 14:39:06,970 - INFO - EXCLUIR: emp17_H_202404_full_N0_20240426_022952.zip
2025-08-16 14:39:06,976 - INFO - EXCLUIR: emp17_H_202404_full_N0_20240427_022930.zip
2025-08-16 14:39:06,981 - INFO - EXCLUIR: emp17_H_202404_full_N0_20240428_022524.zip
2025-08-16 14:39:06,986 - INFO - EXCLUIR: emp17_H_202404_full_N0_20240429_022412.zip
2025-08-16 14:39:06,993 - INFO - EXCLUIR: emp17_H_202404_full_N0_20240430_022919.zip
2025-08-16 14:39:07,002 - INFO - 
--- Grupo: emp17_H_202405 (25 arquivos) ---
2025-08-16 14:39:07,009 - INFO - MANTER: emp17_H_202405_full_N0_20240601_022938.zip
2025-08-16 14:39:07,015 - INFO - EXCLUIR: emp17_H_202405_full_N0_20240502_022416.zip
2025-08-16 14:39:07,020 - INFO - EXCLUIR: emp17_H_202405_full_N0_20240503_022952.zip
2025-08-16 14:39:07,027 - INFO - EXCLUIR: emp17_H_202405_full_N0_20240504_022907.zip
2025-08-16 14:39:07,033 - INFO - EXCLUIR: emp17_H_202405_full_N0_20240505_022351.zip
2025-08-16 14:39:07,041 - INFO - EXCLUIR: emp17_H_202405_full_N0_20240506_022437.zip
2025-08-16 14:39:07,053 - INFO - EXCLUIR: emp17_H_202405_full_N0_20240507_022918.zip
2025-08-16 14:39:07,057 - INFO - EXCLUIR: emp17_H_202405_full_N0_20240508_022355.zip
2025-08-16 14:39:07,065 - INFO - EXCLUIR: emp17_H_202405_full_N0_20240509_022942.zip
2025-08-16 14:39:07,069 - INFO - EXCLUIR: emp17_H_202405_full_N0_20240510_022905.zip
2025-08-16 14:39:07,074 - INFO - EXCLUIR: emp17_H_202405_full_N0_20240511_022347.zip
2025-08-16 14:39:07,080 - INFO - EXCLUIR: emp17_H_202405_full_N0_20240512_022947.zip
2025-08-16 14:39:07,085 - INFO - EXCLUIR: emp17_H_202405_full_N0_20240519_022957.zip
2025-08-16 14:39:07,090 - INFO - EXCLUIR: emp17_H_202405_full_N0_20240520_023008.zip
2025-08-16 14:39:07,096 - INFO - EXCLUIR: emp17_H_202405_full_N0_20240521_023038.zip
2025-08-16 14:39:07,100 - INFO - EXCLUIR: emp17_H_202405_full_N0_20240522_023012.zip
2025-08-16 14:39:07,105 - INFO - EXCLUIR: emp17_H_202405_full_N0_20240523_023010.zip
2025-08-16 14:39:07,110 - INFO - EXCLUIR: emp17_H_202405_full_N0_20240524_023013.zip
2025-08-16 14:39:07,114 - INFO - EXCLUIR: emp17_H_202405_full_N0_20240525_023011.zip
2025-08-16 14:39:07,120 - INFO - EXCLUIR: emp17_H_202405_full_N0_20240526_022952.zip
2025-08-16 14:39:07,125 - INFO - EXCLUIR: emp17_H_202405_full_N0_20240527_023007.zip
2025-08-16 14:39:07,134 - INFO - EXCLUIR: emp17_H_202405_full_N0_20240528_023014.zip
2025-08-16 14:39:07,141 - INFO - EXCLUIR: emp17_H_202405_full_N0_20240529_022836.zip
2025-08-16 14:39:07,147 - INFO - EXCLUIR: emp17_H_202405_full_N0_20240530_022944.zip
2025-08-16 14:39:07,151 - INFO - EXCLUIR: emp17_H_202405_full_N0_20240531_022952.zip
2025-08-16 14:39:07,158 - INFO - 
--- Grupo: emp17_H_202406 (30 arquivos) ---
2025-08-16 14:39:07,163 - INFO - MANTER: emp17_H_202406_full_N0_20240701_023026.zip
2025-08-16 14:39:07,168 - INFO - EXCLUIR: emp17_H_202406_full_N0_20240602_022938.zip
2025-08-16 14:39:07,172 - INFO - EXCLUIR: emp17_H_202406_full_N0_20240603_023031.zip
2025-08-16 14:39:07,176 - INFO - EXCLUIR: emp17_H_202406_full_N0_20240604_022517.zip
2025-08-16 14:39:07,180 - INFO - EXCLUIR: emp17_H_202406_full_N0_20240605_023015.zip
2025-08-16 14:39:07,187 - INFO - EXCLUIR: emp17_H_202406_full_N0_20240606_023017.zip
2025-08-16 14:39:07,192 - INFO - EXCLUIR: emp17_H_202406_full_N0_20240607_022826.zip
2025-08-16 14:39:07,200 - INFO - EXCLUIR: emp17_H_202406_full_N0_20240608_022959.zip
2025-08-16 14:39:07,205 - INFO - EXCLUIR: emp17_H_202406_full_N0_20240609_023021.zip
2025-08-16 14:39:07,210 - INFO - EXCLUIR: emp17_H_202406_full_N0_20240610_023028.zip
2025-08-16 14:39:07,215 - INFO - EXCLUIR: emp17_H_202406_full_N0_20240611_022809.zip
2025-08-16 14:39:07,221 - INFO - EXCLUIR: emp17_H_202406_full_N0_20240612_023035.zip
2025-08-16 14:39:07,225 - INFO - EXCLUIR: emp17_H_202406_full_N0_20240613_023033.zip
2025-08-16 14:39:07,233 - INFO - EXCLUIR: emp17_H_202406_full_N0_20240614_023008.zip
2025-08-16 14:39:07,238 - INFO - EXCLUIR: emp17_H_202406_full_N0_20240615_023018.zip
2025-08-16 14:39:07,242 - INFO - EXCLUIR: emp17_H_202406_full_N0_20240616_022516.zip
2025-08-16 14:39:07,251 - INFO - EXCLUIR: emp17_H_202406_full_N0_20240617_023024.zip
2025-08-16 14:39:07,260 - INFO - EXCLUIR: emp17_H_202406_full_N0_20240618_023053.zip
2025-08-16 14:39:07,264 - INFO - EXCLUIR: emp17_H_202406_full_N0_20240619_022447.zip
2025-08-16 14:39:07,269 - INFO - EXCLUIR: emp17_H_202406_full_N0_20240620_023021.zip
2025-08-16 14:39:07,273 - INFO - EXCLUIR: emp17_H_202406_full_N0_20240621_022847.zip
2025-08-16 14:39:07,278 - INFO - EXCLUIR: emp17_H_202406_full_N0_20240622_022519.zip
2025-08-16 14:39:07,285 - INFO - EXCLUIR: emp17_H_202406_full_N0_20240623_023021.zip
2025-08-16 14:39:07,290 - INFO - EXCLUIR: emp17_H_202406_full_N0_20240624_023022.zip
2025-08-16 14:39:07,295 - INFO - EXCLUIR: emp17_H_202406_full_N0_20240625_022529.zip
2025-08-16 14:39:07,309 - INFO - EXCLUIR: emp17_H_202406_full_N0_20240626_023052.zip
2025-08-16 14:39:07,319 - INFO - EXCLUIR: emp17_H_202406_full_N0_20240627_023018.zip
2025-08-16 14:39:07,324 - INFO - EXCLUIR: emp17_H_202406_full_N0_20240628_023056.zip
2025-08-16 14:39:07,328 - INFO - EXCLUIR: emp17_H_202406_full_N0_20240629_023020.zip
2025-08-16 14:39:07,335 - INFO - EXCLUIR: emp17_H_202406_full_N0_20240630_023023.zip
2025-08-16 14:39:07,339 - INFO - 
--- Grupo: emp17_H_202407 (32 arquivos) ---
2025-08-16 14:39:07,346 - INFO - MANTER: emp17_H_202407_full_N0_20240915_114706.zip
2025-08-16 14:39:07,353 - INFO - EXCLUIR: emp17_H_202407_full_N0_20240702_023029.zip
2025-08-16 14:39:07,357 - INFO - EXCLUIR: emp17_H_202407_full_N0_20240703_022846.zip
2025-08-16 14:39:07,361 - INFO - EXCLUIR: emp17_H_202407_full_N0_20240704_023017.zip
2025-08-16 14:39:07,367 - INFO - EXCLUIR: emp17_H_202407_full_N0_20240705_023037.zip
2025-08-16 14:39:07,372 - INFO - EXCLUIR: emp17_H_202407_full_N0_20240706_023018.zip
2025-08-16 14:39:07,376 - INFO - EXCLUIR: emp17_H_202407_full_N0_20240707_022442.zip
2025-08-16 14:39:07,381 - INFO - EXCLUIR: emp17_H_202407_full_N0_20240708_023038.zip
2025-08-16 14:39:07,385 - INFO - EXCLUIR: emp17_H_202407_full_N0_20240709_023037.zip
2025-08-16 14:39:07,391 - INFO - EXCLUIR: emp17_H_202407_full_N0_20240710_022817.zip
2025-08-16 14:39:07,395 - INFO - EXCLUIR: emp17_H_202407_full_N0_20240711_023026.zip
2025-08-16 14:39:07,400 - INFO - EXCLUIR: emp17_H_202407_full_N0_20240712_023039.zip
2025-08-16 14:39:07,404 - INFO - EXCLUIR: emp17_H_202407_full_N0_20240713_022655.zip
2025-08-16 14:39:07,409 - INFO - EXCLUIR: emp17_H_202407_full_N0_20240714_023021.zip
2025-08-16 14:39:07,414 - INFO - EXCLUIR: emp17_H_202407_full_N0_20240715_023113.zip
2025-08-16 14:39:07,418 - INFO - EXCLUIR: emp17_H_202407_full_N0_20240716_022720.zip
2025-08-16 14:39:07,422 - INFO - EXCLUIR: emp17_H_202407_full_N0_20240717_023143.zip
2025-08-16 14:39:07,426 - INFO - EXCLUIR: emp17_H_202407_full_N0_20240718_023036.zip
2025-08-16 14:39:07,431 - INFO - EXCLUIR: emp17_H_202407_full_N0_20240719_022710.zip
2025-08-16 14:39:07,438 - INFO - EXCLUIR: emp17_H_202407_full_N0_20240720_023054.zip
2025-08-16 14:39:07,444 - INFO - EXCLUIR: emp17_H_202407_full_N0_20240721_023044.zip
2025-08-16 14:39:07,449 - INFO - EXCLUIR: emp17_H_202407_full_N0_20240722_022556.zip
2025-08-16 14:39:07,455 - INFO - EXCLUIR: emp17_H_202407_full_N0_20240723_023054.zip
2025-08-16 14:39:07,460 - INFO - EXCLUIR: emp17_H_202407_full_N0_20240724_023031.zip
2025-08-16 14:39:07,464 - INFO - EXCLUIR: emp17_H_202407_full_N0_20240725_022721.zip
2025-08-16 14:39:07,473 - INFO - EXCLUIR: emp17_H_202407_full_N0_20240726_023048.zip
2025-08-16 14:39:07,477 - INFO - EXCLUIR: emp17_H_202407_full_N0_20240727_023038.zip
2025-08-16 14:39:07,481 - INFO - EXCLUIR: emp17_H_202407_full_N0_20240728_022421.zip
2025-08-16 14:39:07,486 - INFO - EXCLUIR: emp17_H_202407_full_N0_20240729_023114.zip
2025-08-16 14:39:07,491 - INFO - EXCLUIR: emp17_H_202407_full_N0_20240730_023059.zip
2025-08-16 14:39:07,496 - INFO - EXCLUIR: emp17_H_202407_full_N0_20240731_022630.zip
2025-08-16 14:39:07,501 - INFO - EXCLUIR: emp17_H_202407_full_N0_20240801_023110.zip
2025-08-16 14:39:07,508 - INFO - 
--- Grupo: emp17_H_202408 (32 arquivos) ---
2025-08-16 14:39:07,512 - INFO - MANTER: emp17_H_202408_full_N0_20240915_115406.zip
2025-08-16 14:39:07,516 - INFO - EXCLUIR: emp17_H_202408_full_N0_20240802_023049.zip
2025-08-16 14:39:07,521 - INFO - EXCLUIR: emp17_H_202408_full_N0_20240803_023102.zip
2025-08-16 14:39:07,524 - INFO - EXCLUIR: emp17_H_202408_full_N0_20240804_023111.zip
2025-08-16 14:39:07,529 - INFO - EXCLUIR: emp17_H_202408_full_N0_20240805_023129.zip
2025-08-16 14:39:07,535 - INFO - EXCLUIR: emp17_H_202408_full_N0_20240806_023104.zip
2025-08-16 14:39:07,543 - INFO - EXCLUIR: emp17_H_202408_full_N0_20240807_022923.zip
2025-08-16 14:39:07,548 - INFO - EXCLUIR: emp17_H_202408_full_N0_20240808_022630.zip
2025-08-16 14:39:07,552 - INFO - EXCLUIR: emp17_H_202408_full_N0_20240809_023117.zip
2025-08-16 14:39:07,559 - INFO - EXCLUIR: emp17_H_202408_full_N0_20240810_023053.zip
2025-08-16 14:39:07,567 - INFO - EXCLUIR: emp17_H_202408_full_N0_20240811_023045.zip
2025-08-16 14:39:07,572 - INFO - EXCLUIR: emp17_H_202408_full_N0_20240812_023040.zip
2025-08-16 14:39:07,576 - INFO - EXCLUIR: emp17_H_202408_full_N0_20240813_023105.zip
2025-08-16 14:39:07,580 - INFO - EXCLUIR: emp17_H_202408_full_N0_20240814_023044.zip
2025-08-16 14:39:07,585 - INFO - EXCLUIR: emp17_H_202408_full_N0_20240815_023110.zip
2025-08-16 14:39:07,590 - INFO - EXCLUIR: emp17_H_202408_full_N0_20240816_023106.zip
2025-08-16 14:39:07,594 - INFO - EXCLUIR: emp17_H_202408_full_N0_20240817_023055.zip
2025-08-16 14:39:07,599 - INFO - EXCLUIR: emp17_H_202408_full_N0_20240818_023039.zip
2025-08-16 14:39:07,603 - INFO - EXCLUIR: emp17_H_202408_full_N0_20240819_023059.zip
2025-08-16 14:39:07,608 - INFO - EXCLUIR: emp17_H_202408_full_N0_20240820_022700.zip
2025-08-16 14:39:07,612 - INFO - EXCLUIR: emp17_H_202408_full_N0_20240821_023119.zip
2025-08-16 14:39:07,616 - INFO - EXCLUIR: emp17_H_202408_full_N0_20240822_023057.zip
2025-08-16 14:39:07,620 - INFO - EXCLUIR: emp17_H_202408_full_N0_20240823_023111.zip
2025-08-16 14:39:07,627 - INFO - EXCLUIR: emp17_H_202408_full_N0_20240824_023118.zip
2025-08-16 14:39:07,632 - INFO - EXCLUIR: emp17_H_202408_full_N0_20240825_023109.zip
2025-08-16 14:39:07,636 - INFO - EXCLUIR: emp17_H_202408_full_N0_20240826_022503.zip
2025-08-16 14:39:07,642 - INFO - EXCLUIR: emp17_H_202408_full_N0_20240827_023128.zip
2025-08-16 14:39:07,646 - INFO - EXCLUIR: emp17_H_202408_full_N0_20240828_023116.zip
2025-08-16 14:39:07,650 - INFO - EXCLUIR: emp17_H_202408_full_N0_20240829_023120.zip
2025-08-16 14:39:07,655 - INFO - EXCLUIR: emp17_H_202408_full_N0_20240830_023116.zip
2025-08-16 14:39:07,660 - INFO - EXCLUIR: emp17_H_202408_full_N0_20240831_023113.zip
2025-08-16 14:39:07,663 - INFO - EXCLUIR: emp17_H_202408_full_N0_20240901_022644.zip
2025-08-16 14:39:07,668 - INFO - 
--- Grupo: emp17_H_202409 (18 arquivos) ---
2025-08-16 14:39:07,672 - INFO - MANTER: emp17_H_202409_full_N0_20241001_020033.zip
2025-08-16 14:39:07,676 - INFO - EXCLUIR: emp17_H_202409_full_N0_20240902_023129.zip
2025-08-16 14:39:07,680 - INFO - EXCLUIR: emp17_H_202409_full_N0_20240903_023128.zip
2025-08-16 14:39:07,684 - INFO - EXCLUIR: emp17_H_202409_full_N0_20240904_022505.zip
2025-08-16 14:39:07,690 - INFO - EXCLUIR: emp17_H_202409_full_N0_20240905_023142.zip
2025-08-16 14:39:07,694 - INFO - EXCLUIR: emp17_H_202409_full_N0_20240906_023149.zip
2025-08-16 14:39:07,701 - INFO - EXCLUIR: emp17_H_202409_full_N0_20240907_022606.zip
2025-08-16 14:39:07,706 - INFO - EXCLUIR: emp17_H_202409_full_N0_20240908_023138.zip
2025-08-16 14:39:07,711 - INFO - EXCLUIR: emp17_H_202409_full_N0_20240909_023117.zip
2025-08-16 14:39:07,716 - INFO - EXCLUIR: emp17_H_202409_full_N0_20240910_022342.zip
2025-08-16 14:39:07,726 - INFO - EXCLUIR: emp17_H_202409_full_N0_20240911_023120.zip
2025-08-16 14:39:07,730 - INFO - EXCLUIR: emp17_H_202409_full_N0_20240912_023136.zip
2025-08-16 14:39:07,734 - INFO - EXCLUIR: emp17_H_202409_full_N0_20240913_022521.zip
2025-08-16 14:39:07,738 - INFO - EXCLUIR: emp17_H_202409_full_N0_20240914_023155.zip
2025-08-16 14:39:07,750 - INFO - EXCLUIR: emp17_H_202409_full_N0_20240915_023120.zip
2025-08-16 14:39:07,755 - INFO - EXCLUIR: emp17_H_202409_full_N0_20240928_020026.zip
2025-08-16 14:39:07,763 - INFO - EXCLUIR: emp17_H_202409_full_N0_20240929_015821.zip
2025-08-16 14:39:07,767 - INFO - EXCLUIR: emp17_H_202409_full_N0_20240930_015824.zip
2025-08-16 14:39:07,771 - INFO - 
--- Grupo: emp17_H_202410 (28 arquivos) ---
2025-08-16 14:39:07,775 - INFO - MANTER: emp17_H_202410_full_N0_20241101_014320.zip
2025-08-16 14:39:07,779 - INFO - EXCLUIR: emp17_H_202410_full_N0_20241002_015959.zip
2025-08-16 14:39:07,784 - INFO - EXCLUIR: emp17_H_202410_full_N0_20241003_020041.zip
2025-08-16 14:39:07,789 - INFO - EXCLUIR: emp17_H_202410_full_N0_20241004_020054.zip
2025-08-16 14:39:07,797 - INFO - EXCLUIR: emp17_H_202410_full_N0_20241005_015841.zip
2025-08-16 14:39:07,801 - INFO - EXCLUIR: emp17_H_202410_full_N0_20241006_015809.zip
2025-08-16 14:39:07,805 - INFO - EXCLUIR: emp17_H_202410_full_N0_20241007_015802.zip
2025-08-16 14:39:07,812 - INFO - EXCLUIR: emp17_H_202410_full_N0_20241008_015917.zip
2025-08-16 14:39:07,817 - INFO - EXCLUIR: emp17_H_202410_full_N0_20241009_020107.zip
2025-08-16 14:39:07,822 - INFO - EXCLUIR: emp17_H_202410_full_N0_20241010_015812.zip
2025-08-16 14:39:07,827 - INFO - EXCLUIR: emp17_H_202410_full_N0_20241011_015556.zip
2025-08-16 14:39:07,831 - INFO - EXCLUIR: emp17_H_202410_full_N0_20241012_015627.zip
2025-08-16 14:39:07,835 - INFO - EXCLUIR: emp17_H_202410_full_N0_20241013_015626.zip
2025-08-16 14:39:07,840 - INFO - EXCLUIR: emp17_H_202410_full_N0_20241014_015623.zip
2025-08-16 14:39:07,846 - INFO - EXCLUIR: emp17_H_202410_full_N0_20241015_015528.zip
2025-08-16 14:39:07,850 - INFO - EXCLUIR: emp17_H_202410_full_N0_20241016_020234.zip
2025-08-16 14:39:07,855 - INFO - EXCLUIR: emp17_H_202410_full_N0_20241017_015538.zip
2025-08-16 14:39:07,859 - INFO - EXCLUIR: emp17_H_202410_full_N0_20241018_015649.zip
2025-08-16 14:39:07,867 - INFO - EXCLUIR: emp17_H_202410_full_N0_20241019_015636.zip
2025-08-16 14:39:07,874 - INFO - EXCLUIR: emp17_H_202410_full_N0_20241020_015531.zip
2025-08-16 14:39:07,879 - INFO - EXCLUIR: emp17_H_202410_full_N0_20241021_015548.zip
2025-08-16 14:39:07,883 - INFO - EXCLUIR: emp17_H_202410_full_N0_20241022_015825.zip
2025-08-16 14:39:07,887 - INFO - EXCLUIR: emp17_H_202410_full_N0_20241023_015925.zip
2025-08-16 14:39:07,891 - INFO - EXCLUIR: emp17_H_202410_full_N0_20241024_020310.zip
2025-08-16 14:39:07,895 - INFO - EXCLUIR: emp17_H_202410_full_N0_20241025_015648.zip
2025-08-16 14:39:07,900 - INFO - EXCLUIR: emp17_H_202410_full_N0_20241026_015637.zip
2025-08-16 14:39:07,905 - INFO - EXCLUIR: emp17_H_202410_full_N0_20241027_015541.zip
2025-08-16 14:39:07,909 - INFO - EXCLUIR: emp17_H_202410_full_N0_20241028_015551.zip
2025-08-16 14:39:07,915 - INFO - 
--- Grupo: emp17_H_202411 (20 arquivos) ---
2025-08-16 14:39:07,919 - INFO - MANTER: emp17_H_202411_full_N0_20241201_014243.zip
2025-08-16 14:39:07,924 - INFO - EXCLUIR: emp17_H_202411_full_N0_20241111_014245.zip
2025-08-16 14:39:07,928 - INFO - EXCLUIR: emp17_H_202411_full_N0_20241113_014241.zip
2025-08-16 14:39:07,933 - INFO - EXCLUIR: emp17_H_202411_full_N0_20241114_014216.zip
2025-08-16 14:39:07,939 - INFO - EXCLUIR: emp17_H_202411_full_N0_20241115_014220.zip
2025-08-16 14:39:07,943 - INFO - EXCLUIR: emp17_H_202411_full_N0_20241116_014325.zip
2025-08-16 14:39:07,949 - INFO - EXCLUIR: emp17_H_202411_full_N0_20241117_014316.zip
2025-08-16 14:39:07,953 - INFO - EXCLUIR: emp17_H_202411_full_N0_20241118_030517.zip
2025-08-16 14:39:07,958 - INFO - EXCLUIR: emp17_H_202411_full_N0_20241119_014220.zip
2025-08-16 14:39:07,964 - INFO - EXCLUIR: emp17_H_202411_full_N0_20241120_014232.zip
2025-08-16 14:39:07,970 - INFO - EXCLUIR: emp17_H_202411_full_N0_20241121_014316.zip
2025-08-16 14:39:07,975 - INFO - EXCLUIR: emp17_H_202411_full_N0_20241122_014238.zip
2025-08-16 14:39:07,980 - INFO - EXCLUIR: emp17_H_202411_full_N0_20241123_014229.zip
2025-08-16 14:39:07,984 - INFO - EXCLUIR: emp17_H_202411_full_N0_20241124_014218.zip
2025-08-16 14:39:07,988 - INFO - EXCLUIR: emp17_H_202411_full_N0_20241125_014221.zip
2025-08-16 14:39:07,992 - INFO - EXCLUIR: emp17_H_202411_full_N0_20241126_014230.zip
2025-08-16 14:39:07,997 - INFO - EXCLUIR: emp17_H_202411_full_N0_20241127_014255.zip
2025-08-16 14:39:08,001 - INFO - EXCLUIR: emp17_H_202411_full_N0_20241128_014253.zip
2025-08-16 14:39:08,006 - INFO - EXCLUIR: emp17_H_202411_full_N0_20241129_014251.zip
2025-08-16 14:39:08,011 - INFO - EXCLUIR: emp17_H_202411_full_N0_20241130_014259.zip
2025-08-16 14:39:08,016 - INFO - 
--- Grupo: emp17_H_202412 (30 arquivos) ---
2025-08-16 14:39:08,020 - INFO - MANTER: emp17_H_202412_full_N0_20250101_014402.zip
2025-08-16 14:39:08,025 - INFO - EXCLUIR: emp17_H_202412_full_N0_20241202_014249.zip
2025-08-16 14:39:08,030 - INFO - EXCLUIR: emp17_H_202412_full_N0_20241203_014259.zip
2025-08-16 14:39:08,034 - INFO - EXCLUIR: emp17_H_202412_full_N0_20241204_014321.zip
2025-08-16 14:39:08,039 - INFO - EXCLUIR: emp17_H_202412_full_N0_20241205_014328.zip
2025-08-16 14:39:08,043 - INFO - EXCLUIR: emp17_H_202412_full_N0_20241206_014323.zip
2025-08-16 14:39:08,047 - INFO - EXCLUIR: emp17_H_202412_full_N0_20241207_014338.zip
2025-08-16 14:39:08,055 - INFO - EXCLUIR: emp17_H_202412_full_N0_20241208_014257.zip
2025-08-16 14:39:08,063 - INFO - EXCLUIR: emp17_H_202412_full_N0_20241209_014301.zip
2025-08-16 14:39:08,070 - INFO - EXCLUIR: emp17_H_202412_full_N0_20241210_014311.zip
2025-08-16 14:39:08,074 - INFO - EXCLUIR: emp17_H_202412_full_N0_20241211_014349.zip
2025-08-16 14:39:08,079 - INFO - EXCLUIR: emp17_H_202412_full_N0_20241212_014321.zip
2025-08-16 14:39:08,088 - INFO - EXCLUIR: emp17_H_202412_full_N0_20241213_014341.zip
2025-08-16 14:39:08,093 - INFO - EXCLUIR: emp17_H_202412_full_N0_20241214_014319.zip
2025-08-16 14:39:08,099 - INFO - EXCLUIR: emp17_H_202412_full_N0_20241215_014331.zip
2025-08-16 14:39:08,106 - INFO - EXCLUIR: emp17_H_202412_full_N0_20241217_014339.zip
2025-08-16 14:39:08,123 - INFO - EXCLUIR: emp17_H_202412_full_N0_20241218_014338.zip
2025-08-16 14:39:08,130 - INFO - EXCLUIR: emp17_H_202412_full_N0_20241219_014338.zip
2025-08-16 14:39:08,137 - INFO - EXCLUIR: emp17_H_202412_full_N0_20241220_014352.zip
2025-08-16 14:39:08,145 - INFO - EXCLUIR: emp17_H_202412_full_N0_20241221_014356.zip
2025-08-16 14:39:08,159 - INFO - EXCLUIR: emp17_H_202412_full_N0_20241222_014348.zip
2025-08-16 14:39:08,163 - INFO - EXCLUIR: emp17_H_202412_full_N0_20241223_014404.zip
2025-08-16 14:39:08,167 - INFO - EXCLUIR: emp17_H_202412_full_N0_20241224_014340.zip
2025-08-16 14:39:08,173 - INFO - EXCLUIR: emp17_H_202412_full_N0_20241225_014430.zip
2025-08-16 14:39:08,177 - INFO - EXCLUIR: emp17_H_202412_full_N0_20241226_014359.zip
2025-08-16 14:39:08,183 - INFO - EXCLUIR: emp17_H_202412_full_N0_20241227_014421.zip
2025-08-16 14:39:08,189 - INFO - EXCLUIR: emp17_H_202412_full_N0_20241228_014435.zip
2025-08-16 14:39:08,199 - INFO - EXCLUIR: emp17_H_202412_full_N0_20241229_014337.zip
2025-08-16 14:39:08,205 - INFO - EXCLUIR: emp17_H_202412_full_N0_20241230_014337.zip
2025-08-16 14:39:08,212 - INFO - EXCLUIR: emp17_H_202412_full_N0_20241231_014335.zip
2025-08-16 14:39:08,219 - INFO - 
--- Grupo: emp17_H_202501 (29 arquivos) ---
2025-08-16 14:39:08,224 - INFO - MANTER: emp17_H_202501_full_N0_20250201_014522.zip
2025-08-16 14:39:08,228 - INFO - EXCLUIR: emp17_H_202501_full_N0_20250102_014335.zip
2025-08-16 14:39:08,232 - INFO - EXCLUIR: emp17_H_202501_full_N0_20250103_014332.zip
2025-08-16 14:39:08,236 - INFO - EXCLUIR: emp17_H_202501_full_N0_20250104_014404.zip
2025-08-16 14:39:08,240 - INFO - EXCLUIR: emp17_H_202501_full_N0_20250105_014345.zip
2025-08-16 14:39:08,244 - INFO - EXCLUIR: emp17_H_202501_full_N0_20250106_014340.zip
2025-08-16 14:39:08,249 - INFO - EXCLUIR: emp17_H_202501_full_N0_20250107_014353.zip
2025-08-16 14:39:08,256 - INFO - EXCLUIR: emp17_H_202501_full_N0_20250108_014514.zip
2025-08-16 14:39:08,260 - INFO - EXCLUIR: emp17_H_202501_full_N0_20250109_014410.zip
2025-08-16 14:39:08,264 - INFO - EXCLUIR: emp17_H_202501_full_N0_20250110_014417.zip
2025-08-16 14:39:08,268 - INFO - EXCLUIR: emp17_H_202501_full_N0_20250111_014429.zip
2025-08-16 14:39:08,272 - INFO - EXCLUIR: emp17_H_202501_full_N0_20250112_014534.zip
2025-08-16 14:39:08,276 - INFO - EXCLUIR: emp17_H_202501_full_N0_20250114_223305.zip
2025-08-16 14:39:08,281 - INFO - EXCLUIR: emp17_H_202501_full_N0_20250116_014421.zip
2025-08-16 14:39:08,285 - INFO - EXCLUIR: emp17_H_202501_full_N0_20250117_014403.zip
2025-08-16 14:39:08,290 - INFO - EXCLUIR: emp17_H_202501_full_N0_20250118_014409.zip
2025-08-16 14:39:08,294 - INFO - EXCLUIR: emp17_H_202501_full_N0_20250119_014404.zip
2025-08-16 14:39:08,298 - INFO - EXCLUIR: emp17_H_202501_full_N0_20250120_014423.zip
2025-08-16 14:39:08,302 - INFO - EXCLUIR: emp17_H_202501_full_N0_20250121_014405.zip
2025-08-16 14:39:08,306 - INFO - EXCLUIR: emp17_H_202501_full_N0_20250122_014534.zip
2025-08-16 14:39:08,313 - INFO - EXCLUIR: emp17_H_202501_full_N0_20250123_014412.zip
2025-08-16 14:39:08,317 - INFO - EXCLUIR: emp17_H_202501_full_N0_20250124_014414.zip
2025-08-16 14:39:08,325 - INFO - EXCLUIR: emp17_H_202501_full_N0_20250125_014418.zip
2025-08-16 14:39:08,329 - INFO - EXCLUIR: emp17_H_202501_full_N0_20250126_014404.zip
2025-08-16 14:39:08,334 - INFO - EXCLUIR: emp17_H_202501_full_N0_20250127_014425.zip
2025-08-16 14:39:08,338 - INFO - EXCLUIR: emp17_H_202501_full_N0_20250128_014434.zip
2025-08-16 14:39:08,342 - INFO - EXCLUIR: emp17_H_202501_full_N0_20250129_014715.zip
2025-08-16 14:39:08,347 - INFO - EXCLUIR: emp17_H_202501_full_N0_20250130_014514.zip
2025-08-16 14:39:08,351 - INFO - EXCLUIR: emp17_H_202501_full_N0_20250131_014459.zip
2025-08-16 14:39:08,355 - INFO - 
--- Grupo: emp17_H_202502 (28 arquivos) ---
2025-08-16 14:39:08,360 - INFO - MANTER: emp17_H_202502_full_N0_20250301_014601.zip
2025-08-16 14:39:08,364 - INFO - EXCLUIR: emp17_H_202502_full_N0_20250202_014619.zip
2025-08-16 14:39:08,368 - INFO - EXCLUIR: emp17_H_202502_full_N0_20250203_014540.zip
2025-08-16 14:39:08,373 - INFO - EXCLUIR: emp17_H_202502_full_N0_20250204_014447.zip
2025-08-16 14:39:08,378 - INFO - EXCLUIR: emp17_H_202502_full_N0_20250205_014428.zip
2025-08-16 14:39:08,382 - INFO - EXCLUIR: emp17_H_202502_full_N0_20250206_014611.zip
2025-08-16 14:39:08,387 - INFO - EXCLUIR: emp17_H_202502_full_N0_20250207_014504.zip
2025-08-16 14:39:08,391 - INFO - EXCLUIR: emp17_H_202502_full_N0_20250208_014532.zip
2025-08-16 14:39:08,395 - INFO - EXCLUIR: emp17_H_202502_full_N0_20250209_014619.zip
2025-08-16 14:39:08,399 - INFO - EXCLUIR: emp17_H_202502_full_N0_20250210_014602.zip
2025-08-16 14:39:08,403 - INFO - EXCLUIR: emp17_H_202502_full_N0_20250211_014505.zip
2025-08-16 14:39:08,407 - INFO - EXCLUIR: emp17_H_202502_full_N0_20250212_014426.zip
2025-08-16 14:39:08,412 - INFO - EXCLUIR: emp17_H_202502_full_N0_20250213_014520.zip
2025-08-16 14:39:08,417 - INFO - EXCLUIR: emp17_H_202502_full_N0_20250214_014509.zip
2025-08-16 14:39:08,420 - INFO - EXCLUIR: emp17_H_202502_full_N0_20250215_014442.zip
2025-08-16 14:39:08,426 - INFO - EXCLUIR: emp17_H_202502_full_N0_20250216_014533.zip
2025-08-16 14:39:08,430 - INFO - EXCLUIR: emp17_H_202502_full_N0_20250217_014434.zip
2025-08-16 14:39:08,434 - INFO - EXCLUIR: emp17_H_202502_full_N0_20250218_014545.zip
2025-08-16 14:39:08,438 - INFO - EXCLUIR: emp17_H_202502_full_N0_20250219_014516.zip
2025-08-16 14:39:08,442 - INFO - EXCLUIR: emp17_H_202502_full_N0_20250220_014503.zip
2025-08-16 14:39:08,446 - INFO - EXCLUIR: emp17_H_202502_full_N0_20250221_014723.zip
2025-08-16 14:39:08,451 - INFO - EXCLUIR: emp17_H_202502_full_N0_20250222_014547.zip
2025-08-16 14:39:08,456 - INFO - EXCLUIR: emp17_H_202502_full_N0_20250223_014620.zip
2025-08-16 14:39:08,464 - INFO - EXCLUIR: emp17_H_202502_full_N0_20250224_014516.zip
2025-08-16 14:39:08,471 - INFO - EXCLUIR: emp17_H_202502_full_N0_20250225_014457.zip
2025-08-16 14:39:08,475 - INFO - EXCLUIR: emp17_H_202502_full_N0_20250226_014604.zip
2025-08-16 14:39:08,483 - INFO - EXCLUIR: emp17_H_202502_full_N0_20250227_014550.zip
2025-08-16 14:39:08,487 - INFO - EXCLUIR: emp17_H_202502_full_N0_20250228_014729.zip
2025-08-16 14:39:08,491 - INFO - 
--- Grupo: emp17_H_202503 (31 arquivos) ---
2025-08-16 14:39:08,496 - INFO - MANTER: emp17_H_202503_full_N0_20250401_014744.zip
2025-08-16 14:39:08,501 - INFO - EXCLUIR: emp17_H_202503_full_N0_20250302_014553.zip
2025-08-16 14:39:08,506 - INFO - EXCLUIR: emp17_H_202503_full_N0_20250303_014516.zip
2025-08-16 14:39:08,510 - INFO - EXCLUIR: emp17_H_202503_full_N0_20250304_014450.zip
2025-08-16 14:39:08,515 - INFO - EXCLUIR: emp17_H_202503_full_N0_20250305_014550.zip
2025-08-16 14:39:08,519 - INFO - EXCLUIR: emp17_H_202503_full_N0_20250306_014829.zip
2025-08-16 14:39:08,523 - INFO - EXCLUIR: emp17_H_202503_full_N0_20250307_014624.zip
2025-08-16 14:39:08,530 - INFO - EXCLUIR: emp17_H_202503_full_N0_20250308_014509.zip
2025-08-16 14:39:08,534 - INFO - EXCLUIR: emp17_H_202503_full_N0_20250309_014655.zip
2025-08-16 14:39:08,538 - INFO - EXCLUIR: emp17_H_202503_full_N0_20250310_014634.zip
2025-08-16 14:39:08,542 - INFO - EXCLUIR: emp17_H_202503_full_N0_20250311_014532.zip
2025-08-16 14:39:08,546 - INFO - EXCLUIR: emp17_H_202503_full_N0_20250312_014652.zip
2025-08-16 14:39:08,550 - INFO - EXCLUIR: emp17_H_202503_full_N0_20250313_014516.zip
2025-08-16 14:39:08,555 - INFO - EXCLUIR: emp17_H_202503_full_N0_20250314_014539.zip
2025-08-16 14:39:08,559 - INFO - EXCLUIR: emp17_H_202503_full_N0_20250315_014517.zip
2025-08-16 14:39:08,566 - INFO - EXCLUIR: emp17_H_202503_full_N0_20250316_014532.zip
2025-08-16 14:39:08,571 - INFO - EXCLUIR: emp17_H_202503_full_N0_20250317_014639.zip
2025-08-16 14:39:08,575 - INFO - EXCLUIR: emp17_H_202503_full_N0_20250318_014547.zip
2025-08-16 14:39:08,580 - INFO - EXCLUIR: emp17_H_202503_full_N0_20250319_014607.zip
2025-08-16 14:39:08,585 - INFO - EXCLUIR: emp17_H_202503_full_N0_20250320_014622.zip
2025-08-16 14:39:08,589 - INFO - EXCLUIR: emp17_H_202503_full_N0_20250321_014637.zip
2025-08-16 14:39:08,595 - INFO - EXCLUIR: emp17_H_202503_full_N0_20250322_014632.zip
2025-08-16 14:39:08,600 - INFO - EXCLUIR: emp17_H_202503_full_N0_20250323_014511.zip
2025-08-16 14:39:08,604 - INFO - EXCLUIR: emp17_H_202503_full_N0_20250324_014550.zip
2025-08-16 14:39:08,608 - INFO - EXCLUIR: emp17_H_202503_full_N0_20250325_014709.zip
2025-08-16 14:39:08,617 - INFO - EXCLUIR: emp17_H_202503_full_N0_20250326_014640.zip
2025-08-16 14:39:08,621 - INFO - EXCLUIR: emp17_H_202503_full_N0_20250327_015252.zip
2025-08-16 14:39:08,626 - INFO - EXCLUIR: emp17_H_202503_full_N0_20250328_014719.zip
2025-08-16 14:39:08,631 - INFO - EXCLUIR: emp17_H_202503_full_N0_20250329_014956.zip
2025-08-16 14:39:08,635 - INFO - EXCLUIR: emp17_H_202503_full_N0_20250330_014909.zip
2025-08-16 14:39:08,639 - INFO - EXCLUIR: emp17_H_202503_full_N0_20250331_014623.zip
2025-08-16 14:39:08,643 - INFO - 
--- Grupo: emp17_H_202504 (30 arquivos) ---
2025-08-16 14:39:08,647 - INFO - MANTER: emp17_H_202504_full_N0_20250501_015821.zip
2025-08-16 14:39:08,651 - INFO - EXCLUIR: emp17_H_202504_full_N0_20250402_014933.zip
2025-08-16 14:39:08,658 - INFO - EXCLUIR: emp17_H_202504_full_N0_20250403_014613.zip
2025-08-16 14:39:08,666 - INFO - EXCLUIR: emp17_H_202504_full_N0_20250404_014602.zip
2025-08-16 14:39:08,671 - INFO - EXCLUIR: emp17_H_202504_full_N0_20250405_014633.zip
2025-08-16 14:39:08,676 - INFO - EXCLUIR: emp17_H_202504_full_N0_20250406_014716.zip
2025-08-16 14:39:08,682 - INFO - EXCLUIR: emp17_H_202504_full_N0_20250407_014700.zip
2025-08-16 14:39:08,687 - INFO - EXCLUIR: emp17_H_202504_full_N0_20250408_015111.zip
2025-08-16 14:39:08,691 - INFO - EXCLUIR: emp17_H_202504_full_N0_20250409_014827.zip
2025-08-16 14:39:08,696 - INFO - EXCLUIR: emp17_H_202504_full_N0_20250410_014750.zip
2025-08-16 14:39:08,700 - INFO - EXCLUIR: emp17_H_202504_full_N0_20250411_014924.zip
2025-08-16 14:39:08,704 - INFO - EXCLUIR: emp17_H_202504_full_N0_20250412_015105.zip
2025-08-16 14:39:08,708 - INFO - EXCLUIR: emp17_H_202504_full_N0_20250413_014653.zip
2025-08-16 14:39:08,712 - INFO - EXCLUIR: emp17_H_202504_full_N0_20250414_014626.zip
2025-08-16 14:39:08,717 - INFO - EXCLUIR: emp17_H_202504_full_N0_20250415_014753.zip
2025-08-16 14:39:08,722 - INFO - EXCLUIR: emp17_H_202504_full_N0_20250416_015029.zip
2025-08-16 14:39:08,727 - INFO - EXCLUIR: emp17_H_202504_full_N0_20250417_014841.zip
2025-08-16 14:39:08,733 - INFO - EXCLUIR: emp17_H_202504_full_N0_20250418_014806.zip
2025-08-16 14:39:08,738 - INFO - EXCLUIR: emp17_H_202504_full_N0_20250419_014948.zip
2025-08-16 14:39:08,743 - INFO - EXCLUIR: emp17_H_202504_full_N0_20250420_014956.zip
2025-08-16 14:39:08,747 - INFO - EXCLUIR: emp17_H_202504_full_N0_20250421_014732.zip
2025-08-16 14:39:08,751 - INFO - EXCLUIR: emp17_H_202504_full_N0_20250422_014652.zip
2025-08-16 14:39:08,755 - INFO - EXCLUIR: emp17_H_202504_full_N0_20250423_014942.zip
2025-08-16 14:39:08,759 - INFO - EXCLUIR: emp17_H_202504_full_N0_20250424_014906.zip
2025-08-16 14:39:08,763 - INFO - EXCLUIR: emp17_H_202504_full_N0_20250425_014658.zip
2025-08-16 14:39:08,772 - INFO - EXCLUIR: emp17_H_202504_full_N0_20250426_014647.zip
2025-08-16 14:39:08,776 - INFO - EXCLUIR: emp17_H_202504_full_N0_20250427_014628.zip
2025-08-16 14:39:08,780 - INFO - EXCLUIR: emp17_H_202504_full_N0_20250428_014717.zip
2025-08-16 14:39:08,789 - INFO - EXCLUIR: emp17_H_202504_full_N0_20250429_014714.zip
2025-08-16 14:39:08,793 - INFO - EXCLUIR: emp17_H_202504_full_N0_20250430_014919.zip
2025-08-16 14:39:08,797 - INFO - 
--- Grupo: emp17_H_202505 (28 arquivos) ---
2025-08-16 14:39:08,801 - INFO - MANTER: emp17_H_202505_full_N0_20250601_014656.zip
2025-08-16 14:39:08,805 - INFO - EXCLUIR: emp17_H_202505_full_N0_20250502_014910.zip
2025-08-16 14:39:08,809 - INFO - EXCLUIR: emp17_H_202505_full_N0_20250503_015448.zip
2025-08-16 14:39:08,815 - INFO - EXCLUIR: emp17_H_202505_full_N0_20250504_015253.zip
2025-08-16 14:39:08,819 - INFO - EXCLUIR: emp17_H_202505_full_N0_20250505_015758.zip
2025-08-16 14:39:08,823 - INFO - EXCLUIR: emp17_H_202505_full_N0_20250507_015008.zip
2025-08-16 14:39:08,827 - INFO - EXCLUIR: emp17_H_202505_full_N0_20250509_015106.zip
2025-08-16 14:39:08,831 - INFO - EXCLUIR: emp17_H_202505_full_N0_20250510_015451.zip
2025-08-16 14:39:08,836 - INFO - EXCLUIR: emp17_H_202505_full_N0_20250511_015535.zip
2025-08-16 14:39:08,840 - INFO - EXCLUIR: emp17_H_202505_full_N0_20250512_015324.zip
2025-08-16 14:39:08,847 - INFO - EXCLUIR: emp17_H_202505_full_N0_20250513_015539.zip
2025-08-16 14:39:08,852 - INFO - EXCLUIR: emp17_H_202505_full_N0_20250514_015546.zip
2025-08-16 14:39:08,855 - INFO - EXCLUIR: emp17_H_202505_full_N0_20250515_015413.zip
2025-08-16 14:39:08,860 - INFO - EXCLUIR: emp17_H_202505_full_N0_20250516_015309.zip
2025-08-16 14:39:08,864 - INFO - EXCLUIR: emp17_H_202505_full_N0_20250517_015626.zip
2025-08-16 14:39:08,871 - INFO - EXCLUIR: emp17_H_202505_full_N0_20250518_015250.zip
2025-08-16 14:39:08,877 - INFO - EXCLUIR: emp17_H_202505_full_N0_20250519_015455.zip
2025-08-16 14:39:08,882 - INFO - EXCLUIR: emp17_H_202505_full_N0_20250520_015317.zip
2025-08-16 14:39:08,888 - INFO - EXCLUIR: emp17_H_202505_full_N0_20250521_015257.zip
2025-08-16 14:39:08,893 - INFO - EXCLUIR: emp17_H_202505_full_N0_20250522_015535.zip
2025-08-16 14:39:08,897 - INFO - EXCLUIR: emp17_H_202505_full_N0_20250523_015426.zip
2025-08-16 14:39:08,901 - INFO - EXCLUIR: emp17_H_202505_full_N0_20250524_015534.zip
2025-08-16 14:39:08,907 - INFO - EXCLUIR: emp17_H_202505_full_N0_20250525_015245.zip
2025-08-16 14:39:08,911 - INFO - EXCLUIR: emp17_H_202505_full_N0_20250526_015504.zip
2025-08-16 14:39:08,916 - INFO - EXCLUIR: emp17_H_202505_full_N0_20250527_015145.zip
2025-08-16 14:39:08,921 - INFO - EXCLUIR: emp17_H_202505_full_N0_20250528_015232.zip
2025-08-16 14:39:08,925 - INFO - EXCLUIR: emp17_H_202505_full_N0_20250529_015225.zip
2025-08-16 14:39:08,930 - INFO - EXCLUIR: emp17_H_202505_full_N0_20250531_015151.zip
2025-08-16 14:39:08,937 - INFO - 
--- Grupo: emp17_H_202506 (26 arquivos) ---
2025-08-16 14:39:08,941 - INFO - MANTER: emp17_H_202506_full_N0_20250701_015033.zip
2025-08-16 14:39:08,945 - INFO - EXCLUIR: emp17_H_202506_full_N0_20250602_014826.zip
2025-08-16 14:39:08,954 - INFO - EXCLUIR: emp17_H_202506_full_N0_20250603_015046.zip
2025-08-16 14:39:08,963 - INFO - EXCLUIR: emp17_H_202506_full_N0_20250604_015317.zip
2025-08-16 14:39:08,967 - INFO - EXCLUIR: emp17_H_202506_full_N0_20250605_014911.zip
2025-08-16 14:39:08,974 - INFO - EXCLUIR: emp17_H_202506_full_N0_20250606_015018.zip
2025-08-16 14:39:08,978 - INFO - EXCLUIR: emp17_H_202506_full_N0_20250607_015906.zip
2025-08-16 14:39:08,983 - INFO - EXCLUIR: emp17_H_202506_full_N0_20250608_015715.zip
2025-08-16 14:39:08,988 - INFO - EXCLUIR: emp17_H_202506_full_N0_20250609_015856.zip
2025-08-16 14:39:08,992 - INFO - EXCLUIR: emp17_H_202506_full_N0_20250610_020143.zip
2025-08-16 14:39:08,997 - INFO - EXCLUIR: emp17_H_202506_full_N0_20250612_014752.zip
2025-08-16 14:39:09,001 - INFO - EXCLUIR: emp17_H_202506_full_N0_20250613_015253.zip
2025-08-16 14:39:09,006 - INFO - EXCLUIR: emp17_H_202506_full_N0_20250614_015656.zip
2025-08-16 14:39:09,010 - INFO - EXCLUIR: emp17_H_202506_full_N0_20250615_015718.zip
2025-08-16 14:39:09,014 - INFO - EXCLUIR: emp17_H_202506_full_N0_20250617_014750.zip
2025-08-16 14:39:09,019 - INFO - EXCLUIR: emp17_H_202506_full_N0_20250618_014758.zip
2025-08-16 14:39:09,024 - INFO - EXCLUIR: emp17_H_202506_full_N0_20250619_014756.zip
2025-08-16 14:39:09,028 - INFO - EXCLUIR: emp17_H_202506_full_N0_20250620_015015.zip
2025-08-16 14:39:09,032 - INFO - EXCLUIR: emp17_H_202506_full_N0_20250621_015226.zip
2025-08-16 14:39:09,039 - INFO - EXCLUIR: emp17_H_202506_full_N0_20250622_015810.zip
2025-08-16 14:39:09,044 - INFO - EXCLUIR: emp17_H_202506_full_N0_20250624_014902.zip
2025-08-16 14:39:09,049 - INFO - EXCLUIR: emp17_H_202506_full_N0_20250625_015615.zip
2025-08-16 14:39:09,054 - INFO - EXCLUIR: emp17_H_202506_full_N0_20250626_015837.zip
2025-08-16 14:39:09,059 - INFO - EXCLUIR: emp17_H_202506_full_N0_20250628_014954.zip
2025-08-16 14:39:09,064 - INFO - EXCLUIR: emp17_H_202506_full_N0_20250629_014751.zip
2025-08-16 14:39:09,069 - INFO - EXCLUIR: emp17_H_202506_full_N0_20250630_014822.zip
2025-08-16 14:39:09,086 - INFO - 
--- Grupo: emp17_H_202507 (31 arquivos) ---
2025-08-16 14:39:09,093 - INFO - MANTER: emp17_H_202507_full_N0_20250801_015124.zip
2025-08-16 14:39:09,098 - INFO - EXCLUIR: emp17_H_202507_full_N0_20250702_015012.zip
2025-08-16 14:39:09,103 - INFO - EXCLUIR: emp17_H_202507_full_N0_20250703_014807.zip
2025-08-16 14:39:09,108 - INFO - EXCLUIR: emp17_H_202507_full_N0_20250704_014802.zip
2025-08-16 14:39:09,113 - INFO - EXCLUIR: emp17_H_202507_full_N0_20250705_014919.zip
2025-08-16 14:39:09,118 - INFO - EXCLUIR: emp17_H_202507_full_N0_20250706_014857.zip
2025-08-16 14:39:09,124 - INFO - EXCLUIR: emp17_H_202507_full_N0_20250707_014740.zip
2025-08-16 14:39:09,129 - INFO - EXCLUIR: emp17_H_202507_full_N0_20250708_014759.zip
2025-08-16 14:39:09,134 - INFO - EXCLUIR: emp17_H_202507_full_N0_20250709_014833.zip
2025-08-16 14:39:09,140 - INFO - EXCLUIR: emp17_H_202507_full_N0_20250710_014916.zip
2025-08-16 14:39:09,145 - INFO - EXCLUIR: emp17_H_202507_full_N0_20250711_014849.zip
2025-08-16 14:39:09,151 - INFO - EXCLUIR: emp17_H_202507_full_N0_20250712_014930.zip
2025-08-16 14:39:09,157 - INFO - EXCLUIR: emp17_H_202507_full_N0_20250713_015049.zip
2025-08-16 14:39:09,163 - INFO - EXCLUIR: emp17_H_202507_full_N0_20250714_014902.zip
2025-08-16 14:39:09,169 - INFO - EXCLUIR: emp17_H_202507_full_N0_20250715_014916.zip
2025-08-16 14:39:09,177 - INFO - EXCLUIR: emp17_H_202507_full_N0_20250716_015035.zip
2025-08-16 14:39:09,186 - INFO - EXCLUIR: emp17_H_202507_full_N0_20250717_015053.zip
2025-08-16 14:39:09,200 - INFO - EXCLUIR: emp17_H_202507_full_N0_20250718_015005.zip
2025-08-16 14:39:09,206 - INFO - EXCLUIR: emp17_H_202507_full_N0_20250719_014959.zip
2025-08-16 14:39:09,224 - INFO - EXCLUIR: emp17_H_202507_full_N0_20250720_014946.zip
2025-08-16 14:39:09,237 - INFO - EXCLUIR: emp17_H_202507_full_N0_20250721_015044.zip
2025-08-16 14:39:09,251 - INFO - EXCLUIR: emp17_H_202507_full_N0_20250722_015042.zip
2025-08-16 14:39:09,261 - INFO - EXCLUIR: emp17_H_202507_full_N0_20250723_015004.zip
2025-08-16 14:39:09,267 - INFO - EXCLUIR: emp17_H_202507_full_N0_20250724_015553.zip
2025-08-16 14:39:09,272 - INFO - EXCLUIR: emp17_H_202507_full_N0_20250725_014910.zip
2025-08-16 14:39:09,282 - INFO - EXCLUIR: emp17_H_202507_full_N0_20250726_014939.zip
2025-08-16 14:39:09,290 - INFO - EXCLUIR: emp17_H_202507_full_N0_20250727_015015.zip
2025-08-16 14:39:09,301 - INFO - EXCLUIR: emp17_H_202507_full_N0_20250728_014842.zip
2025-08-16 14:39:09,306 - INFO - EXCLUIR: emp17_H_202507_full_N0_20250729_014944.zip
2025-08-16 14:39:09,311 - INFO - EXCLUIR: emp17_H_202507_full_N0_20250730_015140.zip
2025-08-16 14:39:09,316 - INFO - EXCLUIR: emp17_H_202507_full_N0_20250731_015102.zip
2025-08-16 14:39:09,326 - INFO - 
--- Grupo: emp17_H_202508 (15 arquivos) ---
2025-08-16 14:39:09,332 - INFO - MANTER: emp17_H_202508_full_N0_20250816_014939.zip
2025-08-16 14:39:09,337 - INFO - EXCLUIR: emp17_H_202508_full_N0_20250802_014937.zip
2025-08-16 14:39:09,342 - INFO - EXCLUIR: emp17_H_202508_full_N0_20250803_014833.zip
2025-08-16 14:39:09,348 - INFO - EXCLUIR: emp17_H_202508_full_N0_20250804_015018.zip
2025-08-16 14:39:09,353 - INFO - EXCLUIR: emp17_H_202508_full_N0_20250805_015242.zip
2025-08-16 14:39:09,359 - INFO - EXCLUIR: emp17_H_202508_full_N0_20250806_015510.zip
2025-08-16 14:39:09,365 - INFO - EXCLUIR: emp17_H_202508_full_N0_20250807_015610.zip
2025-08-16 14:39:09,371 - INFO - EXCLUIR: emp17_H_202508_full_N0_20250808_015152.zip
2025-08-16 14:39:09,377 - INFO - EXCLUIR: emp17_H_202508_full_N0_20250809_015848.zip
2025-08-16 14:39:09,393 - INFO - EXCLUIR: emp17_H_202508_full_N0_20250810_015433.zip
2025-08-16 14:39:09,418 - INFO - EXCLUIR: emp17_H_202508_full_N0_20250811_015138.zip
2025-08-16 14:39:09,423 - INFO - EXCLUIR: emp17_H_202508_full_N0_20250812_015236.zip
2025-08-16 14:39:09,443 - INFO - EXCLUIR: emp17_H_202508_full_N0_20250813_015223.zip
2025-08-16 14:39:09,456 - INFO - EXCLUIR: emp17_H_202508_full_N0_20250814_015114.zip
2025-08-16 14:39:09,461 - INFO - EXCLUIR: emp17_H_202508_full_N0_20250815_015019.zip
2025-08-16 14:39:09,466 - INFO - 
--- Grupo: emp4138_H_201908 (1 arquivo, nada a fazer) ---
2025-08-16 14:39:09,472 - INFO - MANTER: emp4138_H_201908_full_N0_20240201_022109.zip
2025-08-16 14:39:09,476 - INFO - 
--- Grupo: emp4138_H_201909 (1 arquivo, nada a fazer) ---
2025-08-16 14:39:09,481 - INFO - MANTER: emp4138_H_201909_full_N0_20240201_022109.zip
2025-08-16 14:39:09,491 - INFO - 
--- Grupo: emp4138_H_201910 (2 arquivos) ---
2025-08-16 14:39:09,503 - INFO - MANTER: emp4138_H_201910_full_N0_20240121_031933.zip
2025-08-16 14:39:09,513 - INFO - EXCLUIR: emp4138_H_201910_full_N0_20231220_022740.zip
2025-08-16 14:39:09,519 - INFO - 
--- Grupo: emp4138_H_201911 (2 arquivos) ---
2025-08-16 14:39:09,524 - INFO - MANTER: emp4138_H_201911_full_N0_20240121_032114.zip
2025-08-16 14:39:09,529 - INFO - EXCLUIR: emp4138_H_201911_full_N0_20231220_022936.zip
2025-08-16 14:39:09,534 - INFO - 
--- Grupo: emp4138_H_201912 (2 arquivos) ---
2025-08-16 14:39:09,540 - INFO - MANTER: emp4138_H_201912_full_N0_20240121_031935.zip
2025-08-16 14:39:09,545 - INFO - EXCLUIR: emp4138_H_201912_full_N0_20231220_022742.zip
2025-08-16 14:39:09,550 - INFO - 
--- Grupo: emp4138_H_202001 (2 arquivos) ---
2025-08-16 14:39:09,555 - INFO - MANTER: emp4138_H_202001_full_N0_20240121_031937.zip
2025-08-16 14:39:09,563 - INFO - EXCLUIR: emp4138_H_202001_full_N0_20231220_022745.zip
2025-08-16 14:39:09,569 - INFO - 
--- Grupo: emp4138_H_202002 (2 arquivos) ---
2025-08-16 14:39:09,574 - INFO - MANTER: emp4138_H_202002_full_N0_20240121_031938.zip
2025-08-16 14:39:09,578 - INFO - EXCLUIR: emp4138_H_202002_full_N0_20231220_022748.zip
2025-08-16 14:39:09,588 - INFO - 
--- Grupo: emp4138_H_202003 (1 arquivo, nada a fazer) ---
2025-08-16 14:39:09,597 - INFO - MANTER: emp4138_H_202003_full_N0_20240305_022455.zip
2025-08-16 14:39:09,604 - INFO - 
--- Grupo: emp4138_H_202004 (1 arquivo, nada a fazer) ---
2025-08-16 14:39:09,610 - INFO - MANTER: emp4138_H_202004_full_N0_20240305_022457.zip
2025-08-16 14:39:09,624 - INFO - 
--- Grupo: emp4138_H_202005 (1 arquivo, nada a fazer) ---
2025-08-16 14:39:09,630 - INFO - MANTER: emp4138_H_202005_full_N0_20240305_022457.zip
2025-08-16 14:39:09,636 - INFO - 
--- Grupo: emp4138_H_202006 (1 arquivo, nada a fazer) ---
2025-08-16 14:39:09,642 - INFO - MANTER: emp4138_H_202006_full_N0_20240305_022458.zip
2025-08-16 14:39:09,648 - INFO - 
--- Grupo: emp4138_H_202007 (1 arquivo, nada a fazer) ---
2025-08-16 14:39:09,657 - INFO - MANTER: emp4138_H_202007_full_N0_20240305_022457.zip
2025-08-16 14:39:09,662 - INFO - 
--- Grupo: emp4138_H_202008 (1 arquivo, nada a fazer) ---
2025-08-16 14:39:09,667 - INFO - MANTER: emp4138_H_202008_full_N0_20240305_022457.zip
2025-08-16 14:39:09,671 - INFO - 
--- Grupo: emp4138_H_202009 (1 arquivo, nada a fazer) ---
2025-08-16 14:39:09,676 - INFO - MANTER: emp4138_H_202009_full_N0_20240305_022458.zip
2025-08-16 14:39:09,691 - INFO - 
--- Grupo: emp4138_H_202010 (1 arquivo, nada a fazer) ---
2025-08-16 14:39:09,697 - INFO - MANTER: emp4138_H_202010_full_N0_20240305_022456.zip
2025-08-16 14:39:09,703 - INFO - 
--- Grupo: emp4138_H_202011 (1 arquivo, nada a fazer) ---
2025-08-16 14:39:09,709 - INFO - MANTER: emp4138_H_202011_full_N0_20240305_022455.zip
2025-08-16 14:39:09,714 - INFO - 
--- Grupo: emp4138_H_202012 (1 arquivo, nada a fazer) ---
2025-08-16 14:39:09,720 - INFO - MANTER: emp4138_H_202012_full_N0_20240305_022456.zip
2025-08-16 14:39:09,725 - INFO - 
--- Grupo: emp4138_H_202101 (1 arquivo, nada a fazer) ---
2025-08-16 14:39:09,731 - INFO - MANTER: emp4138_H_202101_full_N0_20240305_022459.zip
2025-08-16 14:39:09,736 - INFO - 
--- Grupo: emp4138_H_202102 (1 arquivo, nada a fazer) ---
2025-08-16 14:39:09,741 - INFO - MANTER: emp4138_H_202102_full_N0_20240305_022455.zip
2025-08-16 14:39:09,747 - INFO - 
--- Grupo: emp4138_H_202103 (1 arquivo, nada a fazer) ---
2025-08-16 14:39:09,752 - INFO - MANTER: emp4138_H_202103_full_N0_20240305_022458.zip
2025-08-16 14:39:09,759 - INFO - 
--- Grupo: emp4138_H_202104 (1 arquivo, nada a fazer) ---
2025-08-16 14:39:09,764 - INFO - MANTER: emp4138_H_202104_full_N0_20240305_022458.zip
2025-08-16 14:39:09,771 - INFO - 
--- Grupo: emp4138_H_202105 (1 arquivo, nada a fazer) ---
2025-08-16 14:39:09,776 - INFO - MANTER: emp4138_H_202105_full_N0_20240305_022457.zip
2025-08-16 14:39:09,782 - INFO - 
--- Grupo: emp4138_H_202106 (1 arquivo, nada a fazer) ---
2025-08-16 14:39:09,787 - INFO - MANTER: emp4138_H_202106_full_N0_20240305_022456.zip
2025-08-16 14:39:09,795 - INFO - 
--- Grupo: emp4138_H_202107 (1 arquivo, nada a fazer) ---
2025-08-16 14:39:09,800 - INFO - MANTER: emp4138_H_202107_full_N0_20240305_022459.zip
2025-08-16 14:39:09,806 - INFO - 
--- Grupo: emp4138_H_202108 (1 arquivo, nada a fazer) ---
2025-08-16 14:39:09,811 - INFO - MANTER: emp4138_H_202108_full_N0_20240305_022456.zip
2025-08-16 14:39:09,816 - INFO - 
--- Grupo: emp4138_H_202109 (1 arquivo, nada a fazer) ---
2025-08-16 14:39:09,822 - INFO - MANTER: emp4138_H_202109_full_N0_20240305_022457.zip
2025-08-16 14:39:09,827 - INFO - 
--- Grupo: emp4138_H_202110 (1 arquivo, nada a fazer) ---
2025-08-16 14:39:09,832 - INFO - MANTER: emp4138_H_202110_full_N0_20240305_022457.zip
2025-08-16 14:39:09,837 - INFO - 
--- Grupo: emp4138_H_202111 (1 arquivo, nada a fazer) ---
2025-08-16 14:39:09,843 - INFO - MANTER: emp4138_H_202111_full_N0_20240305_022456.zip
2025-08-16 14:39:09,847 - INFO - 
--- Grupo: emp4138_H_202112 (1 arquivo, nada a fazer) ---
2025-08-16 14:39:09,851 - INFO - MANTER: emp4138_H_202112_full_N0_20240305_022458.zip
2025-08-16 14:39:09,856 - INFO - 
--- Grupo: emp4138_H_202201 (1 arquivo, nada a fazer) ---
2025-08-16 14:39:09,863 - INFO - MANTER: emp4138_H_202201_full_N0_20240305_022459.zip
2025-08-16 14:39:09,870 - INFO - 
--- Grupo: emp4138_H_202202 (1 arquivo, nada a fazer) ---
2025-08-16 14:39:09,877 - INFO - MANTER: emp4138_H_202202_full_N0_20240305_022459.zip
2025-08-16 14:39:09,882 - INFO - 
--- Grupo: emp4138_H_202203 (1 arquivo, nada a fazer) ---
2025-08-16 14:39:09,905 - INFO - MANTER: emp4138_H_202203_full_N0_20240305_022456.zip
2025-08-16 14:39:09,914 - INFO - 
--- Grupo: emp4138_H_202204 (1 arquivo, nada a fazer) ---
2025-08-16 14:39:09,918 - INFO - MANTER: emp4138_H_202204_full_N0_20240305_022455.zip
2025-08-16 14:39:09,923 - INFO - 
--- Grupo: emp4138_H_202205 (1 arquivo, nada a fazer) ---
2025-08-16 14:39:09,927 - INFO - MANTER: emp4138_H_202205_full_N0_20240305_022458.zip
2025-08-16 14:39:09,932 - INFO - 
--- Grupo: emp4138_H_202206 (1 arquivo, nada a fazer) ---
2025-08-16 14:39:09,936 - INFO - MANTER: emp4138_H_202206_full_N0_20240305_022456.zip
2025-08-16 14:39:09,941 - INFO - 
--- Grupo: emp4138_H_202207 (1 arquivo, nada a fazer) ---
2025-08-16 14:39:09,946 - INFO - MANTER: emp4138_H_202207_full_N0_20240305_022458.zip
2025-08-16 14:39:09,951 - INFO - 
--- Grupo: emp4138_H_202208 (1 arquivo, nada a fazer) ---
2025-08-16 14:39:09,956 - INFO - MANTER: emp4138_H_202208_full_N0_20240305_022455.zip
2025-08-16 14:39:09,963 - INFO - 
--- Grupo: emp4138_H_202209 (1 arquivo, nada a fazer) ---
2025-08-16 14:39:09,968 - INFO - MANTER: emp4138_H_202209_full_N0_20240305_022457.zip
2025-08-16 14:39:09,974 - INFO - 
--- Grupo: emp4138_H_202210 (1 arquivo, nada a fazer) ---
2025-08-16 14:39:09,979 - INFO - MANTER: emp4138_H_202210_full_N0_20240305_022458.zip
2025-08-16 14:39:09,983 - INFO - 
--- Grupo: emp4138_H_202211 (1 arquivo, nada a fazer) ---
2025-08-16 14:39:09,988 - INFO - MANTER: emp4138_H_202211_full_N0_20240305_022457.zip
2025-08-16 14:39:09,992 - INFO - 
--- Grupo: emp4138_H_202212 (1 arquivo, nada a fazer) ---
2025-08-16 14:39:10,002 - INFO - MANTER: emp4138_H_202212_full_N0_20240305_022457.zip
2025-08-16 14:39:10,007 - INFO - 
--- Grupo: emp4138_H_202301 (1 arquivo, nada a fazer) ---
2025-08-16 14:39:10,013 - INFO - MANTER: emp4138_H_202301_full_N0_20240305_022455.zip
2025-08-16 14:39:10,018 - INFO - 
--- Grupo: emp4138_H_202302 (1 arquivo, nada a fazer) ---
2025-08-16 14:39:10,024 - INFO - MANTER: emp4138_H_202302_full_N0_20240305_022500.zip
2025-08-16 14:39:10,031 - INFO - 
--- Grupo: emp4138_H_202303 (1 arquivo, nada a fazer) ---
2025-08-16 14:39:10,035 - INFO - MANTER: emp4138_H_202303_full_N0_20240305_022456.zip
2025-08-16 14:39:10,041 - INFO - 
--- Grupo: emp4138_H_202304 (1 arquivo, nada a fazer) ---
2025-08-16 14:39:10,046 - INFO - MANTER: emp4138_H_202304_full_N0_20240305_022459.zip
2025-08-16 14:39:10,053 - INFO - 
--- Grupo: emp4138_H_202305 (1 arquivo, nada a fazer) ---
2025-08-16 14:39:10,058 - INFO - MANTER: emp4138_H_202305_full_N0_20240305_022459.zip
2025-08-16 14:39:10,065 - INFO - 
--- Grupo: emp4138_H_202306 (1 arquivo, nada a fazer) ---
2025-08-16 14:39:10,070 - INFO - MANTER: emp4138_H_202306_full_N0_20240305_022459.zip
2025-08-16 14:39:10,075 - INFO - 
--- Grupo: emp4138_H_202307 (1 arquivo, nada a fazer) ---
2025-08-16 14:39:10,080 - INFO - MANTER: emp4138_H_202307_full_N0_20240305_022455.zip
2025-08-16 14:39:10,085 - INFO - 
--- Grupo: emp4138_H_202308 (1 arquivo, nada a fazer) ---
2025-08-16 14:39:10,094 - INFO - MANTER: emp4138_H_202308_full_N0_20240305_022458.zip
2025-08-16 14:39:10,101 - INFO - 
--- Grupo: emp4138_H_202309 (1 arquivo, nada a fazer) ---
2025-08-16 14:39:10,106 - INFO - MANTER: emp4138_H_202309_full_N0_20240305_022456.zip
2025-08-16 14:39:10,111 - INFO - 
--- Grupo: emp4138_H_202310 (1 arquivo, nada a fazer) ---
2025-08-16 14:39:10,116 - INFO - MANTER: emp4138_H_202310_full_N0_20240305_022458.zip
2025-08-16 14:39:10,121 - INFO - 
--- Grupo: emp4138_H_202311 (1 arquivo, nada a fazer) ---
2025-08-16 14:39:10,126 - INFO - MANTER: emp4138_H_202311_full_N0_20240305_022458.zip
2025-08-16 14:39:10,132 - INFO - 
--- Grupo: emp4138_H_202312 (1 arquivo, nada a fazer) ---
2025-08-16 14:39:10,137 - INFO - MANTER: emp4138_H_202312_full_N0_20240305_022456.zip
2025-08-16 14:39:10,142 - INFO - 
--- Grupo: emp4138_H_202401 (1 arquivo, nada a fazer) ---
2025-08-16 14:39:10,147 - INFO - MANTER: emp4138_H_202401_full_N0_20240305_022459.zip
2025-08-16 14:39:10,152 - INFO - 
--- Grupo: emp4138_H_202402 (1 arquivo, nada a fazer) ---
2025-08-16 14:39:10,158 - INFO - MANTER: emp4138_H_202402_full_N0_20240305_022459.zip
2025-08-16 14:39:10,163 - INFO - 
--- Grupo: emp4138_H_202403 (25 arquivos) ---
2025-08-16 14:39:10,170 - INFO - MANTER: emp4138_H_202403_full_N0_20240915_115904.zip
2025-08-16 14:39:10,175 - INFO - EXCLUIR: emp4138_H_202403_full_N0_20240309_022950.zip
2025-08-16 14:39:10,181 - INFO - EXCLUIR: emp4138_H_202403_full_N0_20240310_022959.zip
2025-08-16 14:39:10,187 - INFO - EXCLUIR: emp4138_H_202403_full_N0_20240311_022449.zip
2025-08-16 14:39:10,192 - INFO - EXCLUIR: emp4138_H_202403_full_N0_20240312_023024.zip
2025-08-16 14:39:10,197 - INFO - EXCLUIR: emp4138_H_202403_full_N0_20240313_023004.zip
2025-08-16 14:39:10,207 - INFO - EXCLUIR: emp4138_H_202403_full_N0_20240314_022630.zip
2025-08-16 14:39:10,213 - INFO - EXCLUIR: emp4138_H_202403_full_N0_20240315_023229.zip
2025-08-16 14:39:10,222 - INFO - EXCLUIR: emp4138_H_202403_full_N0_20240316_023350.zip
2025-08-16 14:39:10,228 - INFO - EXCLUIR: emp4138_H_202403_full_N0_20240317_022957.zip
2025-08-16 14:39:10,233 - INFO - EXCLUIR: emp4138_H_202403_full_N0_20240318_023111.zip
2025-08-16 14:39:10,238 - INFO - EXCLUIR: emp4138_H_202403_full_N0_20240319_023054.zip
2025-08-16 14:39:10,243 - INFO - EXCLUIR: emp4138_H_202403_full_N0_20240320_022701.zip
2025-08-16 14:39:10,250 - INFO - EXCLUIR: emp4138_H_202403_full_N0_20240321_023307.zip
2025-08-16 14:39:10,260 - INFO - EXCLUIR: emp4138_H_202403_full_N0_20240322_023248.zip
2025-08-16 14:39:10,272 - INFO - EXCLUIR: emp4138_H_202403_full_N0_20240323_023238.zip
2025-08-16 14:39:10,277 - INFO - EXCLUIR: emp4138_H_202403_full_N0_20240324_023228.zip
2025-08-16 14:39:10,282 - INFO - EXCLUIR: emp4138_H_202403_full_N0_20240325_023251.zip
2025-08-16 14:39:10,288 - INFO - EXCLUIR: emp4138_H_202403_full_N0_20240326_023034.zip
2025-08-16 14:39:10,293 - INFO - EXCLUIR: emp4138_H_202403_full_N0_20240327_023344.zip
2025-08-16 14:39:10,297 - INFO - EXCLUIR: emp4138_H_202403_full_N0_20240328_023338.zip
2025-08-16 14:39:10,305 - INFO - EXCLUIR: emp4138_H_202403_full_N0_20240329_023413.zip
2025-08-16 14:39:10,310 - INFO - EXCLUIR: emp4138_H_202403_full_N0_20240330_023414.zip
2025-08-16 14:39:10,315 - INFO - EXCLUIR: emp4138_H_202403_full_N0_20240331_023356.zip
2025-08-16 14:39:10,330 - INFO - EXCLUIR: emp4138_H_202403_full_N0_20240401_023400.zip
2025-08-16 14:39:10,335 - INFO - 
--- Grupo: emp4138_H_202404 (31 arquivos) ---
2025-08-16 14:39:10,340 - INFO - MANTER: emp4138_H_202404_full_N0_20240915_115904.zip
2025-08-16 14:39:10,345 - INFO - EXCLUIR: emp4138_H_202404_full_N0_20240402_022912.zip
2025-08-16 14:39:10,351 - INFO - EXCLUIR: emp4138_H_202404_full_N0_20240403_022947.zip
2025-08-16 14:39:10,363 - INFO - EXCLUIR: emp4138_H_202404_full_N0_20240404_022419.zip
2025-08-16 14:39:10,382 - INFO - EXCLUIR: emp4138_H_202404_full_N0_20240405_022956.zip
2025-08-16 14:39:10,389 - INFO - EXCLUIR: emp4138_H_202404_full_N0_20240406_022956.zip
2025-08-16 14:39:10,397 - INFO - EXCLUIR: emp4138_H_202404_full_N0_20240407_022934.zip
2025-08-16 14:39:10,403 - INFO - EXCLUIR: emp4138_H_202404_full_N0_20240408_023017.zip
2025-08-16 14:39:10,412 - INFO - EXCLUIR: emp4138_H_202404_full_N0_20240409_023036.zip
2025-08-16 14:39:10,418 - INFO - EXCLUIR: emp4138_H_202404_full_N0_20240410_022603.zip
2025-08-16 14:39:10,426 - INFO - EXCLUIR: emp4138_H_202404_full_N0_20240411_023100.zip
2025-08-16 14:39:10,436 - INFO - EXCLUIR: emp4138_H_202404_full_N0_20240412_023036.zip
2025-08-16 14:39:10,452 - INFO - EXCLUIR: emp4138_H_202404_full_N0_20240413_022754.zip
2025-08-16 14:39:10,467 - INFO - EXCLUIR: emp4138_H_202404_full_N0_20240414_023042.zip
2025-08-16 14:39:10,474 - INFO - EXCLUIR: emp4138_H_202404_full_N0_20240415_023105.zip
2025-08-16 14:39:10,483 - INFO - EXCLUIR: emp4138_H_202404_full_N0_20240416_023117.zip
2025-08-16 14:39:10,488 - INFO - EXCLUIR: emp4138_H_202404_full_N0_20240417_023117.zip
2025-08-16 14:39:10,495 - INFO - EXCLUIR: emp4138_H_202404_full_N0_20240418_023201.zip
2025-08-16 14:39:10,501 - INFO - EXCLUIR: emp4138_H_202404_full_N0_20240419_023215.zip
2025-08-16 14:39:10,513 - INFO - EXCLUIR: emp4138_H_202404_full_N0_20240420_023232.zip
2025-08-16 14:39:10,520 - INFO - EXCLUIR: emp4138_H_202404_full_N0_20240421_023235.zip
2025-08-16 14:39:10,529 - INFO - EXCLUIR: emp4138_H_202404_full_N0_20240422_023037.zip
2025-08-16 14:39:10,535 - INFO - EXCLUIR: emp4138_H_202404_full_N0_20240423_023324.zip
2025-08-16 14:39:10,540 - INFO - EXCLUIR: emp4138_H_202404_full_N0_20240424_023341.zip
2025-08-16 14:39:10,545 - INFO - EXCLUIR: emp4138_H_202404_full_N0_20240425_023114.zip
2025-08-16 14:39:10,550 - INFO - EXCLUIR: emp4138_H_202404_full_N0_20240426_023420.zip
2025-08-16 14:39:10,556 - INFO - EXCLUIR: emp4138_H_202404_full_N0_20240427_023422.zip
2025-08-16 14:39:10,563 - INFO - EXCLUIR: emp4138_H_202404_full_N0_20240428_023028.zip
2025-08-16 14:39:10,568 - INFO - EXCLUIR: emp4138_H_202404_full_N0_20240429_022915.zip
2025-08-16 14:39:10,573 - INFO - EXCLUIR: emp4138_H_202404_full_N0_20240430_023419.zip
2025-08-16 14:39:10,579 - INFO - EXCLUIR: emp4138_H_202404_full_N0_20240501_023434.zip
2025-08-16 14:39:10,584 - INFO - 
--- Grupo: emp4138_H_202405 (26 arquivos) ---
2025-08-16 14:39:10,589 - INFO - MANTER: emp4138_H_202405_full_N0_20240915_115904.zip
2025-08-16 14:39:10,596 - INFO - EXCLUIR: emp4138_H_202405_full_N0_20240502_022423.zip
2025-08-16 14:39:10,602 - INFO - EXCLUIR: emp4138_H_202405_full_N0_20240503_023008.zip
2025-08-16 14:39:10,607 - INFO - EXCLUIR: emp4138_H_202405_full_N0_20240504_022937.zip
2025-08-16 14:39:10,617 - INFO - EXCLUIR: emp4138_H_202405_full_N0_20240505_022422.zip
2025-08-16 14:39:10,625 - INFO - EXCLUIR: emp4138_H_202405_full_N0_20240506_022506.zip
2025-08-16 14:39:10,629 - INFO - EXCLUIR: emp4138_H_202405_full_N0_20240507_022948.zip
2025-08-16 14:39:10,634 - INFO - EXCLUIR: emp4138_H_202405_full_N0_20240508_022426.zip
2025-08-16 14:39:10,638 - INFO - EXCLUIR: emp4138_H_202405_full_N0_20240509_023017.zip
2025-08-16 14:39:10,643 - INFO - EXCLUIR: emp4138_H_202405_full_N0_20240510_022942.zip
2025-08-16 14:39:10,647 - INFO - EXCLUIR: emp4138_H_202405_full_N0_20240511_022429.zip
2025-08-16 14:39:10,652 - INFO - EXCLUIR: emp4138_H_202405_full_N0_20240512_023030.zip
2025-08-16 14:39:10,657 - INFO - EXCLUIR: emp4138_H_202405_full_N0_20240519_023127.zip
2025-08-16 14:39:10,662 - INFO - EXCLUIR: emp4138_H_202405_full_N0_20240520_023146.zip
2025-08-16 14:39:10,668 - INFO - EXCLUIR: emp4138_H_202405_full_N0_20240521_023225.zip
2025-08-16 14:39:10,674 - INFO - EXCLUIR: emp4138_H_202405_full_N0_20240522_023240.zip
2025-08-16 14:39:10,680 - INFO - EXCLUIR: emp4138_H_202405_full_N0_20240523_023300.zip
2025-08-16 14:39:10,684 - INFO - EXCLUIR: emp4138_H_202405_full_N0_20240524_023315.zip
2025-08-16 14:39:10,689 - INFO - EXCLUIR: emp4138_H_202405_full_N0_20240525_023315.zip
2025-08-16 14:39:10,694 - INFO - EXCLUIR: emp4138_H_202405_full_N0_20240526_023259.zip
2025-08-16 14:39:10,699 - INFO - EXCLUIR: emp4138_H_202405_full_N0_20240527_023329.zip
2025-08-16 14:39:10,704 - INFO - EXCLUIR: emp4138_H_202405_full_N0_20240528_023347.zip
2025-08-16 14:39:10,710 - INFO - EXCLUIR: emp4138_H_202405_full_N0_20240529_023220.zip
2025-08-16 14:39:10,717 - INFO - EXCLUIR: emp4138_H_202405_full_N0_20240530_023331.zip
2025-08-16 14:39:10,725 - INFO - EXCLUIR: emp4138_H_202405_full_N0_20240531_023400.zip
2025-08-16 14:39:10,731 - INFO - EXCLUIR: emp4138_H_202405_full_N0_20240601_023402.zip
2025-08-16 14:39:10,736 - INFO - 
--- Grupo: emp4138_H_202406 (30 arquivos) ---
2025-08-16 14:39:10,745 - INFO - MANTER: emp4138_H_202406_full_N0_20240701_023553.zip
2025-08-16 14:39:10,754 - INFO - EXCLUIR: emp4138_H_202406_full_N0_20240602_022941.zip
2025-08-16 14:39:10,759 - INFO - EXCLUIR: emp4138_H_202406_full_N0_20240603_023035.zip
2025-08-16 14:39:10,768 - INFO - EXCLUIR: emp4138_H_202406_full_N0_20240604_022531.zip
2025-08-16 14:39:10,774 - INFO - EXCLUIR: emp4138_H_202406_full_N0_20240605_023036.zip
2025-08-16 14:39:10,785 - INFO - EXCLUIR: emp4138_H_202406_full_N0_20240606_023047.zip
2025-08-16 14:39:10,790 - INFO - EXCLUIR: emp4138_H_202406_full_N0_20240607_022909.zip
2025-08-16 14:39:10,795 - INFO - EXCLUIR: emp4138_H_202406_full_N0_20240608_023052.zip
2025-08-16 14:39:10,800 - INFO - EXCLUIR: emp4138_H_202406_full_N0_20240609_023113.zip
2025-08-16 14:39:10,821 - INFO - EXCLUIR: emp4138_H_202406_full_N0_20240610_023122.zip
2025-08-16 14:39:10,834 - INFO - EXCLUIR: emp4138_H_202406_full_N0_20240611_022909.zip
2025-08-16 14:39:10,846 - INFO - EXCLUIR: emp4138_H_202406_full_N0_20240612_023149.zip
2025-08-16 14:39:10,855 - INFO - EXCLUIR: emp4138_H_202406_full_N0_20240613_023200.zip
2025-08-16 14:39:10,873 - INFO - EXCLUIR: emp4138_H_202406_full_N0_20240614_023143.zip
2025-08-16 14:39:10,879 - INFO - EXCLUIR: emp4138_H_202406_full_N0_20240615_023211.zip
2025-08-16 14:39:10,884 - INFO - EXCLUIR: emp4138_H_202406_full_N0_20240616_022709.zip
2025-08-16 14:39:10,890 - INFO - EXCLUIR: emp4138_H_202406_full_N0_20240617_023252.zip
2025-08-16 14:39:10,896 - INFO - EXCLUIR: emp4138_H_202406_full_N0_20240618_023308.zip
2025-08-16 14:39:10,901 - INFO - EXCLUIR: emp4138_H_202406_full_N0_20240619_022740.zip
2025-08-16 14:39:10,906 - INFO - EXCLUIR: emp4138_H_202406_full_N0_20240620_023257.zip
2025-08-16 14:39:10,911 - INFO - EXCLUIR: emp4138_H_202406_full_N0_20240621_023206.zip
2025-08-16 14:39:10,919 - INFO - EXCLUIR: emp4138_H_202406_full_N0_20240622_022849.zip
2025-08-16 14:39:10,925 - INFO - EXCLUIR: emp4138_H_202406_full_N0_20240623_023408.zip
2025-08-16 14:39:10,930 - INFO - EXCLUIR: emp4138_H_202406_full_N0_20240624_023413.zip
2025-08-16 14:39:10,938 - INFO - EXCLUIR: emp4138_H_202406_full_N0_20240625_022935.zip
2025-08-16 14:39:10,944 - INFO - EXCLUIR: emp4138_H_202406_full_N0_20240626_023514.zip
2025-08-16 14:39:10,948 - INFO - EXCLUIR: emp4138_H_202406_full_N0_20240627_023500.zip
2025-08-16 14:39:10,953 - INFO - EXCLUIR: emp4138_H_202406_full_N0_20240628_023555.zip
2025-08-16 14:39:10,959 - INFO - EXCLUIR: emp4138_H_202406_full_N0_20240629_023522.zip
2025-08-16 14:39:10,964 - INFO - EXCLUIR: emp4138_H_202406_full_N0_20240630_023548.zip
2025-08-16 14:39:10,969 - INFO - 
--- Grupo: emp4138_H_202407 (32 arquivos) ---
2025-08-16 14:39:10,975 - INFO - MANTER: emp4138_H_202407_full_N0_20240915_115904.zip
2025-08-16 14:39:10,980 - INFO - EXCLUIR: emp4138_H_202407_full_N0_20240702_023039.zip
2025-08-16 14:39:10,987 - INFO - EXCLUIR: emp4138_H_202407_full_N0_20240703_022906.zip
2025-08-16 14:39:10,992 - INFO - EXCLUIR: emp4138_H_202407_full_N0_20240704_023100.zip
2025-08-16 14:39:10,999 - INFO - EXCLUIR: emp4138_H_202407_full_N0_20240705_023132.zip
2025-08-16 14:39:11,004 - INFO - EXCLUIR: emp4138_H_202407_full_N0_20240706_023121.zip
2025-08-16 14:39:11,011 - INFO - EXCLUIR: emp4138_H_202407_full_N0_20240707_022546.zip
2025-08-16 14:39:11,016 - INFO - EXCLUIR: emp4138_H_202407_full_N0_20240708_023145.zip
2025-08-16 14:39:11,024 - INFO - EXCLUIR: emp4138_H_202407_full_N0_20240709_023153.zip
2025-08-16 14:39:11,029 - INFO - EXCLUIR: emp4138_H_202407_full_N0_20240710_022944.zip
2025-08-16 14:39:11,050 - INFO - EXCLUIR: emp4138_H_202407_full_N0_20240711_023154.zip
2025-08-16 14:39:11,067 - INFO - EXCLUIR: emp4138_H_202407_full_N0_20240712_023300.zip
2025-08-16 14:39:11,093 - INFO - EXCLUIR: emp4138_H_202407_full_N0_20240713_022853.zip
2025-08-16 14:39:11,103 - INFO - EXCLUIR: emp4138_H_202407_full_N0_20240714_023223.zip
2025-08-16 14:39:11,108 - INFO - EXCLUIR: emp4138_H_202407_full_N0_20240715_023353.zip
2025-08-16 14:39:11,117 - INFO - EXCLUIR: emp4138_H_202407_full_N0_20240716_023014.zip
2025-08-16 14:39:11,135 - INFO - EXCLUIR: emp4138_H_202407_full_N0_20240717_023455.zip
2025-08-16 14:39:11,143 - INFO - EXCLUIR: emp4138_H_202407_full_N0_20240718_023321.zip
2025-08-16 14:39:11,148 - INFO - EXCLUIR: emp4138_H_202407_full_N0_20240719_023039.zip
2025-08-16 14:39:11,153 - INFO - EXCLUIR: emp4138_H_202407_full_N0_20240720_023445.zip
2025-08-16 14:39:11,158 - INFO - EXCLUIR: emp4138_H_202407_full_N0_20240721_023433.zip
2025-08-16 14:39:11,163 - INFO - EXCLUIR: emp4138_H_202407_full_N0_20240722_022950.zip
2025-08-16 14:39:11,169 - INFO - EXCLUIR: emp4138_H_202407_full_N0_20240723_023500.zip
2025-08-16 14:39:11,174 - INFO - EXCLUIR: emp4138_H_202407_full_N0_20240724_023502.zip
2025-08-16 14:39:11,179 - INFO - EXCLUIR: emp4138_H_202407_full_N0_20240725_023200.zip
2025-08-16 14:39:11,184 - INFO - EXCLUIR: emp4138_H_202407_full_N0_20240726_023532.zip
2025-08-16 14:39:11,189 - INFO - EXCLUIR: emp4138_H_202407_full_N0_20240727_023527.zip
2025-08-16 14:39:11,194 - INFO - EXCLUIR: emp4138_H_202407_full_N0_20240728_022942.zip
2025-08-16 14:39:11,199 - INFO - EXCLUIR: emp4138_H_202407_full_N0_20240729_023634.zip
2025-08-16 14:39:11,204 - INFO - EXCLUIR: emp4138_H_202407_full_N0_20240730_023632.zip
2025-08-16 14:39:11,208 - INFO - EXCLUIR: emp4138_H_202407_full_N0_20240731_023216.zip
2025-08-16 14:39:11,213 - INFO - EXCLUIR: emp4138_H_202407_full_N0_20240801_023715.zip
2025-08-16 14:39:11,218 - INFO - 
--- Grupo: emp4138_H_202408 (32 arquivos) ---
2025-08-16 14:39:11,226 - INFO - MANTER: emp4138_H_202408_full_N0_20240915_115905.zip
2025-08-16 14:39:11,230 - INFO - EXCLUIR: emp4138_H_202408_full_N0_20240802_023057.zip
2025-08-16 14:39:11,235 - INFO - EXCLUIR: emp4138_H_202408_full_N0_20240803_023125.zip
2025-08-16 14:39:11,242 - INFO - EXCLUIR: emp4138_H_202408_full_N0_20240804_023137.zip
2025-08-16 14:39:11,247 - INFO - EXCLUIR: emp4138_H_202408_full_N0_20240805_023156.zip
2025-08-16 14:39:11,253 - INFO - EXCLUIR: emp4138_H_202408_full_N0_20240806_023139.zip
2025-08-16 14:39:11,258 - INFO - EXCLUIR: emp4138_H_202408_full_N0_20240807_023016.zip
2025-08-16 14:39:11,262 - INFO - EXCLUIR: emp4138_H_202408_full_N0_20240808_022729.zip
2025-08-16 14:39:11,267 - INFO - EXCLUIR: emp4138_H_202408_full_N0_20240809_023224.zip
2025-08-16 14:39:11,272 - INFO - EXCLUIR: emp4138_H_202408_full_N0_20240810_023212.zip
2025-08-16 14:39:11,283 - INFO - EXCLUIR: emp4138_H_202408_full_N0_20240811_023211.zip
2025-08-16 14:39:11,289 - INFO - EXCLUIR: emp4138_H_202408_full_N0_20240812_023206.zip
2025-08-16 14:39:11,295 - INFO - EXCLUIR: emp4138_H_202408_full_N0_20240813_023315.zip
2025-08-16 14:39:11,299 - INFO - EXCLUIR: emp4138_H_202408_full_N0_20240814_023310.zip
2025-08-16 14:39:11,304 - INFO - EXCLUIR: emp4138_H_202408_full_N0_20240815_023345.zip
2025-08-16 14:39:11,309 - INFO - EXCLUIR: emp4138_H_202408_full_N0_20240816_023317.zip
2025-08-16 14:39:11,314 - INFO - EXCLUIR: emp4138_H_202408_full_N0_20240817_023315.zip
2025-08-16 14:39:11,319 - INFO - EXCLUIR: emp4138_H_202408_full_N0_20240818_023305.zip
2025-08-16 14:39:11,324 - INFO - EXCLUIR: emp4138_H_202408_full_N0_20240819_023328.zip
2025-08-16 14:39:11,332 - INFO - EXCLUIR: emp4138_H_202408_full_N0_20240820_023026.zip
2025-08-16 14:39:11,338 - INFO - EXCLUIR: emp4138_H_202408_full_N0_20240821_023456.zip
2025-08-16 14:39:11,346 - INFO - EXCLUIR: emp4138_H_202408_full_N0_20240822_023448.zip
2025-08-16 14:39:11,351 - INFO - EXCLUIR: emp4138_H_202408_full_N0_20240823_023521.zip
2025-08-16 14:39:11,357 - INFO - EXCLUIR: emp4138_H_202408_full_N0_20240824_023546.zip
2025-08-16 14:39:11,363 - INFO - EXCLUIR: emp4138_H_202408_full_N0_20240825_023544.zip
2025-08-16 14:39:11,367 - INFO - EXCLUIR: emp4138_H_202408_full_N0_20240826_022939.zip
2025-08-16 14:39:11,372 - INFO - EXCLUIR: emp4138_H_202408_full_N0_20240827_023614.zip
2025-08-16 14:39:11,377 - INFO - EXCLUIR: emp4138_H_202408_full_N0_20240828_023612.zip
2025-08-16 14:39:11,383 - INFO - EXCLUIR: emp4138_H_202408_full_N0_20240829_023638.zip
2025-08-16 14:39:11,388 - INFO - EXCLUIR: emp4138_H_202408_full_N0_20240830_023653.zip
2025-08-16 14:39:11,394 - INFO - EXCLUIR: emp4138_H_202408_full_N0_20240831_023640.zip
2025-08-16 14:39:11,399 - INFO - EXCLUIR: emp4138_H_202408_full_N0_20240901_023253.zip
2025-08-16 14:39:11,403 - INFO - 
--- Grupo: emp4138_H_202409 (18 arquivos) ---
2025-08-16 14:39:11,408 - INFO - MANTER: emp4138_H_202409_full_N0_20241001_020503.zip
2025-08-16 14:39:11,413 - INFO - EXCLUIR: emp4138_H_202409_full_N0_20240902_023129.zip
2025-08-16 14:39:11,418 - INFO - EXCLUIR: emp4138_H_202409_full_N0_20240903_023137.zip
2025-08-16 14:39:11,424 - INFO - EXCLUIR: emp4138_H_202409_full_N0_20240904_022520.zip
2025-08-16 14:39:11,432 - INFO - EXCLUIR: emp4138_H_202409_full_N0_20240905_023219.zip
2025-08-16 14:39:11,437 - INFO - EXCLUIR: emp4138_H_202409_full_N0_20240906_023243.zip
2025-08-16 14:39:11,448 - INFO - EXCLUIR: emp4138_H_202409_full_N0_20240907_022708.zip
2025-08-16 14:39:11,453 - INFO - EXCLUIR: emp4138_H_202409_full_N0_20240908_023241.zip
2025-08-16 14:39:11,460 - INFO - EXCLUIR: emp4138_H_202409_full_N0_20240909_023222.zip
2025-08-16 14:39:11,465 - INFO - EXCLUIR: emp4138_H_202409_full_N0_20240910_022528.zip
2025-08-16 14:39:11,470 - INFO - EXCLUIR: emp4138_H_202409_full_N0_20240911_023240.zip
2025-08-16 14:39:11,475 - INFO - EXCLUIR: emp4138_H_202409_full_N0_20240912_023346.zip
2025-08-16 14:39:11,481 - INFO - EXCLUIR: emp4138_H_202409_full_N0_20240913_022742.zip
2025-08-16 14:39:11,486 - INFO - EXCLUIR: emp4138_H_202409_full_N0_20240914_023428.zip
2025-08-16 14:39:11,491 - INFO - EXCLUIR: emp4138_H_202409_full_N0_20240915_023412.zip
2025-08-16 14:39:11,501 - INFO - EXCLUIR: emp4138_H_202409_full_N0_20240928_020430.zip
2025-08-16 14:39:11,507 - INFO - EXCLUIR: emp4138_H_202409_full_N0_20240929_020220.zip
2025-08-16 14:39:11,513 - INFO - EXCLUIR: emp4138_H_202409_full_N0_20240930_020225.zip
2025-08-16 14:39:11,518 - INFO - 
--- Grupo: emp4138_H_202410 (28 arquivos) ---
2025-08-16 14:39:11,522 - INFO - MANTER: emp4138_H_202410_full_N0_20241101_014640.zip
2025-08-16 14:39:11,527 - INFO - EXCLUIR: emp4138_H_202410_full_N0_20241002_020009.zip
2025-08-16 14:39:11,541 - INFO - EXCLUIR: emp4138_H_202410_full_N0_20241003_020111.zip
2025-08-16 14:39:11,551 - INFO - EXCLUIR: emp4138_H_202410_full_N0_20241004_020137.zip
2025-08-16 14:39:11,555 - INFO - EXCLUIR: emp4138_H_202410_full_N0_20241005_015937.zip
2025-08-16 14:39:11,562 - INFO - EXCLUIR: emp4138_H_202410_full_N0_20241006_015911.zip
2025-08-16 14:39:11,566 - INFO - EXCLUIR: emp4138_H_202410_full_N0_20241007_015903.zip
2025-08-16 14:39:11,571 - INFO - EXCLUIR: emp4138_H_202410_full_N0_20241008_020029.zip
2025-08-16 14:39:11,576 - INFO - EXCLUIR: emp4138_H_202410_full_N0_20241009_020229.zip
2025-08-16 14:39:11,581 - INFO - EXCLUIR: emp4138_H_202410_full_N0_20241010_015945.zip
2025-08-16 14:39:11,590 - INFO - EXCLUIR: emp4138_H_202410_full_N0_20241011_015735.zip
2025-08-16 14:39:11,596 - INFO - EXCLUIR: emp4138_H_202410_full_N0_20241012_015815.zip
2025-08-16 14:39:11,604 - INFO - EXCLUIR: emp4138_H_202410_full_N0_20241013_015815.zip
2025-08-16 14:39:11,610 - INFO - EXCLUIR: emp4138_H_202410_full_N0_20241014_015813.zip
2025-08-16 14:39:11,615 - INFO - EXCLUIR: emp4138_H_202410_full_N0_20241015_015732.zip
2025-08-16 14:39:11,620 - INFO - EXCLUIR: emp4138_H_202410_full_N0_20241016_020547.zip
2025-08-16 14:39:11,626 - INFO - EXCLUIR: emp4138_H_202410_full_N0_20241017_015800.zip
2025-08-16 14:39:11,631 - INFO - EXCLUIR: emp4138_H_202410_full_N0_20241018_015918.zip
2025-08-16 14:39:11,638 - INFO - EXCLUIR: emp4138_H_202410_full_N0_20241019_015923.zip
2025-08-16 14:39:11,643 - INFO - EXCLUIR: emp4138_H_202410_full_N0_20241020_015822.zip
2025-08-16 14:39:11,652 - INFO - EXCLUIR: emp4138_H_202410_full_N0_20241021_015834.zip
2025-08-16 14:39:11,657 - INFO - EXCLUIR: emp4138_H_202410_full_N0_20241022_020127.zip
2025-08-16 14:39:11,662 - INFO - EXCLUIR: emp4138_H_202410_full_N0_20241023_020257.zip
2025-08-16 14:39:11,666 - INFO - EXCLUIR: emp4138_H_202410_full_N0_20241024_020719.zip
2025-08-16 14:39:11,671 - INFO - EXCLUIR: emp4138_H_202410_full_N0_20241025_020027.zip
2025-08-16 14:39:11,676 - INFO - EXCLUIR: emp4138_H_202410_full_N0_20241026_020032.zip
2025-08-16 14:39:11,680 - INFO - EXCLUIR: emp4138_H_202410_full_N0_20241027_015928.zip
2025-08-16 14:39:11,686 - INFO - EXCLUIR: emp4138_H_202410_full_N0_20241028_015946.zip
2025-08-16 14:39:11,692 - INFO - 
--- Grupo: emp4138_H_202411 (20 arquivos) ---
2025-08-16 14:39:11,697 - INFO - MANTER: emp4138_H_202411_full_N0_20241201_014505.zip
2025-08-16 14:39:11,705 - INFO - EXCLUIR: emp4138_H_202411_full_N0_20241111_014336.zip
2025-08-16 14:39:11,710 - INFO - EXCLUIR: emp4138_H_202411_full_N0_20241113_014343.zip
2025-08-16 14:39:11,718 - INFO - EXCLUIR: emp4138_H_202411_full_N0_20241114_014324.zip
2025-08-16 14:39:11,723 - INFO - EXCLUIR: emp4138_H_202411_full_N0_20241115_014331.zip
2025-08-16 14:39:11,728 - INFO - EXCLUIR: emp4138_H_202411_full_N0_20241116_014445.zip
2025-08-16 14:39:11,734 - INFO - EXCLUIR: emp4138_H_202411_full_N0_20241117_014436.zip
2025-08-16 14:39:11,765 - INFO - EXCLUIR: emp4138_H_202411_full_N0_20241118_031125.zip
2025-08-16 14:39:11,792 - INFO - EXCLUIR: emp4138_H_202411_full_N0_20241119_014341.zip
2025-08-16 14:39:11,800 - INFO - EXCLUIR: emp4138_H_202411_full_N0_20241120_014358.zip
2025-08-16 14:39:11,813 - INFO - EXCLUIR: emp4138_H_202411_full_N0_20241121_014449.zip
2025-08-16 14:39:11,829 - INFO - EXCLUIR: emp4138_H_202411_full_N0_20241122_014416.zip
2025-08-16 14:39:11,837 - INFO - EXCLUIR: emp4138_H_202411_full_N0_20241123_014410.zip
2025-08-16 14:39:11,849 - INFO - EXCLUIR: emp4138_H_202411_full_N0_20241124_014404.zip
2025-08-16 14:39:11,859 - INFO - EXCLUIR: emp4138_H_202411_full_N0_20241125_014404.zip
2025-08-16 14:39:11,870 - INFO - EXCLUIR: emp4138_H_202411_full_N0_20241126_014420.zip
2025-08-16 14:39:11,879 - INFO - EXCLUIR: emp4138_H_202411_full_N0_20241127_014449.zip
2025-08-16 14:39:11,885 - INFO - EXCLUIR: emp4138_H_202411_full_N0_20241128_014453.zip
2025-08-16 14:39:11,891 - INFO - EXCLUIR: emp4138_H_202411_full_N0_20241129_014502.zip
2025-08-16 14:39:11,896 - INFO - EXCLUIR: emp4138_H_202411_full_N0_20241130_014517.zip
2025-08-16 14:39:11,901 - INFO - 
--- Grupo: emp4138_H_202412 (30 arquivos) ---
2025-08-16 14:39:11,929 - INFO - MANTER: emp4138_H_202412_full_N0_20250101_014611.zip
2025-08-16 14:39:11,934 - INFO - EXCLUIR: emp4138_H_202412_full_N0_20241202_014249.zip
2025-08-16 14:39:11,938 - INFO - EXCLUIR: emp4138_H_202412_full_N0_20241203_014305.zip
2025-08-16 14:39:11,946 - INFO - EXCLUIR: emp4138_H_202412_full_N0_20241204_014335.zip
2025-08-16 14:39:11,951 - INFO - EXCLUIR: emp4138_H_202412_full_N0_20241205_014354.zip
2025-08-16 14:39:11,959 - INFO - EXCLUIR: emp4138_H_202412_full_N0_20241206_014359.zip
2025-08-16 14:39:11,964 - INFO - EXCLUIR: emp4138_H_202412_full_N0_20241207_014415.zip
2025-08-16 14:39:11,969 - INFO - EXCLUIR: emp4138_H_202412_full_N0_20241208_014333.zip
2025-08-16 14:39:11,975 - INFO - EXCLUIR: emp4138_H_202412_full_N0_20241209_014338.zip
2025-08-16 14:39:11,981 - INFO - EXCLUIR: emp4138_H_202412_full_N0_20241210_014352.zip
2025-08-16 14:39:11,986 - INFO - EXCLUIR: emp4138_H_202412_full_N0_20241211_014436.zip
2025-08-16 14:39:11,994 - INFO - EXCLUIR: emp4138_H_202412_full_N0_20241212_014416.zip
2025-08-16 14:39:11,999 - INFO - EXCLUIR: emp4138_H_202412_full_N0_20241213_014446.zip
2025-08-16 14:39:12,004 - INFO - EXCLUIR: emp4138_H_202412_full_N0_20241214_014431.zip
2025-08-16 14:39:12,016 - INFO - EXCLUIR: emp4138_H_202412_full_N0_20241215_014447.zip
2025-08-16 14:39:12,022 - INFO - EXCLUIR: emp4138_H_202412_full_N0_20241217_014510.zip
2025-08-16 14:39:12,027 - INFO - EXCLUIR: emp4138_H_202412_full_N0_20241218_014510.zip
2025-08-16 14:39:12,032 - INFO - EXCLUIR: emp4138_H_202412_full_N0_20241219_014525.zip
2025-08-16 14:39:12,037 - INFO - EXCLUIR: emp4138_H_202412_full_N0_20241220_014546.zip
2025-08-16 14:39:12,048 - INFO - EXCLUIR: emp4138_H_202412_full_N0_20241221_014554.zip
2025-08-16 14:39:12,054 - INFO - EXCLUIR: emp4138_H_202412_full_N0_20241222_014546.zip
2025-08-16 14:39:12,068 - INFO - EXCLUIR: emp4138_H_202412_full_N0_20241223_014605.zip
2025-08-16 14:39:12,076 - INFO - EXCLUIR: emp4138_H_202412_full_N0_20241224_014540.zip
2025-08-16 14:39:12,082 - INFO - EXCLUIR: emp4138_H_202412_full_N0_20241225_014630.zip
2025-08-16 14:39:12,087 - INFO - EXCLUIR: emp4138_H_202412_full_N0_20241226_014602.zip
2025-08-16 14:39:12,117 - INFO - EXCLUIR: emp4138_H_202412_full_N0_20241227_014631.zip
2025-08-16 14:39:12,140 - INFO - EXCLUIR: emp4138_H_202412_full_N0_20241228_014644.zip
2025-08-16 14:39:12,153 - INFO - EXCLUIR: emp4138_H_202412_full_N0_20241229_014546.zip
2025-08-16 14:39:12,175 - INFO - EXCLUIR: emp4138_H_202412_full_N0_20241230_014631.zip
2025-08-16 14:39:12,180 - INFO - EXCLUIR: emp4138_H_202412_full_N0_20241231_014545.zip
2025-08-16 14:39:12,188 - INFO - 
--- Grupo: emp4138_H_202501 (29 arquivos) ---
2025-08-16 14:39:12,194 - INFO - MANTER: emp4138_H_202501_full_N0_20250201_014728.zip
2025-08-16 14:39:12,209 - INFO - EXCLUIR: emp4138_H_202501_full_N0_20250102_014336.zip
2025-08-16 14:39:12,215 - INFO - EXCLUIR: emp4138_H_202501_full_N0_20250103_014335.zip
2025-08-16 14:39:12,220 - INFO - EXCLUIR: emp4138_H_202501_full_N0_20250104_014410.zip
2025-08-16 14:39:12,229 - INFO - EXCLUIR: emp4138_H_202501_full_N0_20250105_014351.zip
2025-08-16 14:39:12,235 - INFO - EXCLUIR: emp4138_H_202501_full_N0_20250106_014346.zip
2025-08-16 14:39:12,241 - INFO - EXCLUIR: emp4138_H_202501_full_N0_20250107_014359.zip
2025-08-16 14:39:12,252 - INFO - EXCLUIR: emp4138_H_202501_full_N0_20250108_014523.zip
2025-08-16 14:39:12,282 - INFO - EXCLUIR: emp4138_H_202501_full_N0_20250109_014421.zip
2025-08-16 14:39:12,294 - INFO - EXCLUIR: emp4138_H_202501_full_N0_20250110_014435.zip
2025-08-16 14:39:12,311 - INFO - EXCLUIR: emp4138_H_202501_full_N0_20250111_014453.zip
2025-08-16 14:39:12,323 - INFO - EXCLUIR: emp4138_H_202501_full_N0_20250112_014601.zip
2025-08-16 14:39:12,333 - INFO - EXCLUIR: emp4138_H_202501_full_N0_20250114_223337.zip
2025-08-16 14:39:12,339 - INFO - EXCLUIR: emp4138_H_202501_full_N0_20250116_014507.zip
2025-08-16 14:39:12,344 - INFO - EXCLUIR: emp4138_H_202501_full_N0_20250117_014454.zip
2025-08-16 14:39:12,356 - INFO - EXCLUIR: emp4138_H_202501_full_N0_20250118_014511.zip
2025-08-16 14:39:12,363 - INFO - EXCLUIR: emp4138_H_202501_full_N0_20250119_014506.zip
2025-08-16 14:39:12,369 - INFO - EXCLUIR: emp4138_H_202501_full_N0_20250120_014525.zip
2025-08-16 14:39:12,375 - INFO - EXCLUIR: emp4138_H_202501_full_N0_20250121_014512.zip
2025-08-16 14:39:12,384 - INFO - EXCLUIR: emp4138_H_202501_full_N0_20250122_014648.zip
2025-08-16 14:39:12,395 - INFO - EXCLUIR: emp4138_H_202501_full_N0_20250123_014529.zip
2025-08-16 14:39:12,411 - INFO - EXCLUIR: emp4138_H_202501_full_N0_20250124_014536.zip
2025-08-16 14:39:12,429 - INFO - EXCLUIR: emp4138_H_202501_full_N0_20250125_014546.zip
2025-08-16 14:39:12,435 - INFO - EXCLUIR: emp4138_H_202501_full_N0_20250126_014535.zip
2025-08-16 14:39:12,440 - INFO - EXCLUIR: emp4138_H_202501_full_N0_20250127_014555.zip
2025-08-16 14:39:12,446 - INFO - EXCLUIR: emp4138_H_202501_full_N0_20250128_014609.zip
2025-08-16 14:39:12,451 - INFO - EXCLUIR: emp4138_H_202501_full_N0_20250129_014856.zip
2025-08-16 14:39:12,460 - INFO - EXCLUIR: emp4138_H_202501_full_N0_20250130_014700.zip
2025-08-16 14:39:12,469 - INFO - EXCLUIR: emp4138_H_202501_full_N0_20250131_014657.zip
2025-08-16 14:39:12,474 - INFO - 
--- Grupo: emp4138_H_202502 (28 arquivos) ---
2025-08-16 14:39:12,480 - INFO - MANTER: emp4138_H_202502_full_N0_20250301_014833.zip
2025-08-16 14:39:12,486 - INFO - EXCLUIR: emp4138_H_202502_full_N0_20250202_014624.zip
2025-08-16 14:39:12,492 - INFO - EXCLUIR: emp4138_H_202502_full_N0_20250203_014545.zip
2025-08-16 14:39:12,497 - INFO - EXCLUIR: emp4138_H_202502_full_N0_20250204_014457.zip
2025-08-16 14:39:12,502 - INFO - EXCLUIR: emp4138_H_202502_full_N0_20250205_014443.zip
2025-08-16 14:39:12,518 - INFO - EXCLUIR: emp4138_H_202502_full_N0_20250206_014632.zip
2025-08-16 14:39:12,525 - INFO - EXCLUIR: emp4138_H_202502_full_N0_20250207_014532.zip
2025-08-16 14:39:12,532 - INFO - EXCLUIR: emp4138_H_202502_full_N0_20250208_014608.zip
2025-08-16 14:39:12,537 - INFO - EXCLUIR: emp4138_H_202502_full_N0_20250209_014659.zip
2025-08-16 14:39:12,542 - INFO - EXCLUIR: emp4138_H_202502_full_N0_20250210_014644.zip
2025-08-16 14:39:12,547 - INFO - EXCLUIR: emp4138_H_202502_full_N0_20250211_014553.zip
2025-08-16 14:39:12,553 - INFO - EXCLUIR: emp4138_H_202502_full_N0_20250212_014516.zip
2025-08-16 14:39:12,562 - INFO - EXCLUIR: emp4138_H_202502_full_N0_20250213_014615.zip
2025-08-16 14:39:12,568 - INFO - EXCLUIR: emp4138_H_202502_full_N0_20250214_014654.zip
2025-08-16 14:39:12,574 - INFO - EXCLUIR: emp4138_H_202502_full_N0_20250215_014554.zip
2025-08-16 14:39:12,579 - INFO - EXCLUIR: emp4138_H_202502_full_N0_20250216_014646.zip
2025-08-16 14:39:12,585 - INFO - EXCLUIR: emp4138_H_202502_full_N0_20250217_014548.zip
2025-08-16 14:39:12,590 - INFO - EXCLUIR: emp4138_H_202502_full_N0_20250218_014707.zip
2025-08-16 14:39:12,595 - INFO - EXCLUIR: emp4138_H_202502_full_N0_20250219_014653.zip
2025-08-16 14:39:12,600 - INFO - EXCLUIR: emp4138_H_202502_full_N0_20250220_014636.zip
2025-08-16 14:39:12,605 - INFO - EXCLUIR: emp4138_H_202502_full_N0_20250221_014900.zip
2025-08-16 14:39:12,611 - INFO - EXCLUIR: emp4138_H_202502_full_N0_20250222_014732.zip
2025-08-16 14:39:12,620 - INFO - EXCLUIR: emp4138_H_202502_full_N0_20250223_014806.zip
2025-08-16 14:39:12,627 - INFO - EXCLUIR: emp4138_H_202502_full_N0_20250224_014817.zip
2025-08-16 14:39:12,633 - INFO - EXCLUIR: emp4138_H_202502_full_N0_20250225_014654.zip
2025-08-16 14:39:12,638 - INFO - EXCLUIR: emp4138_H_202502_full_N0_20250226_014808.zip
2025-08-16 14:39:12,642 - INFO - EXCLUIR: emp4138_H_202502_full_N0_20250227_014759.zip
2025-08-16 14:39:12,648 - INFO - EXCLUIR: emp4138_H_202502_full_N0_20250228_014954.zip
2025-08-16 14:39:12,653 - INFO - 
--- Grupo: emp4138_H_202503 (31 arquivos) ---
2025-08-16 14:39:12,660 - INFO - MANTER: emp4138_H_202503_full_N0_20250401_015018.zip
2025-08-16 14:39:12,666 - INFO - EXCLUIR: emp4138_H_202503_full_N0_20250302_014554.zip
2025-08-16 14:39:12,672 - INFO - EXCLUIR: emp4138_H_202503_full_N0_20250303_014519.zip
2025-08-16 14:39:12,678 - INFO - EXCLUIR: emp4138_H_202503_full_N0_20250304_014453.zip
2025-08-16 14:39:12,684 - INFO - EXCLUIR: emp4138_H_202503_full_N0_20250305_014559.zip
2025-08-16 14:39:12,690 - INFO - EXCLUIR: emp4138_H_202503_full_N0_20250306_014846.zip
2025-08-16 14:39:12,695 - INFO - EXCLUIR: emp4138_H_202503_full_N0_20250307_014651.zip
2025-08-16 14:39:12,700 - INFO - EXCLUIR: emp4138_H_202503_full_N0_20250308_014544.zip
2025-08-16 14:39:12,706 - INFO - EXCLUIR: emp4138_H_202503_full_N0_20250309_014734.zip
2025-08-16 14:39:12,712 - INFO - EXCLUIR: emp4138_H_202503_full_N0_20250310_014713.zip
2025-08-16 14:39:12,719 - INFO - EXCLUIR: emp4138_H_202503_full_N0_20250311_014618.zip
2025-08-16 14:39:12,728 - INFO - EXCLUIR: emp4138_H_202503_full_N0_20250312_014743.zip
2025-08-16 14:39:12,734 - INFO - EXCLUIR: emp4138_H_202503_full_N0_20250313_014612.zip
2025-08-16 14:39:12,740 - INFO - EXCLUIR: emp4138_H_202503_full_N0_20250314_014641.zip
2025-08-16 14:39:12,745 - INFO - EXCLUIR: emp4138_H_202503_full_N0_20250315_014624.zip
2025-08-16 14:39:12,751 - INFO - EXCLUIR: emp4138_H_202503_full_N0_20250316_014652.zip
2025-08-16 14:39:12,756 - INFO - EXCLUIR: emp4138_H_202503_full_N0_20250317_014749.zip
2025-08-16 14:39:12,766 - INFO - EXCLUIR: emp4138_H_202503_full_N0_20250318_014702.zip
2025-08-16 14:39:12,771 - INFO - EXCLUIR: emp4138_H_202503_full_N0_20250319_014748.zip
2025-08-16 14:39:12,782 - INFO - EXCLUIR: emp4138_H_202503_full_N0_20250320_014751.zip
2025-08-16 14:39:12,790 - INFO - EXCLUIR: emp4138_H_202503_full_N0_20250321_014810.zip
2025-08-16 14:39:12,795 - INFO - EXCLUIR: emp4138_H_202503_full_N0_20250322_014811.zip
2025-08-16 14:39:12,801 - INFO - EXCLUIR: emp4138_H_202503_full_N0_20250323_014651.zip
2025-08-16 14:39:12,806 - INFO - EXCLUIR: emp4138_H_202503_full_N0_20250324_014732.zip
2025-08-16 14:39:12,814 - INFO - EXCLUIR: emp4138_H_202503_full_N0_20250325_014857.zip
2025-08-16 14:39:12,819 - INFO - EXCLUIR: emp4138_H_202503_full_N0_20250326_014835.zip
2025-08-16 14:39:12,824 - INFO - EXCLUIR: emp4138_H_202503_full_N0_20250327_015455.zip
2025-08-16 14:39:12,832 - INFO - EXCLUIR: emp4138_H_202503_full_N0_20250328_014935.zip
2025-08-16 14:39:12,837 - INFO - EXCLUIR: emp4138_H_202503_full_N0_20250329_015218.zip
2025-08-16 14:39:12,843 - INFO - EXCLUIR: emp4138_H_202503_full_N0_20250330_015133.zip
2025-08-16 14:39:12,849 - INFO - EXCLUIR: emp4138_H_202503_full_N0_20250331_014846.zip
2025-08-16 14:39:12,854 - INFO - 
--- Grupo: emp4138_H_202504 (30 arquivos) ---
2025-08-16 14:39:12,860 - INFO - MANTER: emp4138_H_202504_full_N0_20250501_020130.zip
2025-08-16 14:39:12,870 - INFO - EXCLUIR: emp4138_H_202504_full_N0_20250402_014940.zip
2025-08-16 14:39:12,879 - INFO - EXCLUIR: emp4138_H_202504_full_N0_20250403_014629.zip
2025-08-16 14:39:12,884 - INFO - EXCLUIR: emp4138_H_202504_full_N0_20250404_014627.zip
2025-08-16 14:39:12,892 - INFO - EXCLUIR: emp4138_H_202504_full_N0_20250405_014704.zip
2025-08-16 14:39:12,898 - INFO - EXCLUIR: emp4138_H_202504_full_N0_20250406_014748.zip
2025-08-16 14:39:12,904 - INFO - EXCLUIR: emp4138_H_202504_full_N0_20250407_014733.zip
2025-08-16 14:39:12,909 - INFO - EXCLUIR: emp4138_H_202504_full_N0_20250408_015152.zip
2025-08-16 14:39:12,915 - INFO - EXCLUIR: emp4138_H_202504_full_N0_20250409_014915.zip
2025-08-16 14:39:12,921 - INFO - EXCLUIR: emp4138_H_202504_full_N0_20250410_014844.zip
2025-08-16 14:39:12,924 - INFO - EXCLUIR: emp4138_H_202504_full_N0_20250411_015024.zip
2025-08-16 14:39:12,932 - INFO - EXCLUIR: emp4138_H_202504_full_N0_20250412_015210.zip
2025-08-16 14:39:12,937 - INFO - EXCLUIR: emp4138_H_202504_full_N0_20250413_014758.zip
2025-08-16 14:39:12,943 - INFO - EXCLUIR: emp4138_H_202504_full_N0_20250414_014732.zip
2025-08-16 14:39:12,948 - INFO - EXCLUIR: emp4138_H_202504_full_N0_20250415_014908.zip
2025-08-16 14:39:12,953 - INFO - EXCLUIR: emp4138_H_202504_full_N0_20250416_015153.zip
2025-08-16 14:39:12,957 - INFO - EXCLUIR: emp4138_H_202504_full_N0_20250417_015015.zip
2025-08-16 14:39:12,962 - INFO - EXCLUIR: emp4138_H_202504_full_N0_20250418_014959.zip
2025-08-16 14:39:12,977 - INFO - EXCLUIR: emp4138_H_202504_full_N0_20250419_015137.zip
2025-08-16 14:39:12,991 - INFO - EXCLUIR: emp4138_H_202504_full_N0_20250420_015231.zip
2025-08-16 14:39:12,997 - INFO - EXCLUIR: emp4138_H_202504_full_N0_20250421_014920.zip
2025-08-16 14:39:13,001 - INFO - EXCLUIR: emp4138_H_202504_full_N0_20250422_014845.zip
2025-08-16 14:39:13,006 - INFO - EXCLUIR: emp4138_H_202504_full_N0_20250423_015140.zip
2025-08-16 14:39:13,011 - INFO - EXCLUIR: emp4138_H_202504_full_N0_20250424_015204.zip
2025-08-16 14:39:13,022 - INFO - EXCLUIR: emp4138_H_202504_full_N0_20250425_014910.zip
2025-08-16 14:39:13,027 - INFO - EXCLUIR: emp4138_H_202504_full_N0_20250426_014906.zip
2025-08-16 14:39:13,037 - INFO - EXCLUIR: emp4138_H_202504_full_N0_20250427_014847.zip
2025-08-16 14:39:13,042 - INFO - EXCLUIR: emp4138_H_202504_full_N0_20250428_014937.zip
2025-08-16 14:39:13,048 - INFO - EXCLUIR: emp4138_H_202504_full_N0_20250429_014943.zip
2025-08-16 14:39:13,054 - INFO - EXCLUIR: emp4138_H_202504_full_N0_20250430_015158.zip
2025-08-16 14:39:13,060 - INFO - 
--- Grupo: emp4138_H_202505 (28 arquivos) ---
2025-08-16 14:39:13,072 - INFO - MANTER: emp4138_H_202505_full_N0_20250601_014935.zip
2025-08-16 14:39:13,086 - INFO - EXCLUIR: emp4138_H_202505_full_N0_20250502_014917.zip
2025-08-16 14:39:13,093 - INFO - EXCLUIR: emp4138_H_202505_full_N0_20250503_015503.zip
2025-08-16 14:39:13,103 - INFO - EXCLUIR: emp4138_H_202505_full_N0_20250504_015308.zip
2025-08-16 14:39:13,107 - INFO - EXCLUIR: emp4138_H_202505_full_N0_20250505_015814.zip
2025-08-16 14:39:13,112 - INFO - EXCLUIR: emp4138_H_202505_full_N0_20250507_015040.zip
2025-08-16 14:39:13,117 - INFO - EXCLUIR: emp4138_H_202505_full_N0_20250509_015234.zip
2025-08-16 14:39:13,124 - INFO - EXCLUIR: emp4138_H_202505_full_N0_20250510_015535.zip
2025-08-16 14:39:13,129 - INFO - EXCLUIR: emp4138_H_202505_full_N0_20250511_015620.zip
2025-08-16 14:39:13,148 - INFO - EXCLUIR: emp4138_H_202505_full_N0_20250512_015408.zip
2025-08-16 14:39:13,155 - INFO - EXCLUIR: emp4138_H_202505_full_N0_20250513_015626.zip
2025-08-16 14:39:13,160 - INFO - EXCLUIR: emp4138_H_202505_full_N0_20250514_015635.zip
2025-08-16 14:39:13,165 - INFO - EXCLUIR: emp4138_H_202505_full_N0_20250515_015506.zip
2025-08-16 14:39:13,177 - INFO - EXCLUIR: emp4138_H_202505_full_N0_20250516_015408.zip
2025-08-16 14:39:13,202 - INFO - EXCLUIR: emp4138_H_202505_full_N0_20250517_015736.zip
2025-08-16 14:39:13,207 - INFO - EXCLUIR: emp4138_H_202505_full_N0_20250518_015358.zip
2025-08-16 14:39:13,212 - INFO - EXCLUIR: emp4138_H_202505_full_N0_20250519_015606.zip
2025-08-16 14:39:13,218 - INFO - EXCLUIR: emp4138_H_202505_full_N0_20250520_015434.zip
2025-08-16 14:39:13,225 - INFO - EXCLUIR: emp4138_H_202505_full_N0_20250521_015420.zip
2025-08-16 14:39:13,231 - INFO - EXCLUIR: emp4138_H_202505_full_N0_20250522_015710.zip
2025-08-16 14:39:13,239 - INFO - EXCLUIR: emp4138_H_202505_full_N0_20250523_015607.zip
2025-08-16 14:39:13,243 - INFO - EXCLUIR: emp4138_H_202505_full_N0_20250524_015727.zip
2025-08-16 14:39:13,247 - INFO - EXCLUIR: emp4138_H_202505_full_N0_20250525_015436.zip
2025-08-16 14:39:13,251 - INFO - EXCLUIR: emp4138_H_202505_full_N0_20250526_015659.zip
2025-08-16 14:39:13,255 - INFO - EXCLUIR: emp4138_H_202505_full_N0_20250527_015342.zip
2025-08-16 14:39:13,265 - INFO - EXCLUIR: emp4138_H_202505_full_N0_20250528_015436.zip
2025-08-16 14:39:13,269 - INFO - EXCLUIR: emp4138_H_202505_full_N0_20250529_015437.zip
2025-08-16 14:39:13,278 - INFO - EXCLUIR: emp4138_H_202505_full_N0_20250531_015427.zip
2025-08-16 14:39:13,284 - INFO - 
--- Grupo: emp4138_H_202506 (26 arquivos) ---
2025-08-16 14:39:13,291 - INFO - MANTER: emp4138_H_202506_full_N0_20250701_015332.zip
2025-08-16 14:39:13,296 - INFO - EXCLUIR: emp4138_H_202506_full_N0_20250602_014827.zip
2025-08-16 14:39:13,301 - INFO - EXCLUIR: emp4138_H_202506_full_N0_20250603_015053.zip
2025-08-16 14:39:13,305 - INFO - EXCLUIR: emp4138_H_202506_full_N0_20250604_015341.zip
2025-08-16 14:39:13,312 - INFO - EXCLUIR: emp4138_H_202506_full_N0_20250605_014943.zip
2025-08-16 14:39:13,317 - INFO - EXCLUIR: emp4138_H_202506_full_N0_20250606_015055.zip
2025-08-16 14:39:13,323 - INFO - EXCLUIR: emp4138_H_202506_full_N0_20250607_015949.zip
2025-08-16 14:39:13,329 - INFO - EXCLUIR: emp4138_H_202506_full_N0_20250608_015802.zip
2025-08-16 14:39:13,334 - INFO - EXCLUIR: emp4138_H_202506_full_N0_20250609_015944.zip
2025-08-16 14:39:13,351 - INFO - EXCLUIR: emp4138_H_202506_full_N0_20250610_020235.zip
2025-08-16 14:39:13,356 - INFO - EXCLUIR: emp4138_H_202506_full_N0_20250612_014858.zip
2025-08-16 14:39:13,364 - INFO - EXCLUIR: emp4138_H_202506_full_N0_20250613_015407.zip
2025-08-16 14:39:13,370 - INFO - EXCLUIR: emp4138_H_202506_full_N0_20250614_015817.zip
2025-08-16 14:39:13,381 - INFO - EXCLUIR: emp4138_H_202506_full_N0_20250615_015842.zip
2025-08-16 14:39:13,386 - INFO - EXCLUIR: emp4138_H_202506_full_N0_20250617_014919.zip
2025-08-16 14:39:13,396 - INFO - EXCLUIR: emp4138_H_202506_full_N0_20250618_014933.zip
2025-08-16 14:39:13,402 - INFO - EXCLUIR: emp4138_H_202506_full_N0_20250619_014934.zip
2025-08-16 14:39:13,407 - INFO - EXCLUIR: emp4138_H_202506_full_N0_20250620_015202.zip
2025-08-16 14:39:13,412 - INFO - EXCLUIR: emp4138_H_202506_full_N0_20250621_015413.zip
2025-08-16 14:39:13,418 - INFO - EXCLUIR: emp4138_H_202506_full_N0_20250622_020008.zip
2025-08-16 14:39:13,424 - INFO - EXCLUIR: emp4138_H_202506_full_N0_20250624_015100.zip
2025-08-16 14:39:13,434 - INFO - EXCLUIR: emp4138_H_202506_full_N0_20250625_015821.zip
2025-08-16 14:39:13,438 - INFO - EXCLUIR: emp4138_H_202506_full_N0_20250626_020054.zip
2025-08-16 14:39:13,447 - INFO - EXCLUIR: emp4138_H_202506_full_N0_20250628_015228.zip
2025-08-16 14:39:13,452 - INFO - EXCLUIR: emp4138_H_202506_full_N0_20250629_015035.zip
2025-08-16 14:39:13,457 - INFO - EXCLUIR: emp4138_H_202506_full_N0_20250630_015055.zip
2025-08-16 14:39:13,462 - INFO - 
--- Grupo: emp4138_H_202507 (31 arquivos) ---
2025-08-16 14:39:13,467 - INFO - MANTER: emp4138_H_202507_full_N0_20250801_015443.zip
2025-08-16 14:39:13,472 - INFO - EXCLUIR: emp4138_H_202507_full_N0_20250702_015022.zip
2025-08-16 14:39:13,481 - INFO - EXCLUIR: emp4138_H_202507_full_N0_20250703_014831.zip
2025-08-16 14:39:13,486 - INFO - EXCLUIR: emp4138_H_202507_full_N0_20250704_014835.zip
2025-08-16 14:39:13,497 - INFO - EXCLUIR: emp4138_H_202507_full_N0_20250705_015003.zip
2025-08-16 14:39:13,502 - INFO - EXCLUIR: emp4138_H_202507_full_N0_20250706_014942.zip
2025-08-16 14:39:13,508 - INFO - EXCLUIR: emp4138_H_202507_full_N0_20250707_014827.zip
2025-08-16 14:39:13,513 - INFO - EXCLUIR: emp4138_H_202507_full_N0_20250708_014850.zip
2025-08-16 14:39:13,519 - INFO - EXCLUIR: emp4138_H_202507_full_N0_20250709_014931.zip
2025-08-16 14:39:13,524 - INFO - EXCLUIR: emp4138_H_202507_full_N0_20250710_015127.zip
2025-08-16 14:39:13,531 - INFO - EXCLUIR: emp4138_H_202507_full_N0_20250711_014959.zip
2025-08-16 14:39:13,536 - INFO - EXCLUIR: emp4138_H_202507_full_N0_20250712_015048.zip
2025-08-16 14:39:13,541 - INFO - EXCLUIR: emp4138_H_202507_full_N0_20250713_015209.zip
2025-08-16 14:39:13,549 - INFO - EXCLUIR: emp4138_H_202507_full_N0_20250714_015024.zip
2025-08-16 14:39:13,554 - INFO - EXCLUIR: emp4138_H_202507_full_N0_20250715_015046.zip
2025-08-16 14:39:13,559 - INFO - EXCLUIR: emp4138_H_202507_full_N0_20250716_015209.zip
2025-08-16 14:39:13,564 - INFO - EXCLUIR: emp4138_H_202507_full_N0_20250717_015237.zip
2025-08-16 14:39:13,570 - INFO - EXCLUIR: emp4138_H_202507_full_N0_20250718_015158.zip
2025-08-16 14:39:13,575 - INFO - EXCLUIR: emp4138_H_202507_full_N0_20250719_015204.zip
2025-08-16 14:39:13,586 - INFO - EXCLUIR: emp4138_H_202507_full_N0_20250720_015145.zip
2025-08-16 14:39:13,593 - INFO - EXCLUIR: emp4138_H_202507_full_N0_20250721_015243.zip
2025-08-16 14:39:13,600 - INFO - EXCLUIR: emp4138_H_202507_full_N0_20250722_015250.zip
2025-08-16 14:39:13,605 - INFO - EXCLUIR: emp4138_H_202507_full_N0_20250723_015214.zip
2025-08-16 14:39:13,610 - INFO - EXCLUIR: emp4138_H_202507_full_N0_20250724_015903.zip
2025-08-16 14:39:13,615 - INFO - EXCLUIR: emp4138_H_202507_full_N0_20250725_015143.zip
2025-08-16 14:39:13,620 - INFO - EXCLUIR: emp4138_H_202507_full_N0_20250726_015218.zip
2025-08-16 14:39:13,625 - INFO - EXCLUIR: emp4138_H_202507_full_N0_20250727_015308.zip
2025-08-16 14:39:13,630 - INFO - EXCLUIR: emp4138_H_202507_full_N0_20250728_015117.zip
2025-08-16 14:39:13,635 - INFO - EXCLUIR: emp4138_H_202507_full_N0_20250729_015231.zip
2025-08-16 14:39:13,640 - INFO - EXCLUIR: emp4138_H_202507_full_N0_20250730_015445.zip
2025-08-16 14:39:13,652 - INFO - EXCLUIR: emp4138_H_202507_full_N0_20250731_015430.zip
2025-08-16 14:39:13,659 - INFO - 
--- Grupo: emp4138_H_202508 (15 arquivos) ---
2025-08-16 14:39:13,664 - INFO - MANTER: emp4138_H_202508_full_N0_20250816_015127.zip
2025-08-16 14:39:13,669 - INFO - EXCLUIR: emp4138_H_202508_full_N0_20250802_014943.zip
2025-08-16 14:39:13,675 - INFO - EXCLUIR: emp4138_H_202508_full_N0_20250803_014843.zip
2025-08-16 14:39:13,679 - INFO - EXCLUIR: emp4138_H_202508_full_N0_20250804_015029.zip
2025-08-16 14:39:13,690 - INFO - EXCLUIR: emp4138_H_202508_full_N0_20250805_015301.zip
2025-08-16 14:39:13,707 - INFO - EXCLUIR: emp4138_H_202508_full_N0_20250806_015544.zip
2025-08-16 14:39:13,713 - INFO - EXCLUIR: emp4138_H_202508_full_N0_20250807_015703.zip
2025-08-16 14:39:13,718 - INFO - EXCLUIR: emp4138_H_202508_full_N0_20250808_015252.zip
2025-08-16 14:39:13,723 - INFO - EXCLUIR: emp4138_H_202508_full_N0_20250809_020010.zip
2025-08-16 14:39:13,728 - INFO - EXCLUIR: emp4138_H_202508_full_N0_20250810_015552.zip
2025-08-16 14:39:13,733 - INFO - EXCLUIR: emp4138_H_202508_full_N0_20250811_015253.zip
2025-08-16 14:39:13,741 - INFO - EXCLUIR: emp4138_H_202508_full_N0_20250812_015354.zip
2025-08-16 14:39:13,753 - INFO - EXCLUIR: emp4138_H_202508_full_N0_20250813_015351.zip
2025-08-16 14:39:13,759 - INFO - EXCLUIR: emp4138_H_202508_full_N0_20250814_015251.zip
2025-08-16 14:39:13,765 - INFO - EXCLUIR: emp4138_H_202508_full_N0_20250815_015202.zip
2025-08-16 14:39:13,770 - INFO - 
--- Grupo: emp4435_H_202305 (2 arquivos) ---
2025-08-16 14:39:13,775 - INFO - MANTER: emp4435_H_202305_full_N0_20240121_032122.zip
2025-08-16 14:39:13,780 - INFO - EXCLUIR: emp4435_H_202305_full_N0_20231220_022950.zip
2025-08-16 14:39:13,790 - INFO - 
--- Grupo: emp4435_H_202306 (2 arquivos) ---
2025-08-16 14:39:13,828 - INFO - MANTER: emp4435_H_202306_full_N0_20240121_032118.zip
2025-08-16 14:39:13,838 - INFO - EXCLUIR: emp4435_H_202306_full_N0_20231220_022945.zip
2025-08-16 14:39:13,844 - INFO - 
--- Grupo: emp4435_H_202307 (2 arquivos) ---
2025-08-16 14:39:13,859 - INFO - MANTER: emp4435_H_202307_full_N0_20240121_032117.zip
2025-08-16 14:39:13,866 - INFO - EXCLUIR: emp4435_H_202307_full_N0_20231220_022942.zip
2025-08-16 14:39:13,872 - INFO - 
--- Grupo: emp4435_H_202308 (2 arquivos) ---
2025-08-16 14:39:13,877 - INFO - MANTER: emp4435_H_202308_full_N0_20240121_032125.zip
2025-08-16 14:39:13,883 - INFO - EXCLUIR: emp4435_H_202308_full_N0_20231220_022953.zip
2025-08-16 14:39:13,891 - INFO - 
--- Grupo: emp4435_H_202309 (2 arquivos) ---
2025-08-16 14:39:13,897 - INFO - MANTER: emp4435_H_202309_full_N0_20240121_032124.zip
2025-08-16 14:39:13,913 - INFO - EXCLUIR: emp4435_H_202309_full_N0_20231220_022952.zip
2025-08-16 14:39:13,920 - INFO - 
--- Grupo: emp4435_H_202310 (2 arquivos) ---
2025-08-16 14:39:13,925 - INFO - MANTER: emp4435_H_202310_full_N0_20240121_032119.zip
2025-08-16 14:39:13,930 - INFO - EXCLUIR: emp4435_H_202310_full_N0_20231220_022946.zip
2025-08-16 14:39:13,936 - INFO - 
--- Grupo: emp4435_H_202311 (2 arquivos) ---
2025-08-16 14:39:13,943 - INFO - MANTER: emp4435_H_202311_full_N0_20240121_032121.zip
2025-08-16 14:39:13,949 - INFO - EXCLUIR: emp4435_H_202311_full_N0_20231220_022948.zip
2025-08-16 14:39:13,960 - INFO - 
--- Grupo: emp4435_H_202312 (1 arquivo, nada a fazer) ---
2025-08-16 14:39:13,966 - INFO - MANTER: emp4435_H_202312_full_N0_20240210_022101.zip
2025-08-16 14:39:13,972 - INFO - 
--- Grupo: emp4435_H_202401 (1 arquivo, nada a fazer) ---
2025-08-16 14:39:13,978 - INFO - MANTER: emp4435_H_202401_full_N0_20240210_022101.zip
2025-08-16 14:39:13,984 - INFO - 
--- Grupo: emp4435_H_202402 (20 arquivos) ---
2025-08-16 14:39:13,992 - INFO - MANTER: emp4435_H_202402_full_N0_20240301_022922.zip
2025-08-16 14:39:13,998 - INFO - EXCLUIR: emp4435_H_202402_full_N0_20240210_022102.zip
2025-08-16 14:39:14,014 - INFO - EXCLUIR: emp4435_H_202402_full_N0_20240211_041223.zip
2025-08-16 14:39:14,019 - INFO - EXCLUIR: emp4435_H_202402_full_N0_20240212_043523.zip
2025-08-16 14:39:14,049 - INFO - EXCLUIR: emp4435_H_202402_full_N0_20240213_041418.zip
2025-08-16 14:39:14,055 - INFO - EXCLUIR: emp4435_H_202402_full_N0_20240215_023051.zip
2025-08-16 14:39:14,061 - INFO - EXCLUIR: emp4435_H_202402_full_N0_20240216_022550.zip
2025-08-16 14:39:14,068 - INFO - EXCLUIR: emp4435_H_202402_full_N0_20240217_023048.zip
2025-08-16 14:39:14,077 - INFO - EXCLUIR: emp4435_H_202402_full_N0_20240218_023045.zip
2025-08-16 14:39:14,082 - INFO - EXCLUIR: emp4435_H_202402_full_N0_20240219_022613.zip
2025-08-16 14:39:14,088 - INFO - EXCLUIR: emp4435_H_202402_full_N0_20240220_023108.zip
2025-08-16 14:39:14,124 - INFO - EXCLUIR: emp4435_H_202402_full_N0_20240221_022929.zip
2025-08-16 14:39:14,132 - INFO - EXCLUIR: emp4435_H_202402_full_N0_20240222_022501.zip
2025-08-16 14:39:14,141 - INFO - EXCLUIR: emp4435_H_202402_full_N0_20240223_022836.zip
2025-08-16 14:39:14,151 - INFO - EXCLUIR: emp4435_H_202402_full_N0_20240224_022851.zip
2025-08-16 14:39:14,175 - INFO - EXCLUIR: emp4435_H_202402_full_N0_20240225_022342.zip
2025-08-16 14:39:14,185 - INFO - EXCLUIR: emp4435_H_202402_full_N0_20240226_022903.zip
2025-08-16 14:39:14,192 - INFO - EXCLUIR: emp4435_H_202402_full_N0_20240227_022913.zip
2025-08-16 14:39:14,222 - INFO - EXCLUIR: emp4435_H_202402_full_N0_20240228_022432.zip
2025-08-16 14:39:14,229 - INFO - EXCLUIR: emp4435_H_202402_full_N0_20240229_022913.zip
2025-08-16 14:39:14,233 - INFO - 
--- Grupo: emp4435_H_202403 (29 arquivos) ---
2025-08-16 14:39:14,237 - INFO - MANTER: emp4435_H_202403_full_N0_20240915_115905.zip
2025-08-16 14:39:14,241 - INFO - EXCLUIR: emp4435_H_202403_full_N0_20240305_022500.zip
2025-08-16 14:39:14,252 - INFO - EXCLUIR: emp4435_H_202403_full_N0_20240306_023004.zip
2025-08-16 14:39:14,258 - INFO - EXCLUIR: emp4435_H_202403_full_N0_20240307_022927.zip
2025-08-16 14:39:14,264 - INFO - EXCLUIR: emp4435_H_202403_full_N0_20240308_022455.zip
2025-08-16 14:39:14,269 - INFO - EXCLUIR: emp4435_H_202403_full_N0_20240309_022950.zip
2025-08-16 14:39:14,274 - INFO - EXCLUIR: emp4435_H_202403_full_N0_20240310_022959.zip
2025-08-16 14:39:14,280 - INFO - EXCLUIR: emp4435_H_202403_full_N0_20240311_022449.zip
2025-08-16 14:39:14,285 - INFO - EXCLUIR: emp4435_H_202403_full_N0_20240312_023024.zip
2025-08-16 14:39:14,290 - INFO - EXCLUIR: emp4435_H_202403_full_N0_20240313_023004.zip
2025-08-16 14:39:14,298 - INFO - EXCLUIR: emp4435_H_202403_full_N0_20240314_022630.zip
2025-08-16 14:39:14,303 - INFO - EXCLUIR: emp4435_H_202403_full_N0_20240315_023229.zip
2025-08-16 14:39:14,309 - INFO - EXCLUIR: emp4435_H_202403_full_N0_20240316_023350.zip
2025-08-16 14:39:14,314 - INFO - EXCLUIR: emp4435_H_202403_full_N0_20240317_022957.zip
2025-08-16 14:39:14,320 - INFO - EXCLUIR: emp4435_H_202403_full_N0_20240318_023111.zip
2025-08-16 14:39:14,325 - INFO - EXCLUIR: emp4435_H_202403_full_N0_20240319_023054.zip
2025-08-16 14:39:14,330 - INFO - EXCLUIR: emp4435_H_202403_full_N0_20240320_022701.zip
2025-08-16 14:39:14,335 - INFO - EXCLUIR: emp4435_H_202403_full_N0_20240321_023307.zip
2025-08-16 14:39:14,340 - INFO - EXCLUIR: emp4435_H_202403_full_N0_20240322_023248.zip
2025-08-16 14:39:14,346 - INFO - EXCLUIR: emp4435_H_202403_full_N0_20240323_023238.zip
2025-08-16 14:39:14,352 - INFO - EXCLUIR: emp4435_H_202403_full_N0_20240324_023228.zip
2025-08-16 14:39:14,357 - INFO - EXCLUIR: emp4435_H_202403_full_N0_20240325_023251.zip
2025-08-16 14:39:14,362 - INFO - EXCLUIR: emp4435_H_202403_full_N0_20240326_023034.zip
2025-08-16 14:39:14,368 - INFO - EXCLUIR: emp4435_H_202403_full_N0_20240327_023345.zip
2025-08-16 14:39:14,373 - INFO - EXCLUIR: emp4435_H_202403_full_N0_20240328_023338.zip
2025-08-16 14:39:14,378 - INFO - EXCLUIR: emp4435_H_202403_full_N0_20240329_023414.zip
2025-08-16 14:39:14,383 - INFO - EXCLUIR: emp4435_H_202403_full_N0_20240330_023414.zip
2025-08-16 14:39:14,389 - INFO - EXCLUIR: emp4435_H_202403_full_N0_20240331_023356.zip
2025-08-16 14:39:14,394 - INFO - EXCLUIR: emp4435_H_202403_full_N0_20240401_023400.zip
2025-08-16 14:39:14,403 - INFO - 
--- Grupo: emp4435_H_202404 (31 arquivos) ---
2025-08-16 14:39:14,411 - INFO - MANTER: emp4435_H_202404_full_N0_20240915_115905.zip
2025-08-16 14:39:14,416 - INFO - EXCLUIR: emp4435_H_202404_full_N0_20240402_022912.zip
2025-08-16 14:39:14,421 - INFO - EXCLUIR: emp4435_H_202404_full_N0_20240403_022947.zip
2025-08-16 14:39:14,425 - INFO - EXCLUIR: emp4435_H_202404_full_N0_20240404_022419.zip
2025-08-16 14:39:14,430 - INFO - EXCLUIR: emp4435_H_202404_full_N0_20240405_022956.zip
2025-08-16 14:39:14,434 - INFO - EXCLUIR: emp4435_H_202404_full_N0_20240406_022956.zip
2025-08-16 14:39:14,439 - INFO - EXCLUIR: emp4435_H_202404_full_N0_20240407_022934.zip
2025-08-16 14:39:14,447 - INFO - EXCLUIR: emp4435_H_202404_full_N0_20240408_023017.zip
2025-08-16 14:39:14,453 - INFO - EXCLUIR: emp4435_H_202404_full_N0_20240409_023036.zip
2025-08-16 14:39:14,458 - INFO - EXCLUIR: emp4435_H_202404_full_N0_20240410_022603.zip
2025-08-16 14:39:14,463 - INFO - EXCLUIR: emp4435_H_202404_full_N0_20240411_023100.zip
2025-08-16 14:39:14,469 - INFO - EXCLUIR: emp4435_H_202404_full_N0_20240412_023036.zip
2025-08-16 14:39:14,478 - INFO - EXCLUIR: emp4435_H_202404_full_N0_20240413_022754.zip
2025-08-16 14:39:14,495 - INFO - EXCLUIR: emp4435_H_202404_full_N0_20240414_023042.zip
2025-08-16 14:39:14,504 - INFO - EXCLUIR: emp4435_H_202404_full_N0_20240415_023105.zip
2025-08-16 14:39:14,509 - INFO - EXCLUIR: emp4435_H_202404_full_N0_20240416_023118.zip
2025-08-16 14:39:14,513 - INFO - EXCLUIR: emp4435_H_202404_full_N0_20240417_023117.zip
2025-08-16 14:39:14,519 - INFO - EXCLUIR: emp4435_H_202404_full_N0_20240418_023201.zip
2025-08-16 14:39:14,525 - INFO - EXCLUIR: emp4435_H_202404_full_N0_20240419_023215.zip
2025-08-16 14:39:14,530 - INFO - EXCLUIR: emp4435_H_202404_full_N0_20240420_023232.zip
2025-08-16 14:39:14,536 - INFO - EXCLUIR: emp4435_H_202404_full_N0_20240421_023236.zip
2025-08-16 14:39:14,541 - INFO - EXCLUIR: emp4435_H_202404_full_N0_20240422_023037.zip
2025-08-16 14:39:14,547 - INFO - EXCLUIR: emp4435_H_202404_full_N0_20240423_023324.zip
2025-08-16 14:39:14,552 - INFO - EXCLUIR: emp4435_H_202404_full_N0_20240424_023341.zip
2025-08-16 14:39:14,558 - INFO - EXCLUIR: emp4435_H_202404_full_N0_20240425_023114.zip
2025-08-16 14:39:14,562 - INFO - EXCLUIR: emp4435_H_202404_full_N0_20240426_023420.zip
2025-08-16 14:39:14,567 - INFO - EXCLUIR: emp4435_H_202404_full_N0_20240427_023423.zip
2025-08-16 14:39:14,572 - INFO - EXCLUIR: emp4435_H_202404_full_N0_20240428_023029.zip
2025-08-16 14:39:14,578 - INFO - EXCLUIR: emp4435_H_202404_full_N0_20240429_022915.zip
2025-08-16 14:39:14,584 - INFO - EXCLUIR: emp4435_H_202404_full_N0_20240430_023419.zip
2025-08-16 14:39:14,589 - INFO - EXCLUIR: emp4435_H_202404_full_N0_20240501_023434.zip
2025-08-16 14:39:14,596 - INFO - 
--- Grupo: emp4435_H_202405 (26 arquivos) ---
2025-08-16 14:39:14,605 - INFO - MANTER: emp4435_H_202405_full_N0_20240915_115906.zip
2025-08-16 14:39:14,611 - INFO - EXCLUIR: emp4435_H_202405_full_N0_20240502_022423.zip
2025-08-16 14:39:14,616 - INFO - EXCLUIR: emp4435_H_202405_full_N0_20240503_023008.zip
2025-08-16 14:39:14,622 - INFO - EXCLUIR: emp4435_H_202405_full_N0_20240504_022937.zip
2025-08-16 14:39:14,627 - INFO - EXCLUIR: emp4435_H_202405_full_N0_20240505_022422.zip
2025-08-16 14:39:14,632 - INFO - EXCLUIR: emp4435_H_202405_full_N0_20240506_022506.zip
2025-08-16 14:39:14,637 - INFO - EXCLUIR: emp4435_H_202405_full_N0_20240507_022948.zip
2025-08-16 14:39:14,644 - INFO - EXCLUIR: emp4435_H_202405_full_N0_20240508_022426.zip
2025-08-16 14:39:14,650 - INFO - EXCLUIR: emp4435_H_202405_full_N0_20240509_023017.zip
2025-08-16 14:39:14,656 - INFO - EXCLUIR: emp4435_H_202405_full_N0_20240510_022942.zip
2025-08-16 14:39:14,661 - INFO - EXCLUIR: emp4435_H_202405_full_N0_20240511_022429.zip
2025-08-16 14:39:14,666 - INFO - EXCLUIR: emp4435_H_202405_full_N0_20240512_023030.zip
2025-08-16 14:39:14,676 - INFO - EXCLUIR: emp4435_H_202405_full_N0_20240519_023127.zip
2025-08-16 14:39:14,681 - INFO - EXCLUIR: emp4435_H_202405_full_N0_20240520_023146.zip
2025-08-16 14:39:14,686 - INFO - EXCLUIR: emp4435_H_202405_full_N0_20240521_023225.zip
2025-08-16 14:39:14,692 - INFO - EXCLUIR: emp4435_H_202405_full_N0_20240522_023240.zip
2025-08-16 14:39:14,697 - INFO - EXCLUIR: emp4435_H_202405_full_N0_20240523_023300.zip
2025-08-16 14:39:14,702 - INFO - EXCLUIR: emp4435_H_202405_full_N0_20240524_023315.zip
2025-08-16 14:39:14,710 - INFO - EXCLUIR: emp4435_H_202405_full_N0_20240525_023315.zip
2025-08-16 14:39:14,715 - INFO - EXCLUIR: emp4435_H_202405_full_N0_20240526_023259.zip
2025-08-16 14:39:14,720 - INFO - EXCLUIR: emp4435_H_202405_full_N0_20240527_023329.zip
2025-08-16 14:39:14,726 - INFO - EXCLUIR: emp4435_H_202405_full_N0_20240528_023347.zip
2025-08-16 14:39:14,732 - INFO - EXCLUIR: emp4435_H_202405_full_N0_20240529_023220.zip
2025-08-16 14:39:14,737 - INFO - EXCLUIR: emp4435_H_202405_full_N0_20240530_023331.zip
2025-08-16 14:39:14,742 - INFO - EXCLUIR: emp4435_H_202405_full_N0_20240531_023400.zip
2025-08-16 14:39:14,747 - INFO - EXCLUIR: emp4435_H_202405_full_N0_20240601_023402.zip
2025-08-16 14:39:14,752 - INFO - 
--- Grupo: emp4435_H_202406 (31 arquivos) ---
2025-08-16 14:39:14,757 - INFO - MANTER: emp4435_H_202406_full_N0_20240915_115906.zip
2025-08-16 14:39:14,762 - INFO - EXCLUIR: emp4435_H_202406_full_N0_20240602_022941.zip
2025-08-16 14:39:14,767 - INFO - EXCLUIR: emp4435_H_202406_full_N0_20240603_023036.zip
2025-08-16 14:39:14,772 - INFO - EXCLUIR: emp4435_H_202406_full_N0_20240604_022531.zip
2025-08-16 14:39:14,777 - INFO - EXCLUIR: emp4435_H_202406_full_N0_20240605_023036.zip
2025-08-16 14:39:14,782 - INFO - EXCLUIR: emp4435_H_202406_full_N0_20240606_023047.zip
2025-08-16 14:39:14,788 - INFO - EXCLUIR: emp4435_H_202406_full_N0_20240607_022909.zip
2025-08-16 14:39:14,792 - INFO - EXCLUIR: emp4435_H_202406_full_N0_20240608_023052.zip
2025-08-16 14:39:14,797 - INFO - EXCLUIR: emp4435_H_202406_full_N0_20240609_023114.zip
2025-08-16 14:39:14,803 - INFO - EXCLUIR: emp4435_H_202406_full_N0_20240610_023122.zip
2025-08-16 14:39:14,810 - INFO - EXCLUIR: emp4435_H_202406_full_N0_20240611_022909.zip
2025-08-16 14:39:14,815 - INFO - EXCLUIR: emp4435_H_202406_full_N0_20240612_023149.zip
2025-08-16 14:39:14,822 - INFO - EXCLUIR: emp4435_H_202406_full_N0_20240613_023200.zip
2025-08-16 14:39:14,831 - INFO - EXCLUIR: emp4435_H_202406_full_N0_20240614_023143.zip
2025-08-16 14:39:14,837 - INFO - EXCLUIR: emp4435_H_202406_full_N0_20240615_023211.zip
2025-08-16 14:39:14,842 - INFO - EXCLUIR: emp4435_H_202406_full_N0_20240616_022709.zip
2025-08-16 14:39:14,847 - INFO - EXCLUIR: emp4435_H_202406_full_N0_20240617_023252.zip
2025-08-16 14:39:14,852 - INFO - EXCLUIR: emp4435_H_202406_full_N0_20240618_023308.zip
2025-08-16 14:39:14,857 - INFO - EXCLUIR: emp4435_H_202406_full_N0_20240619_022740.zip
2025-08-16 14:39:14,867 - INFO - EXCLUIR: emp4435_H_202406_full_N0_20240620_023257.zip
2025-08-16 14:39:14,872 - INFO - EXCLUIR: emp4435_H_202406_full_N0_20240621_023207.zip
2025-08-16 14:39:14,878 - INFO - EXCLUIR: emp4435_H_202406_full_N0_20240622_022849.zip
2025-08-16 14:39:14,882 - INFO - EXCLUIR: emp4435_H_202406_full_N0_20240623_023408.zip
2025-08-16 14:39:14,887 - INFO - EXCLUIR: emp4435_H_202406_full_N0_20240624_023413.zip
2025-08-16 14:39:14,892 - INFO - EXCLUIR: emp4435_H_202406_full_N0_20240625_022935.zip
2025-08-16 14:39:14,897 - INFO - EXCLUIR: emp4435_H_202406_full_N0_20240626_023514.zip
2025-08-16 14:39:14,902 - INFO - EXCLUIR: emp4435_H_202406_full_N0_20240627_023500.zip
2025-08-16 14:39:14,908 - INFO - EXCLUIR: emp4435_H_202406_full_N0_20240628_023555.zip
2025-08-16 14:39:14,916 - INFO - EXCLUIR: emp4435_H_202406_full_N0_20240629_023522.zip
2025-08-16 14:39:14,924 - INFO - EXCLUIR: emp4435_H_202406_full_N0_20240630_023548.zip
2025-08-16 14:39:14,935 - INFO - EXCLUIR: emp4435_H_202406_full_N0_20240701_023553.zip
2025-08-16 14:39:14,941 - INFO - 
--- Grupo: emp4435_H_202407 (32 arquivos) ---
2025-08-16 14:39:14,947 - INFO - MANTER: emp4435_H_202407_full_N0_20240915_115906.zip
2025-08-16 14:39:14,953 - INFO - EXCLUIR: emp4435_H_202407_full_N0_20240702_023039.zip
2025-08-16 14:39:14,958 - INFO - EXCLUIR: emp4435_H_202407_full_N0_20240703_022906.zip
2025-08-16 14:39:14,963 - INFO - EXCLUIR: emp4435_H_202407_full_N0_20240704_023100.zip
2025-08-16 14:39:14,969 - INFO - EXCLUIR: emp4435_H_202407_full_N0_20240705_023132.zip
2025-08-16 14:39:14,974 - INFO - EXCLUIR: emp4435_H_202407_full_N0_20240706_023121.zip
2025-08-16 14:39:14,980 - INFO - EXCLUIR: emp4435_H_202407_full_N0_20240707_022547.zip
2025-08-16 14:39:14,985 - INFO - EXCLUIR: emp4435_H_202407_full_N0_20240708_023145.zip
2025-08-16 14:39:14,990 - INFO - EXCLUIR: emp4435_H_202407_full_N0_20240709_023153.zip
2025-08-16 14:39:14,995 - INFO - EXCLUIR: emp4435_H_202407_full_N0_20240710_022944.zip
2025-08-16 14:39:15,002 - INFO - EXCLUIR: emp4435_H_202407_full_N0_20240711_023154.zip
2025-08-16 14:39:15,008 - INFO - EXCLUIR: emp4435_H_202407_full_N0_20240712_023300.zip
2025-08-16 14:39:15,015 - INFO - EXCLUIR: emp4435_H_202407_full_N0_20240713_022853.zip
2025-08-16 14:39:15,022 - INFO - EXCLUIR: emp4435_H_202407_full_N0_20240714_023223.zip
2025-08-16 14:39:15,026 - INFO - EXCLUIR: emp4435_H_202407_full_N0_20240715_023353.zip
2025-08-16 14:39:15,032 - INFO - EXCLUIR: emp4435_H_202407_full_N0_20240716_023014.zip
2025-08-16 14:39:15,037 - INFO - EXCLUIR: emp4435_H_202407_full_N0_20240717_023455.zip
2025-08-16 14:39:15,043 - INFO - EXCLUIR: emp4435_H_202407_full_N0_20240718_023321.zip
2025-08-16 14:39:15,048 - INFO - EXCLUIR: emp4435_H_202407_full_N0_20240719_023040.zip
2025-08-16 14:39:15,057 - INFO - EXCLUIR: emp4435_H_202407_full_N0_20240720_023445.zip
2025-08-16 14:39:15,065 - INFO - EXCLUIR: emp4435_H_202407_full_N0_20240721_023433.zip
2025-08-16 14:39:15,072 - INFO - EXCLUIR: emp4435_H_202407_full_N0_20240722_022950.zip
2025-08-16 14:39:15,077 - INFO - EXCLUIR: emp4435_H_202407_full_N0_20240723_023500.zip
2025-08-16 14:39:15,082 - INFO - EXCLUIR: emp4435_H_202407_full_N0_20240724_023502.zip
2025-08-16 14:39:15,089 - INFO - EXCLUIR: emp4435_H_202407_full_N0_20240725_023200.zip
2025-08-16 14:39:15,096 - INFO - EXCLUIR: emp4435_H_202407_full_N0_20240726_023532.zip
2025-08-16 14:39:15,104 - INFO - EXCLUIR: emp4435_H_202407_full_N0_20240727_023527.zip
2025-08-16 14:39:15,109 - INFO - EXCLUIR: emp4435_H_202407_full_N0_20240728_022942.zip
2025-08-16 14:39:15,117 - INFO - EXCLUIR: emp4435_H_202407_full_N0_20240729_023634.zip
2025-08-16 14:39:15,122 - INFO - EXCLUIR: emp4435_H_202407_full_N0_20240730_023632.zip
2025-08-16 14:39:15,127 - INFO - EXCLUIR: emp4435_H_202407_full_N0_20240731_023216.zip
2025-08-16 14:39:15,137 - INFO - EXCLUIR: emp4435_H_202407_full_N0_20240801_023715.zip
2025-08-16 14:39:15,143 - INFO - 
--- Grupo: emp4435_H_202408 (32 arquivos) ---
2025-08-16 14:39:15,148 - INFO - MANTER: emp4435_H_202408_full_N0_20240915_115905.zip
2025-08-16 14:39:15,153 - INFO - EXCLUIR: emp4435_H_202408_full_N0_20240802_023057.zip
2025-08-16 14:39:15,158 - INFO - EXCLUIR: emp4435_H_202408_full_N0_20240803_023125.zip
2025-08-16 14:39:15,163 - INFO - EXCLUIR: emp4435_H_202408_full_N0_20240804_023137.zip
2025-08-16 14:39:15,169 - INFO - EXCLUIR: emp4435_H_202408_full_N0_20240805_023156.zip
2025-08-16 14:39:15,174 - INFO - EXCLUIR: emp4435_H_202408_full_N0_20240806_023139.zip
2025-08-16 14:39:15,180 - INFO - EXCLUIR: emp4435_H_202408_full_N0_20240807_023016.zip
2025-08-16 14:39:15,185 - INFO - EXCLUIR: emp4435_H_202408_full_N0_20240808_022729.zip
2025-08-16 14:39:15,190 - INFO - EXCLUIR: emp4435_H_202408_full_N0_20240809_023225.zip
2025-08-16 14:39:15,197 - INFO - EXCLUIR: emp4435_H_202408_full_N0_20240810_023212.zip
2025-08-16 14:39:15,203 - INFO - EXCLUIR: emp4435_H_202408_full_N0_20240811_023211.zip
2025-08-16 14:39:15,209 - INFO - EXCLUIR: emp4435_H_202408_full_N0_20240812_023206.zip
2025-08-16 14:39:15,214 - INFO - EXCLUIR: emp4435_H_202408_full_N0_20240813_023315.zip
2025-08-16 14:39:15,222 - INFO - EXCLUIR: emp4435_H_202408_full_N0_20240814_023310.zip
2025-08-16 14:39:15,236 - INFO - EXCLUIR: emp4435_H_202408_full_N0_20240815_023345.zip
2025-08-16 14:39:15,240 - INFO - EXCLUIR: emp4435_H_202408_full_N0_20240816_023317.zip
2025-08-16 14:39:15,245 - INFO - EXCLUIR: emp4435_H_202408_full_N0_20240817_023315.zip
2025-08-16 14:39:15,250 - INFO - EXCLUIR: emp4435_H_202408_full_N0_20240818_023306.zip
2025-08-16 14:39:15,255 - INFO - EXCLUIR: emp4435_H_202408_full_N0_20240819_023328.zip
2025-08-16 14:39:15,259 - INFO - EXCLUIR: emp4435_H_202408_full_N0_20240820_023027.zip
2025-08-16 14:39:15,263 - INFO - EXCLUIR: emp4435_H_202408_full_N0_20240821_023456.zip
2025-08-16 14:39:15,267 - INFO - EXCLUIR: emp4435_H_202408_full_N0_20240822_023448.zip
2025-08-16 14:39:15,272 - INFO - EXCLUIR: emp4435_H_202408_full_N0_20240823_023521.zip
2025-08-16 14:39:15,277 - INFO - EXCLUIR: emp4435_H_202408_full_N0_20240824_023546.zip
2025-08-16 14:39:15,283 - INFO - EXCLUIR: emp4435_H_202408_full_N0_20240825_023544.zip
2025-08-16 14:39:15,291 - INFO - EXCLUIR: emp4435_H_202408_full_N0_20240826_022939.zip
2025-08-16 14:39:15,297 - INFO - EXCLUIR: emp4435_H_202408_full_N0_20240827_023614.zip
2025-08-16 14:39:15,302 - INFO - EXCLUIR: emp4435_H_202408_full_N0_20240828_023613.zip
2025-08-16 14:39:15,307 - INFO - EXCLUIR: emp4435_H_202408_full_N0_20240829_023639.zip
2025-08-16 14:39:15,312 - INFO - EXCLUIR: emp4435_H_202408_full_N0_20240830_023653.zip
2025-08-16 14:39:15,318 - INFO - EXCLUIR: emp4435_H_202408_full_N0_20240831_023641.zip
2025-08-16 14:39:15,326 - INFO - EXCLUIR: emp4435_H_202408_full_N0_20240901_023253.zip
2025-08-16 14:39:15,331 - INFO - 
--- Grupo: emp4435_H_202409 (18 arquivos) ---
2025-08-16 14:39:15,339 - INFO - MANTER: emp4435_H_202409_full_N0_20241001_020503.zip
2025-08-16 14:39:15,344 - INFO - EXCLUIR: emp4435_H_202409_full_N0_20240902_023129.zip
2025-08-16 14:39:15,351 - INFO - EXCLUIR: emp4435_H_202409_full_N0_20240903_023137.zip
2025-08-16 14:39:15,369 - INFO - EXCLUIR: emp4435_H_202409_full_N0_20240904_022520.zip
2025-08-16 14:39:15,382 - INFO - EXCLUIR: emp4435_H_202409_full_N0_20240905_023219.zip
2025-08-16 14:39:15,404 - INFO - EXCLUIR: emp4435_H_202409_full_N0_20240906_023243.zip
2025-08-16 14:39:15,410 - INFO - EXCLUIR: emp4435_H_202409_full_N0_20240907_022708.zip
2025-08-16 14:39:15,416 - INFO - EXCLUIR: emp4435_H_202409_full_N0_20240908_023242.zip
2025-08-16 14:39:15,430 - INFO - EXCLUIR: emp4435_H_202409_full_N0_20240909_023222.zip
2025-08-16 14:39:15,444 - INFO - EXCLUIR: emp4435_H_202409_full_N0_20240910_022528.zip
2025-08-16 14:39:15,452 - INFO - EXCLUIR: emp4435_H_202409_full_N0_20240911_023240.zip
2025-08-16 14:39:15,457 - INFO - EXCLUIR: emp4435_H_202409_full_N0_20240912_023346.zip
2025-08-16 14:39:15,462 - INFO - EXCLUIR: emp4435_H_202409_full_N0_20240913_022742.zip
2025-08-16 14:39:15,469 - INFO - EXCLUIR: emp4435_H_202409_full_N0_20240914_023428.zip
2025-08-16 14:39:15,475 - INFO - EXCLUIR: emp4435_H_202409_full_N0_20240915_023412.zip
2025-08-16 14:39:15,482 - INFO - EXCLUIR: emp4435_H_202409_full_N0_20240928_020430.zip
2025-08-16 14:39:15,492 - INFO - EXCLUIR: emp4435_H_202409_full_N0_20240929_020220.zip
2025-08-16 14:39:15,504 - INFO - EXCLUIR: emp4435_H_202409_full_N0_20240930_020225.zip
2025-08-16 14:39:15,523 - INFO - 
--- Grupo: emp4435_H_202410 (28 arquivos) ---
2025-08-16 14:39:15,532 - INFO - MANTER: emp4435_H_202410_full_N0_20241101_014640.zip
2025-08-16 14:39:15,537 - INFO - EXCLUIR: emp4435_H_202410_full_N0_20241002_020009.zip
2025-08-16 14:39:15,545 - INFO - EXCLUIR: emp4435_H_202410_full_N0_20241003_020111.zip
2025-08-16 14:39:15,550 - INFO - EXCLUIR: emp4435_H_202410_full_N0_20241004_020137.zip
2025-08-16 14:39:15,557 - INFO - EXCLUIR: emp4435_H_202410_full_N0_20241005_015937.zip
2025-08-16 14:39:15,562 - INFO - EXCLUIR: emp4435_H_202410_full_N0_20241006_015911.zip
2025-08-16 14:39:15,567 - INFO - EXCLUIR: emp4435_H_202410_full_N0_20241007_015903.zip
2025-08-16 14:39:15,573 - INFO - EXCLUIR: emp4435_H_202410_full_N0_20241008_020029.zip
2025-08-16 14:39:15,577 - INFO - EXCLUIR: emp4435_H_202410_full_N0_20241009_020229.zip
2025-08-16 14:39:15,582 - INFO - EXCLUIR: emp4435_H_202410_full_N0_20241010_015945.zip
2025-08-16 14:39:15,587 - INFO - EXCLUIR: emp4435_H_202410_full_N0_20241011_015736.zip
2025-08-16 14:39:15,599 - INFO - EXCLUIR: emp4435_H_202410_full_N0_20241012_015815.zip
2025-08-16 14:39:15,605 - INFO - EXCLUIR: emp4435_H_202410_full_N0_20241013_015815.zip
2025-08-16 14:39:15,610 - INFO - EXCLUIR: emp4435_H_202410_full_N0_20241014_015813.zip
2025-08-16 14:39:15,618 - INFO - EXCLUIR: emp4435_H_202410_full_N0_20241015_015732.zip
2025-08-16 14:39:15,623 - INFO - EXCLUIR: emp4435_H_202410_full_N0_20241016_020548.zip
2025-08-16 14:39:15,632 - INFO - EXCLUIR: emp4435_H_202410_full_N0_20241017_015800.zip
2025-08-16 14:39:15,637 - INFO - EXCLUIR: emp4435_H_202410_full_N0_20241018_015918.zip
2025-08-16 14:39:15,642 - INFO - EXCLUIR: emp4435_H_202410_full_N0_20241019_015923.zip
2025-08-16 14:39:15,648 - INFO - EXCLUIR: emp4435_H_202410_full_N0_20241020_015823.zip
2025-08-16 14:39:15,652 - INFO - EXCLUIR: emp4435_H_202410_full_N0_20241021_015834.zip
2025-08-16 14:39:15,659 - INFO - EXCLUIR: emp4435_H_202410_full_N0_20241022_020127.zip
2025-08-16 14:39:15,665 - INFO - EXCLUIR: emp4435_H_202410_full_N0_20241023_020257.zip
2025-08-16 14:39:15,670 - INFO - EXCLUIR: emp4435_H_202410_full_N0_20241024_020719.zip
2025-08-16 14:39:15,676 - INFO - EXCLUIR: emp4435_H_202410_full_N0_20241025_020027.zip
2025-08-16 14:39:15,681 - INFO - EXCLUIR: emp4435_H_202410_full_N0_20241026_020033.zip
2025-08-16 14:39:15,686 - INFO - EXCLUIR: emp4435_H_202410_full_N0_20241027_015929.zip
2025-08-16 14:39:15,692 - INFO - EXCLUIR: emp4435_H_202410_full_N0_20241028_015947.zip
2025-08-16 14:39:15,697 - INFO - 
--- Grupo: emp4435_H_202411 (20 arquivos) ---
2025-08-16 14:39:15,702 - INFO - MANTER: emp4435_H_202411_full_N0_20241201_014505.zip
2025-08-16 14:39:15,707 - INFO - EXCLUIR: emp4435_H_202411_full_N0_20241111_014336.zip
2025-08-16 14:39:15,712 - INFO - EXCLUIR: emp4435_H_202411_full_N0_20241113_014343.zip
2025-08-16 14:39:15,718 - INFO - EXCLUIR: emp4435_H_202411_full_N0_20241114_014324.zip
2025-08-16 14:39:15,723 - INFO - EXCLUIR: emp4435_H_202411_full_N0_20241115_014331.zip
2025-08-16 14:39:15,733 - INFO - EXCLUIR: emp4435_H_202411_full_N0_20241116_014445.zip
2025-08-16 14:39:15,738 - INFO - EXCLUIR: emp4435_H_202411_full_N0_20241117_014436.zip
2025-08-16 14:39:15,743 - INFO - EXCLUIR: emp4435_H_202411_full_N0_20241118_031126.zip
2025-08-16 14:39:15,751 - INFO - EXCLUIR: emp4435_H_202411_full_N0_20241119_014341.zip
2025-08-16 14:39:15,757 - INFO - EXCLUIR: emp4435_H_202411_full_N0_20241120_014358.zip
2025-08-16 14:39:15,763 - INFO - EXCLUIR: emp4435_H_202411_full_N0_20241121_014449.zip
2025-08-16 14:39:15,768 - INFO - EXCLUIR: emp4435_H_202411_full_N0_20241122_014416.zip
2025-08-16 14:39:15,774 - INFO - EXCLUIR: emp4435_H_202411_full_N0_20241123_014410.zip
2025-08-16 14:39:15,779 - INFO - EXCLUIR: emp4435_H_202411_full_N0_20241124_014404.zip
2025-08-16 14:39:15,784 - INFO - EXCLUIR: emp4435_H_202411_full_N0_20241125_014405.zip
2025-08-16 14:39:15,789 - INFO - EXCLUIR: emp4435_H_202411_full_N0_20241126_014420.zip
2025-08-16 14:39:15,794 - INFO - EXCLUIR: emp4435_H_202411_full_N0_20241127_014449.zip
2025-08-16 14:39:15,801 - INFO - EXCLUIR: emp4435_H_202411_full_N0_20241128_014454.zip
2025-08-16 14:39:15,805 - INFO - EXCLUIR: emp4435_H_202411_full_N0_20241129_014502.zip
2025-08-16 14:39:15,811 - INFO - EXCLUIR: emp4435_H_202411_full_N0_20241130_014517.zip
2025-08-16 14:39:15,816 - INFO - 
--- Grupo: emp4435_H_202412 (30 arquivos) ---
2025-08-16 14:39:15,823 - INFO - MANTER: emp4435_H_202412_full_N0_20250101_014611.zip
2025-08-16 14:39:15,829 - INFO - EXCLUIR: emp4435_H_202412_full_N0_20241202_014249.zip
2025-08-16 14:39:15,851 - INFO - EXCLUIR: emp4435_H_202412_full_N0_20241203_014305.zip
2025-08-16 14:39:15,856 - INFO - EXCLUIR: emp4435_H_202412_full_N0_20241204_014335.zip
2025-08-16 14:39:15,861 - INFO - EXCLUIR: emp4435_H_202412_full_N0_20241205_014355.zip
2025-08-16 14:39:15,869 - INFO - EXCLUIR: emp4435_H_202412_full_N0_20241206_014359.zip
2025-08-16 14:39:15,874 - INFO - EXCLUIR: emp4435_H_202412_full_N0_20241207_014415.zip
2025-08-16 14:39:15,897 - INFO - EXCLUIR: emp4435_H_202412_full_N0_20241208_014333.zip
2025-08-16 14:39:15,910 - INFO - EXCLUIR: emp4435_H_202412_full_N0_20241209_014338.zip
2025-08-16 14:39:15,917 - INFO - EXCLUIR: emp4435_H_202412_full_N0_20241210_014352.zip
2025-08-16 14:39:15,923 - INFO - EXCLUIR: emp4435_H_202412_full_N0_20241211_014437.zip
2025-08-16 14:39:15,930 - INFO - EXCLUIR: emp4435_H_202412_full_N0_20241212_014416.zip
2025-08-16 14:39:15,948 - INFO - EXCLUIR: emp4435_H_202412_full_N0_20241213_014447.zip
2025-08-16 14:39:15,956 - INFO - EXCLUIR: emp4435_H_202412_full_N0_20241214_014431.zip
2025-08-16 14:39:15,961 - INFO - EXCLUIR: emp4435_H_202412_full_N0_20241215_014448.zip
2025-08-16 14:39:15,966 - INFO - EXCLUIR: emp4435_H_202412_full_N0_20241217_014510.zip
2025-08-16 14:39:15,970 - INFO - EXCLUIR: emp4435_H_202412_full_N0_20241218_014511.zip
2025-08-16 14:39:15,975 - INFO - EXCLUIR: emp4435_H_202412_full_N0_20241219_014525.zip
2025-08-16 14:39:15,980 - INFO - EXCLUIR: emp4435_H_202412_full_N0_20241220_014546.zip
2025-08-16 14:39:15,985 - INFO - EXCLUIR: emp4435_H_202412_full_N0_20241221_014554.zip
2025-08-16 14:39:15,992 - INFO - EXCLUIR: emp4435_H_202412_full_N0_20241222_014547.zip
2025-08-16 14:39:15,997 - INFO - EXCLUIR: emp4435_H_202412_full_N0_20241223_014605.zip
2025-08-16 14:39:16,003 - INFO - EXCLUIR: emp4435_H_202412_full_N0_20241224_014540.zip
2025-08-16 14:39:16,008 - INFO - EXCLUIR: emp4435_H_202412_full_N0_20241225_014630.zip
2025-08-16 14:39:16,014 - INFO - EXCLUIR: emp4435_H_202412_full_N0_20241226_014602.zip
2025-08-16 14:39:16,019 - INFO - EXCLUIR: emp4435_H_202412_full_N0_20241227_014631.zip
2025-08-16 14:39:16,025 - INFO - EXCLUIR: emp4435_H_202412_full_N0_20241228_014644.zip
2025-08-16 14:39:16,030 - INFO - EXCLUIR: emp4435_H_202412_full_N0_20241229_014546.zip
2025-08-16 14:39:16,035 - INFO - EXCLUIR: emp4435_H_202412_full_N0_20241230_014631.zip
2025-08-16 14:39:16,041 - INFO - EXCLUIR: emp4435_H_202412_full_N0_20241231_014545.zip
2025-08-16 14:39:16,047 - INFO - 
--- Grupo: emp4435_H_202501 (29 arquivos) ---
2025-08-16 14:39:16,052 - INFO - MANTER: emp4435_H_202501_full_N0_20250201_014728.zip
2025-08-16 14:39:16,058 - INFO - EXCLUIR: emp4435_H_202501_full_N0_20250102_014336.zip
2025-08-16 14:39:16,064 - INFO - EXCLUIR: emp4435_H_202501_full_N0_20250103_014335.zip
2025-08-16 14:39:16,078 - INFO - EXCLUIR: emp4435_H_202501_full_N0_20250104_014410.zip
2025-08-16 14:39:16,084 - INFO - EXCLUIR: emp4435_H_202501_full_N0_20250105_014352.zip
2025-08-16 14:39:16,089 - INFO - EXCLUIR: emp4435_H_202501_full_N0_20250106_014346.zip
2025-08-16 14:39:16,097 - INFO - EXCLUIR: emp4435_H_202501_full_N0_20250107_014359.zip
2025-08-16 14:39:16,106 - INFO - EXCLUIR: emp4435_H_202501_full_N0_20250108_014523.zip
2025-08-16 14:39:16,114 - INFO - EXCLUIR: emp4435_H_202501_full_N0_20250109_014421.zip
2025-08-16 14:39:16,120 - INFO - EXCLUIR: emp4435_H_202501_full_N0_20250110_014435.zip
2025-08-16 14:39:16,125 - INFO - EXCLUIR: emp4435_H_202501_full_N0_20250111_014453.zip
2025-08-16 14:39:16,135 - INFO - EXCLUIR: emp4435_H_202501_full_N0_20250112_014601.zip
2025-08-16 14:39:16,144 - INFO - EXCLUIR: emp4435_H_202501_full_N0_20250114_223337.zip
2025-08-16 14:39:16,161 - INFO - EXCLUIR: emp4435_H_202501_full_N0_20250116_014507.zip
2025-08-16 14:39:16,166 - INFO - EXCLUIR: emp4435_H_202501_full_N0_20250117_014454.zip
2025-08-16 14:39:16,170 - INFO - EXCLUIR: emp4435_H_202501_full_N0_20250118_014511.zip
2025-08-16 14:39:16,175 - INFO - EXCLUIR: emp4435_H_202501_full_N0_20250119_014506.zip
2025-08-16 14:39:16,180 - INFO - EXCLUIR: emp4435_H_202501_full_N0_20250120_014525.zip
2025-08-16 14:39:16,185 - INFO - EXCLUIR: emp4435_H_202501_full_N0_20250121_014512.zip
2025-08-16 14:39:16,190 - INFO - EXCLUIR: emp4435_H_202501_full_N0_20250122_014648.zip
2025-08-16 14:39:16,196 - INFO - EXCLUIR: emp4435_H_202501_full_N0_20250123_014529.zip
2025-08-16 14:39:16,203 - INFO - EXCLUIR: emp4435_H_202501_full_N0_20250124_014536.zip
2025-08-16 14:39:16,209 - INFO - EXCLUIR: emp4435_H_202501_full_N0_20250125_014546.zip
2025-08-16 14:39:16,221 - INFO - EXCLUIR: emp4435_H_202501_full_N0_20250126_014535.zip
2025-08-16 14:39:16,227 - INFO - EXCLUIR: emp4435_H_202501_full_N0_20250127_014555.zip
2025-08-16 14:39:16,232 - INFO - EXCLUIR: emp4435_H_202501_full_N0_20250128_014609.zip
2025-08-16 14:39:16,237 - INFO - EXCLUIR: emp4435_H_202501_full_N0_20250129_014856.zip
2025-08-16 14:39:16,243 - INFO - EXCLUIR: emp4435_H_202501_full_N0_20250130_014700.zip
2025-08-16 14:39:16,247 - INFO - EXCLUIR: emp4435_H_202501_full_N0_20250131_014658.zip
2025-08-16 14:39:16,252 - INFO - 
--- Grupo: emp4435_H_202502 (28 arquivos) ---
2025-08-16 14:39:16,256 - INFO - MANTER: emp4435_H_202502_full_N0_20250301_014833.zip
2025-08-16 14:39:16,262 - INFO - EXCLUIR: emp4435_H_202502_full_N0_20250202_014624.zip
2025-08-16 14:39:16,266 - INFO - EXCLUIR: emp4435_H_202502_full_N0_20250203_014545.zip
2025-08-16 14:39:16,271 - INFO - EXCLUIR: emp4435_H_202502_full_N0_20250204_014457.zip
2025-08-16 14:39:16,279 - INFO - EXCLUIR: emp4435_H_202502_full_N0_20250205_014444.zip
2025-08-16 14:39:16,304 - INFO - EXCLUIR: emp4435_H_202502_full_N0_20250206_014632.zip
2025-08-16 14:39:16,316 - INFO - EXCLUIR: emp4435_H_202502_full_N0_20250207_014532.zip
2025-08-16 14:39:16,321 - INFO - EXCLUIR: emp4435_H_202502_full_N0_20250208_014608.zip
2025-08-16 14:39:16,327 - INFO - EXCLUIR: emp4435_H_202502_full_N0_20250209_014659.zip
2025-08-16 14:39:16,334 - INFO - EXCLUIR: emp4435_H_202502_full_N0_20250210_014644.zip
2025-08-16 14:39:16,352 - INFO - EXCLUIR: emp4435_H_202502_full_N0_20250211_014553.zip
2025-08-16 14:39:16,364 - INFO - EXCLUIR: emp4435_H_202502_full_N0_20250212_014516.zip
2025-08-16 14:39:16,369 - INFO - EXCLUIR: emp4435_H_202502_full_N0_20250213_014615.zip
2025-08-16 14:39:16,378 - INFO - EXCLUIR: emp4435_H_202502_full_N0_20250214_014654.zip
2025-08-16 14:39:16,384 - INFO - EXCLUIR: emp4435_H_202502_full_N0_20250215_014554.zip
2025-08-16 14:39:16,390 - INFO - EXCLUIR: emp4435_H_202502_full_N0_20250216_014646.zip
2025-08-16 14:39:16,414 - INFO - EXCLUIR: emp4435_H_202502_full_N0_20250217_014548.zip
2025-08-16 14:39:16,419 - INFO - EXCLUIR: emp4435_H_202502_full_N0_20250218_014707.zip
2025-08-16 14:39:16,425 - INFO - EXCLUIR: emp4435_H_202502_full_N0_20250219_014654.zip
2025-08-16 14:39:16,431 - INFO - EXCLUIR: emp4435_H_202502_full_N0_20250220_014636.zip
2025-08-16 14:39:16,437 - INFO - EXCLUIR: emp4435_H_202502_full_N0_20250221_014901.zip
2025-08-16 14:39:16,442 - INFO - EXCLUIR: emp4435_H_202502_full_N0_20250222_014733.zip
2025-08-16 14:39:16,451 - INFO - EXCLUIR: emp4435_H_202502_full_N0_20250223_014806.zip
2025-08-16 14:39:16,457 - INFO - EXCLUIR: emp4435_H_202502_full_N0_20250224_014817.zip
2025-08-16 14:39:16,468 - INFO - EXCLUIR: emp4435_H_202502_full_N0_20250225_014654.zip
2025-08-16 14:39:16,474 - INFO - EXCLUIR: emp4435_H_202502_full_N0_20250226_014808.zip
2025-08-16 14:39:16,480 - INFO - EXCLUIR: emp4435_H_202502_full_N0_20250227_014759.zip
2025-08-16 14:39:16,485 - INFO - EXCLUIR: emp4435_H_202502_full_N0_20250228_014955.zip
2025-08-16 14:39:16,490 - INFO - 
--- Grupo: emp4435_H_202503 (31 arquivos) ---
2025-08-16 14:39:16,495 - INFO - MANTER: emp4435_H_202503_full_N0_20250401_015019.zip
2025-08-16 14:39:16,507 - INFO - EXCLUIR: emp4435_H_202503_full_N0_20250302_014554.zip
2025-08-16 14:39:16,516 - INFO - EXCLUIR: emp4435_H_202503_full_N0_20250303_014519.zip
2025-08-16 14:39:16,522 - INFO - EXCLUIR: emp4435_H_202503_full_N0_20250304_014453.zip
2025-08-16 14:39:16,528 - INFO - EXCLUIR: emp4435_H_202503_full_N0_20250305_014559.zip
2025-08-16 14:39:16,533 - INFO - EXCLUIR: emp4435_H_202503_full_N0_20250306_014846.zip
2025-08-16 14:39:16,538 - INFO - EXCLUIR: emp4435_H_202503_full_N0_20250307_014651.zip
2025-08-16 14:39:16,542 - INFO - EXCLUIR: emp4435_H_202503_full_N0_20250308_014544.zip
2025-08-16 14:39:16,553 - INFO - EXCLUIR: emp4435_H_202503_full_N0_20250309_014734.zip
2025-08-16 14:39:16,559 - INFO - EXCLUIR: emp4435_H_202503_full_N0_20250310_014713.zip
2025-08-16 14:39:16,564 - INFO - EXCLUIR: emp4435_H_202503_full_N0_20250311_014618.zip
2025-08-16 14:39:16,571 - INFO - EXCLUIR: emp4435_H_202503_full_N0_20250312_014743.zip
2025-08-16 14:39:16,577 - INFO - EXCLUIR: emp4435_H_202503_full_N0_20250313_014612.zip
2025-08-16 14:39:16,582 - INFO - EXCLUIR: emp4435_H_202503_full_N0_20250314_014641.zip
2025-08-16 14:39:16,588 - INFO - EXCLUIR: emp4435_H_202503_full_N0_20250315_014624.zip
2025-08-16 14:39:16,594 - INFO - EXCLUIR: emp4435_H_202503_full_N0_20250316_014652.zip
2025-08-16 14:39:16,600 - INFO - EXCLUIR: emp4435_H_202503_full_N0_20250317_014749.zip
2025-08-16 14:39:16,605 - INFO - EXCLUIR: emp4435_H_202503_full_N0_20250318_014702.zip
2025-08-16 14:39:16,610 - INFO - EXCLUIR: emp4435_H_202503_full_N0_20250319_014748.zip
2025-08-16 14:39:16,616 - INFO - EXCLUIR: emp4435_H_202503_full_N0_20250320_014751.zip
2025-08-16 14:39:16,621 - INFO - EXCLUIR: emp4435_H_202503_full_N0_20250321_014810.zip
2025-08-16 14:39:16,626 - INFO - EXCLUIR: emp4435_H_202503_full_N0_20250322_014811.zip
2025-08-16 14:39:16,632 - INFO - EXCLUIR: emp4435_H_202503_full_N0_20250323_014652.zip
2025-08-16 14:39:16,637 - INFO - EXCLUIR: emp4435_H_202503_full_N0_20250324_014732.zip
2025-08-16 14:39:16,642 - INFO - EXCLUIR: emp4435_H_202503_full_N0_20250325_014857.zip
2025-08-16 14:39:16,648 - INFO - EXCLUIR: emp4435_H_202503_full_N0_20250326_014835.zip
2025-08-16 14:39:16,657 - INFO - EXCLUIR: emp4435_H_202503_full_N0_20250327_015455.zip
2025-08-16 14:39:16,679 - INFO - EXCLUIR: emp4435_H_202503_full_N0_20250328_014935.zip
2025-08-16 14:39:16,684 - INFO - EXCLUIR: emp4435_H_202503_full_N0_20250329_015218.zip
2025-08-16 14:39:16,690 - INFO - EXCLUIR: emp4435_H_202503_full_N0_20250330_015133.zip
2025-08-16 14:39:16,695 - INFO - EXCLUIR: emp4435_H_202503_full_N0_20250331_014846.zip
2025-08-16 14:39:16,701 - INFO - 
--- Grupo: emp4435_H_202504 (30 arquivos) ---
2025-08-16 14:39:16,706 - INFO - MANTER: emp4435_H_202504_full_N0_20250501_020130.zip
2025-08-16 14:39:16,712 - INFO - EXCLUIR: emp4435_H_202504_full_N0_20250402_014941.zip
2025-08-16 14:39:16,721 - INFO - EXCLUIR: emp4435_H_202504_full_N0_20250403_014630.zip
2025-08-16 14:39:16,726 - INFO - EXCLUIR: emp4435_H_202504_full_N0_20250404_014627.zip
2025-08-16 14:39:16,731 - INFO - EXCLUIR: emp4435_H_202504_full_N0_20250405_014704.zip
2025-08-16 14:39:16,736 - INFO - EXCLUIR: emp4435_H_202504_full_N0_20250406_014749.zip
2025-08-16 14:39:16,742 - INFO - EXCLUIR: emp4435_H_202504_full_N0_20250407_014733.zip
2025-08-16 14:39:16,747 - INFO - EXCLUIR: emp4435_H_202504_full_N0_20250408_015153.zip
2025-08-16 14:39:16,752 - INFO - EXCLUIR: emp4435_H_202504_full_N0_20250409_014916.zip
2025-08-16 14:39:16,760 - INFO - EXCLUIR: emp4435_H_202504_full_N0_20250410_014844.zip
2025-08-16 14:39:16,766 - INFO - EXCLUIR: emp4435_H_202504_full_N0_20250411_015024.zip
2025-08-16 14:39:16,772 - INFO - EXCLUIR: emp4435_H_202504_full_N0_20250412_015210.zip
2025-08-16 14:39:16,776 - INFO - EXCLUIR: emp4435_H_202504_full_N0_20250413_014758.zip
2025-08-16 14:39:16,783 - INFO - EXCLUIR: emp4435_H_202504_full_N0_20250414_014732.zip
2025-08-16 14:39:16,788 - INFO - EXCLUIR: emp4435_H_202504_full_N0_20250415_014908.zip
2025-08-16 14:39:16,794 - INFO - EXCLUIR: emp4435_H_202504_full_N0_20250416_015153.zip
2025-08-16 14:39:16,800 - INFO - EXCLUIR: emp4435_H_202504_full_N0_20250417_015015.zip
2025-08-16 14:39:16,805 - INFO - EXCLUIR: emp4435_H_202504_full_N0_20250418_014959.zip
2025-08-16 14:39:16,811 - INFO - EXCLUIR: emp4435_H_202504_full_N0_20250419_015137.zip
2025-08-16 14:39:16,816 - INFO - EXCLUIR: emp4435_H_202504_full_N0_20250420_015231.zip
2025-08-16 14:39:16,823 - INFO - EXCLUIR: emp4435_H_202504_full_N0_20250421_014920.zip
2025-08-16 14:39:16,828 - INFO - EXCLUIR: emp4435_H_202504_full_N0_20250422_014845.zip
2025-08-16 14:39:16,833 - INFO - EXCLUIR: emp4435_H_202504_full_N0_20250423_015140.zip
2025-08-16 14:39:16,839 - INFO - EXCLUIR: emp4435_H_202504_full_N0_20250424_015204.zip
2025-08-16 14:39:16,844 - INFO - EXCLUIR: emp4435_H_202504_full_N0_20250425_014910.zip
2025-08-16 14:39:16,848 - INFO - EXCLUIR: emp4435_H_202504_full_N0_20250426_014907.zip
2025-08-16 14:39:16,854 - INFO - EXCLUIR: emp4435_H_202504_full_N0_20250427_014847.zip
2025-08-16 14:39:16,860 - INFO - EXCLUIR: emp4435_H_202504_full_N0_20250428_014937.zip
2025-08-16 14:39:16,865 - INFO - EXCLUIR: emp4435_H_202504_full_N0_20250429_014943.zip
2025-08-16 14:39:16,870 - INFO - EXCLUIR: emp4435_H_202504_full_N0_20250430_015158.zip
2025-08-16 14:39:16,879 - INFO - 
--- Grupo: emp4435_H_202505 (28 arquivos) ---
2025-08-16 14:39:16,885 - INFO - MANTER: emp4435_H_202505_full_N0_20250601_014935.zip
2025-08-16 14:39:16,891 - INFO - EXCLUIR: emp4435_H_202505_full_N0_20250502_014918.zip
2025-08-16 14:39:16,896 - INFO - EXCLUIR: emp4435_H_202505_full_N0_20250503_015503.zip
2025-08-16 14:39:16,902 - INFO - EXCLUIR: emp4435_H_202505_full_N0_20250504_015308.zip
2025-08-16 14:39:16,907 - INFO - EXCLUIR: emp4435_H_202505_full_N0_20250505_015814.zip
2025-08-16 14:39:16,912 - INFO - EXCLUIR: emp4435_H_202505_full_N0_20250507_015040.zip
2025-08-16 14:39:16,917 - INFO - EXCLUIR: emp4435_H_202505_full_N0_20250509_015234.zip
2025-08-16 14:39:16,922 - INFO - EXCLUIR: emp4435_H_202505_full_N0_20250510_015536.zip
2025-08-16 14:39:16,928 - INFO - EXCLUIR: emp4435_H_202505_full_N0_20250511_015621.zip
2025-08-16 14:39:16,933 - INFO - EXCLUIR: emp4435_H_202505_full_N0_20250512_015409.zip
2025-08-16 14:39:16,938 - INFO - EXCLUIR: emp4435_H_202505_full_N0_20250513_015627.zip
2025-08-16 14:39:16,943 - INFO - EXCLUIR: emp4435_H_202505_full_N0_20250514_015636.zip
2025-08-16 14:39:16,948 - INFO - EXCLUIR: emp4435_H_202505_full_N0_20250515_015507.zip
2025-08-16 14:39:16,953 - INFO - EXCLUIR: emp4435_H_202505_full_N0_20250516_015409.zip
2025-08-16 14:39:16,961 - INFO - EXCLUIR: emp4435_H_202505_full_N0_20250517_015736.zip
2025-08-16 14:39:16,968 - INFO - EXCLUIR: emp4435_H_202505_full_N0_20250518_015359.zip
2025-08-16 14:39:16,975 - INFO - EXCLUIR: emp4435_H_202505_full_N0_20250519_015607.zip
2025-08-16 14:39:16,980 - INFO - EXCLUIR: emp4435_H_202505_full_N0_20250520_015435.zip
2025-08-16 14:39:16,985 - INFO - EXCLUIR: emp4435_H_202505_full_N0_20250521_015421.zip
2025-08-16 14:39:16,990 - INFO - EXCLUIR: emp4435_H_202505_full_N0_20250522_015711.zip
2025-08-16 14:39:16,995 - INFO - EXCLUIR: emp4435_H_202505_full_N0_20250523_015608.zip
2025-08-16 14:39:17,002 - INFO - EXCLUIR: emp4435_H_202505_full_N0_20250524_015728.zip
2025-08-16 14:39:17,007 - INFO - EXCLUIR: emp4435_H_202505_full_N0_20250525_015437.zip
2025-08-16 14:39:17,013 - INFO - EXCLUIR: emp4435_H_202505_full_N0_20250526_015700.zip
2025-08-16 14:39:17,018 - INFO - EXCLUIR: emp4435_H_202505_full_N0_20250527_015343.zip
2025-08-16 14:39:17,023 - INFO - EXCLUIR: emp4435_H_202505_full_N0_20250528_015437.zip
2025-08-16 14:39:17,030 - INFO - EXCLUIR: emp4435_H_202505_full_N0_20250529_015437.zip
2025-08-16 14:39:17,036 - INFO - EXCLUIR: emp4435_H_202505_full_N0_20250531_015428.zip
2025-08-16 14:39:17,041 - INFO - 
--- Grupo: emp4435_H_202506 (26 arquivos) ---
2025-08-16 14:39:17,047 - INFO - MANTER: emp4435_H_202506_full_N0_20250701_015333.zip
2025-08-16 14:39:17,053 - INFO - EXCLUIR: emp4435_H_202506_full_N0_20250602_014827.zip
2025-08-16 14:39:17,058 - INFO - EXCLUIR: emp4435_H_202506_full_N0_20250603_015053.zip
2025-08-16 14:39:17,067 - INFO - EXCLUIR: emp4435_H_202506_full_N0_20250604_015341.zip
2025-08-16 14:39:17,072 - INFO - EXCLUIR: emp4435_H_202506_full_N0_20250605_014943.zip
2025-08-16 14:39:17,081 - INFO - EXCLUIR: emp4435_H_202506_full_N0_20250606_015056.zip
2025-08-16 14:39:17,086 - INFO - EXCLUIR: emp4435_H_202506_full_N0_20250607_015949.zip
2025-08-16 14:39:17,091 - INFO - EXCLUIR: emp4435_H_202506_full_N0_20250608_015802.zip
2025-08-16 14:39:17,096 - INFO - EXCLUIR: emp4435_H_202506_full_N0_20250609_015944.zip
2025-08-16 14:39:17,100 - INFO - EXCLUIR: emp4435_H_202506_full_N0_20250610_020235.zip
2025-08-16 14:39:17,105 - INFO - EXCLUIR: emp4435_H_202506_full_N0_20250612_014858.zip
2025-08-16 14:39:17,111 - INFO - EXCLUIR: emp4435_H_202506_full_N0_20250613_015407.zip
2025-08-16 14:39:17,122 - INFO - EXCLUIR: emp4435_H_202506_full_N0_20250614_015817.zip
2025-08-16 14:39:17,128 - INFO - EXCLUIR: emp4435_H_202506_full_N0_20250615_015842.zip
2025-08-16 14:39:17,133 - INFO - EXCLUIR: emp4435_H_202506_full_N0_20250617_014919.zip
2025-08-16 14:39:17,139 - INFO - EXCLUIR: emp4435_H_202506_full_N0_20250618_014933.zip
2025-08-16 14:39:17,144 - INFO - EXCLUIR: emp4435_H_202506_full_N0_20250619_014934.zip
2025-08-16 14:39:17,149 - INFO - EXCLUIR: emp4435_H_202506_full_N0_20250620_015202.zip
2025-08-16 14:39:17,155 - INFO - EXCLUIR: emp4435_H_202506_full_N0_20250621_015413.zip
2025-08-16 14:39:17,160 - INFO - EXCLUIR: emp4435_H_202506_full_N0_20250622_020008.zip
2025-08-16 14:39:17,169 - INFO - EXCLUIR: emp4435_H_202506_full_N0_20250624_015100.zip
2025-08-16 14:39:17,174 - INFO - EXCLUIR: emp4435_H_202506_full_N0_20250625_015821.zip
2025-08-16 14:39:17,194 - INFO - EXCLUIR: emp4435_H_202506_full_N0_20250626_020054.zip
2025-08-16 14:39:17,204 - INFO - EXCLUIR: emp4435_H_202506_full_N0_20250628_015228.zip
2025-08-16 14:39:17,209 - INFO - EXCLUIR: emp4435_H_202506_full_N0_20250629_015035.zip
2025-08-16 14:39:17,213 - INFO - EXCLUIR: emp4435_H_202506_full_N0_20250630_015055.zip
2025-08-16 14:39:17,219 - INFO - 
--- Grupo: emp4435_H_202507 (31 arquivos) ---
2025-08-16 14:39:17,224 - INFO - MANTER: emp4435_H_202507_full_N0_20250801_015443.zip
2025-08-16 14:39:17,228 - INFO - EXCLUIR: emp4435_H_202507_full_N0_20250702_015023.zip
2025-08-16 14:39:17,233 - INFO - EXCLUIR: emp4435_H_202507_full_N0_20250703_014831.zip
2025-08-16 14:39:17,237 - INFO - EXCLUIR: emp4435_H_202507_full_N0_20250704_014835.zip
2025-08-16 14:39:17,240 - INFO - EXCLUIR: emp4435_H_202507_full_N0_20250705_015003.zip
2025-08-16 14:39:17,245 - INFO - EXCLUIR: emp4435_H_202507_full_N0_20250706_014942.zip
2025-08-16 14:39:17,250 - INFO - EXCLUIR: emp4435_H_202507_full_N0_20250707_014827.zip
2025-08-16 14:39:17,256 - INFO - EXCLUIR: emp4435_H_202507_full_N0_20250708_014850.zip
2025-08-16 14:39:17,261 - INFO - EXCLUIR: emp4435_H_202507_full_N0_20250709_014931.zip
2025-08-16 14:39:17,267 - INFO - EXCLUIR: emp4435_H_202507_full_N0_20250710_015127.zip
2025-08-16 14:39:17,272 - INFO - EXCLUIR: emp4435_H_202507_full_N0_20250711_014959.zip
2025-08-16 14:39:17,277 - INFO - EXCLUIR: emp4435_H_202507_full_N0_20250712_015048.zip
2025-08-16 14:39:17,284 - INFO - EXCLUIR: emp4435_H_202507_full_N0_20250713_015209.zip
2025-08-16 14:39:17,290 - INFO - EXCLUIR: emp4435_H_202507_full_N0_20250714_015024.zip
2025-08-16 14:39:17,295 - INFO - EXCLUIR: emp4435_H_202507_full_N0_20250715_015047.zip
2025-08-16 14:39:17,301 - INFO - EXCLUIR: emp4435_H_202507_full_N0_20250716_015209.zip
2025-08-16 14:39:17,306 - INFO - EXCLUIR: emp4435_H_202507_full_N0_20250717_015237.zip
2025-08-16 14:39:17,312 - INFO - EXCLUIR: emp4435_H_202507_full_N0_20250718_015158.zip
2025-08-16 14:39:17,318 - INFO - EXCLUIR: emp4435_H_202507_full_N0_20250719_015204.zip
2025-08-16 14:39:17,324 - INFO - EXCLUIR: emp4435_H_202507_full_N0_20250720_015145.zip
2025-08-16 14:39:17,329 - INFO - EXCLUIR: emp4435_H_202507_full_N0_20250721_015243.zip
2025-08-16 14:39:17,335 - INFO - EXCLUIR: emp4435_H_202507_full_N0_20250722_015250.zip
2025-08-16 14:39:17,340 - INFO - EXCLUIR: emp4435_H_202507_full_N0_20250723_015214.zip
2025-08-16 14:39:17,346 - INFO - EXCLUIR: emp4435_H_202507_full_N0_20250724_015903.zip
2025-08-16 14:39:17,352 - INFO - EXCLUIR: emp4435_H_202507_full_N0_20250725_015143.zip
2025-08-16 14:39:17,362 - INFO - EXCLUIR: emp4435_H_202507_full_N0_20250726_015219.zip
2025-08-16 14:39:17,378 - INFO - EXCLUIR: emp4435_H_202507_full_N0_20250727_015308.zip
2025-08-16 14:39:17,385 - INFO - EXCLUIR: emp4435_H_202507_full_N0_20250728_015117.zip
2025-08-16 14:39:17,391 - INFO - EXCLUIR: emp4435_H_202507_full_N0_20250729_015231.zip
2025-08-16 14:39:17,397 - INFO - EXCLUIR: emp4435_H_202507_full_N0_20250730_015445.zip
2025-08-16 14:39:17,402 - INFO - EXCLUIR: emp4435_H_202507_full_N0_20250731_015430.zip
2025-08-16 14:39:17,407 - INFO - 
--- Grupo: emp4435_H_202508 (15 arquivos) ---
2025-08-16 14:39:17,414 - INFO - MANTER: emp4435_H_202508_full_N0_20250816_015127.zip
2025-08-16 14:39:17,419 - INFO - EXCLUIR: emp4435_H_202508_full_N0_20250802_014943.zip
2025-08-16 14:39:17,424 - INFO - EXCLUIR: emp4435_H_202508_full_N0_20250803_014843.zip
2025-08-16 14:39:17,429 - INFO - EXCLUIR: emp4435_H_202508_full_N0_20250804_015029.zip
2025-08-16 14:39:17,434 - INFO - EXCLUIR: emp4435_H_202508_full_N0_20250805_015301.zip
2025-08-16 14:39:17,440 - INFO - EXCLUIR: emp4435_H_202508_full_N0_20250806_015544.zip
2025-08-16 14:39:17,445 - INFO - EXCLUIR: emp4435_H_202508_full_N0_20250807_015703.zip
2025-08-16 14:39:17,450 - INFO - EXCLUIR: emp4435_H_202508_full_N0_20250808_015252.zip
2025-08-16 14:39:17,454 - INFO - EXCLUIR: emp4435_H_202508_full_N0_20250809_020010.zip
2025-08-16 14:39:17,458 - INFO - EXCLUIR: emp4435_H_202508_full_N0_20250810_015552.zip
2025-08-16 14:39:17,464 - INFO - EXCLUIR: emp4435_H_202508_full_N0_20250811_015253.zip
2025-08-16 14:39:17,473 - INFO - EXCLUIR: emp4435_H_202508_full_N0_20250812_015354.zip
2025-08-16 14:39:17,479 - INFO - EXCLUIR: emp4435_H_202508_full_N0_20250813_015352.zip
2025-08-16 14:39:17,489 - INFO - EXCLUIR: emp4435_H_202508_full_N0_20250814_015251.zip
2025-08-16 14:39:17,495 - INFO - EXCLUIR: emp4435_H_202508_full_N0_20250815_015202.zip
2025-08-16 14:39:17,500 - INFO - 
--- Grupo: emp62_H_202305 (2 arquivos) ---
2025-08-16 14:39:17,506 - INFO - MANTER: emp62_H_202305_full_N0_20240121_031923.zip
2025-08-16 14:39:17,511 - INFO - EXCLUIR: emp62_H_202305_full_N0_20231220_022727.zip
2025-08-16 14:39:17,515 - INFO - 
--- Grupo: emp62_H_202306 (2 arquivos) ---
2025-08-16 14:39:17,520 - INFO - MANTER: emp62_H_202306_full_N0_20240121_031924.zip
2025-08-16 14:39:17,525 - INFO - EXCLUIR: emp62_H_202306_full_N0_20231220_022729.zip
2025-08-16 14:39:17,529 - INFO - 
--- Grupo: emp62_H_202307 (2 arquivos) ---
2025-08-16 14:39:17,535 - INFO - MANTER: emp62_H_202307_full_N0_20240121_031927.zip
2025-08-16 14:39:17,541 - INFO - EXCLUIR: emp62_H_202307_full_N0_20231220_022732.zip
2025-08-16 14:39:17,546 - INFO - 
--- Grupo: emp62_H_202308 (2 arquivos) ---
2025-08-16 14:39:17,552 - INFO - MANTER: emp62_H_202308_full_N0_20240121_031931.zip
2025-08-16 14:39:17,557 - INFO - EXCLUIR: emp62_H_202308_full_N0_20231220_022738.zip
2025-08-16 14:39:17,563 - INFO - 
--- Grupo: emp62_H_202309 (2 arquivos) ---
2025-08-16 14:39:17,568 - INFO - MANTER: emp62_H_202309_full_N0_20240121_031930.zip
2025-08-16 14:39:17,575 - INFO - EXCLUIR: emp62_H_202309_full_N0_20231220_022736.zip
2025-08-16 14:39:17,580 - INFO - 
--- Grupo: emp62_H_202310 (2 arquivos) ---
2025-08-16 14:39:17,585 - INFO - MANTER: emp62_H_202310_full_N0_20240121_031928.zip
2025-08-16 14:39:17,593 - INFO - EXCLUIR: emp62_H_202310_full_N0_20231220_022734.zip
2025-08-16 14:39:17,599 - INFO - 
--- Grupo: emp62_H_202311 (2 arquivos) ---
2025-08-16 14:39:17,606 - INFO - MANTER: emp62_H_202311_full_N0_20240121_031926.zip
2025-08-16 14:39:17,611 - INFO - EXCLUIR: emp62_H_202311_full_N0_20231220_022731.zip
2025-08-16 14:39:17,616 - INFO - 
--- Grupo: emp62_H_202312 (2 arquivos) ---
2025-08-16 14:39:17,622 - INFO - MANTER: emp62_H_202312_full_N0_20240121_031921.zip
2025-08-16 14:39:17,627 - INFO - EXCLUIR: emp62_H_202312_full_N0_20240101_022802.zip
2025-08-16 14:39:17,632 - INFO - 
--- Grupo: emp62_H_202401 (3 arquivos) ---
2025-08-16 14:39:17,638 - INFO - MANTER: emp62_H_202401_full_N0_20240201_022108.zip
2025-08-16 14:39:17,647 - INFO - EXCLUIR: emp62_H_202401_full_N0_20240119_023238.zip
2025-08-16 14:39:17,652 - INFO - EXCLUIR: emp62_H_202401_full_N0_20240120_023240.zip
2025-08-16 14:39:17,658 - INFO - 
--- Grupo: emp62_H_202402 (27 arquivos) ---
2025-08-16 14:39:17,663 - INFO - MANTER: emp62_H_202402_full_N0_20240301_022922.zip
2025-08-16 14:39:17,668 - INFO - EXCLUIR: emp62_H_202402_full_N0_20240203_022601.zip
2025-08-16 14:39:17,673 - INFO - EXCLUIR: emp62_H_202402_full_N0_20240204_022144.zip
2025-08-16 14:39:17,680 - INFO - EXCLUIR: emp62_H_202402_full_N0_20240205_022603.zip
2025-08-16 14:39:17,686 - INFO - EXCLUIR: emp62_H_202402_full_N0_20240206_022605.zip
2025-08-16 14:39:17,694 - INFO - EXCLUIR: emp62_H_202402_full_N0_20240207_022141.zip
2025-08-16 14:39:17,699 - INFO - EXCLUIR: emp62_H_202402_full_N0_20240208_022625.zip
2025-08-16 14:39:17,704 - INFO - EXCLUIR: emp62_H_202402_full_N0_20240209_022615.zip
2025-08-16 14:39:17,709 - INFO - EXCLUIR: emp62_H_202402_full_N0_20240210_022101.zip
2025-08-16 14:39:17,714 - INFO - EXCLUIR: emp62_H_202402_full_N0_20240211_041223.zip
2025-08-16 14:39:17,720 - INFO - EXCLUIR: emp62_H_202402_full_N0_20240212_043523.zip
2025-08-16 14:39:17,726 - INFO - EXCLUIR: emp62_H_202402_full_N0_20240213_041416.zip
2025-08-16 14:39:17,731 - INFO - EXCLUIR: emp62_H_202402_full_N0_20240215_023050.zip
2025-08-16 14:39:17,737 - INFO - EXCLUIR: emp62_H_202402_full_N0_20240216_022550.zip
2025-08-16 14:39:17,744 - INFO - EXCLUIR: emp62_H_202402_full_N0_20240217_023048.zip
2025-08-16 14:39:17,749 - INFO - EXCLUIR: emp62_H_202402_full_N0_20240218_023045.zip
2025-08-16 14:39:17,754 - INFO - EXCLUIR: emp62_H_202402_full_N0_20240219_022613.zip
2025-08-16 14:39:17,759 - INFO - EXCLUIR: emp62_H_202402_full_N0_20240220_023108.zip
2025-08-16 14:39:17,764 - INFO - EXCLUIR: emp62_H_202402_full_N0_20240221_022929.zip
2025-08-16 14:39:17,769 - INFO - EXCLUIR: emp62_H_202402_full_N0_20240222_022501.zip
2025-08-16 14:39:17,774 - INFO - EXCLUIR: emp62_H_202402_full_N0_20240223_022836.zip
2025-08-16 14:39:17,783 - INFO - EXCLUIR: emp62_H_202402_full_N0_20240224_022851.zip
2025-08-16 14:39:17,789 - INFO - EXCLUIR: emp62_H_202402_full_N0_20240225_022342.zip
2025-08-16 14:39:17,794 - INFO - EXCLUIR: emp62_H_202402_full_N0_20240226_022903.zip
2025-08-16 14:39:17,800 - INFO - EXCLUIR: emp62_H_202402_full_N0_20240227_022913.zip
2025-08-16 14:39:17,805 - INFO - EXCLUIR: emp62_H_202402_full_N0_20240228_022432.zip
2025-08-16 14:39:17,810 - INFO - EXCLUIR: emp62_H_202402_full_N0_20240229_022913.zip
2025-08-16 14:39:17,815 - INFO - 
--- Grupo: emp62_H_202403 (29 arquivos) ---
2025-08-16 14:39:17,820 - INFO - MANTER: emp62_H_202403_full_N0_20240915_115903.zip
2025-08-16 14:39:17,825 - INFO - EXCLUIR: emp62_H_202403_full_N0_20240305_022455.zip
2025-08-16 14:39:17,830 - INFO - EXCLUIR: emp62_H_202403_full_N0_20240306_023004.zip
2025-08-16 14:39:17,836 - INFO - EXCLUIR: emp62_H_202403_full_N0_20240307_022927.zip
2025-08-16 14:39:17,847 - INFO - EXCLUIR: emp62_H_202403_full_N0_20240308_022454.zip
2025-08-16 14:39:17,852 - INFO - EXCLUIR: emp62_H_202403_full_N0_20240309_022950.zip
2025-08-16 14:39:17,857 - INFO - EXCLUIR: emp62_H_202403_full_N0_20240310_022959.zip
2025-08-16 14:39:17,863 - INFO - EXCLUIR: emp62_H_202403_full_N0_20240311_022449.zip
2025-08-16 14:39:17,868 - INFO - EXCLUIR: emp62_H_202403_full_N0_20240312_023024.zip
2025-08-16 14:39:17,879 - INFO - EXCLUIR: emp62_H_202403_full_N0_20240313_023003.zip
2025-08-16 14:39:17,886 - INFO - EXCLUIR: emp62_H_202403_full_N0_20240314_022630.zip
2025-08-16 14:39:17,891 - INFO - EXCLUIR: emp62_H_202403_full_N0_20240315_023228.zip
2025-08-16 14:39:17,896 - INFO - EXCLUIR: emp62_H_202403_full_N0_20240316_023349.zip
2025-08-16 14:39:17,900 - INFO - EXCLUIR: emp62_H_202403_full_N0_20240317_022956.zip
2025-08-16 14:39:17,907 - INFO - EXCLUIR: emp62_H_202403_full_N0_20240318_023111.zip
2025-08-16 14:39:17,912 - INFO - EXCLUIR: emp62_H_202403_full_N0_20240319_023054.zip
2025-08-16 14:39:17,916 - INFO - EXCLUIR: emp62_H_202403_full_N0_20240320_022700.zip
2025-08-16 14:39:17,921 - INFO - EXCLUIR: emp62_H_202403_full_N0_20240321_023307.zip
2025-08-16 14:39:17,926 - INFO - EXCLUIR: emp62_H_202403_full_N0_20240322_023248.zip
2025-08-16 14:39:17,930 - INFO - EXCLUIR: emp62_H_202403_full_N0_20240323_023238.zip
2025-08-16 14:39:17,935 - INFO - EXCLUIR: emp62_H_202403_full_N0_20240324_023228.zip
2025-08-16 14:39:17,940 - INFO - EXCLUIR: emp62_H_202403_full_N0_20240325_023251.zip
2025-08-16 14:39:17,945 - INFO - EXCLUIR: emp62_H_202403_full_N0_20240326_023034.zip
2025-08-16 14:39:17,950 - INFO - EXCLUIR: emp62_H_202403_full_N0_20240327_023344.zip
2025-08-16 14:39:17,954 - INFO - EXCLUIR: emp62_H_202403_full_N0_20240328_023338.zip
2025-08-16 14:39:17,959 - INFO - EXCLUIR: emp62_H_202403_full_N0_20240329_023413.zip
2025-08-16 14:39:17,964 - INFO - EXCLUIR: emp62_H_202403_full_N0_20240330_023414.zip
2025-08-16 14:39:17,969 - INFO - EXCLUIR: emp62_H_202403_full_N0_20240331_023356.zip
2025-08-16 14:39:17,974 - INFO - EXCLUIR: emp62_H_202403_full_N0_20240401_023400.zip
2025-08-16 14:39:17,979 - INFO - 
--- Grupo: emp62_H_202404 (31 arquivos) ---
2025-08-16 14:39:17,989 - INFO - MANTER: emp62_H_202404_full_N0_20240915_115903.zip
2025-08-16 14:39:17,995 - INFO - EXCLUIR: emp62_H_202404_full_N0_20240402_022912.zip
2025-08-16 14:39:18,002 - INFO - EXCLUIR: emp62_H_202404_full_N0_20240403_022947.zip
2025-08-16 14:39:18,007 - INFO - EXCLUIR: emp62_H_202404_full_N0_20240404_022419.zip
2025-08-16 14:39:18,013 - INFO - EXCLUIR: emp62_H_202404_full_N0_20240405_022956.zip
2025-08-16 14:39:18,018 - INFO - EXCLUIR: emp62_H_202404_full_N0_20240406_022956.zip
2025-08-16 14:39:18,023 - INFO - EXCLUIR: emp62_H_202404_full_N0_20240407_022934.zip
2025-08-16 14:39:18,027 - INFO - EXCLUIR: emp62_H_202404_full_N0_20240408_023017.zip
2025-08-16 14:39:18,032 - INFO - EXCLUIR: emp62_H_202404_full_N0_20240409_023036.zip
2025-08-16 14:39:18,042 - INFO - EXCLUIR: emp62_H_202404_full_N0_20240410_022603.zip
2025-08-16 14:39:18,046 - INFO - EXCLUIR: emp62_H_202404_full_N0_20240411_023100.zip
2025-08-16 14:39:18,052 - INFO - EXCLUIR: emp62_H_202404_full_N0_20240412_023036.zip
2025-08-16 14:39:18,056 - INFO - EXCLUIR: emp62_H_202404_full_N0_20240413_022754.zip
2025-08-16 14:39:18,061 - INFO - EXCLUIR: emp62_H_202404_full_N0_20240414_023041.zip
2025-08-16 14:39:18,069 - INFO - EXCLUIR: emp62_H_202404_full_N0_20240415_023105.zip
2025-08-16 14:39:18,075 - INFO - EXCLUIR: emp62_H_202404_full_N0_20240416_023117.zip
2025-08-16 14:39:18,080 - INFO - EXCLUIR: emp62_H_202404_full_N0_20240417_023117.zip
2025-08-16 14:39:18,086 - INFO - EXCLUIR: emp62_H_202404_full_N0_20240418_023200.zip
2025-08-16 14:39:18,091 - INFO - EXCLUIR: emp62_H_202404_full_N0_20240419_023214.zip
2025-08-16 14:39:18,101 - INFO - EXCLUIR: emp62_H_202404_full_N0_20240420_023232.zip
2025-08-16 14:39:18,107 - INFO - EXCLUIR: emp62_H_202404_full_N0_20240421_023235.zip
2025-08-16 14:39:18,122 - INFO - EXCLUIR: emp62_H_202404_full_N0_20240422_023036.zip
2025-08-16 14:39:18,127 - INFO - EXCLUIR: emp62_H_202404_full_N0_20240423_023324.zip
2025-08-16 14:39:18,131 - INFO - EXCLUIR: emp62_H_202404_full_N0_20240424_023341.zip
2025-08-16 14:39:18,137 - INFO - EXCLUIR: emp62_H_202404_full_N0_20240425_023113.zip
2025-08-16 14:39:18,143 - INFO - EXCLUIR: emp62_H_202404_full_N0_20240426_023420.zip
2025-08-16 14:39:18,148 - INFO - EXCLUIR: emp62_H_202404_full_N0_20240427_023422.zip
2025-08-16 14:39:18,152 - INFO - EXCLUIR: emp62_H_202404_full_N0_20240428_023028.zip
2025-08-16 14:39:18,157 - INFO - EXCLUIR: emp62_H_202404_full_N0_20240429_022915.zip
2025-08-16 14:39:18,162 - INFO - EXCLUIR: emp62_H_202404_full_N0_20240430_023419.zip
2025-08-16 14:39:18,166 - INFO - EXCLUIR: emp62_H_202404_full_N0_20240501_023434.zip
2025-08-16 14:39:18,171 - INFO - 
--- Grupo: emp62_H_202405 (26 arquivos) ---
2025-08-16 14:39:18,175 - INFO - MANTER: emp62_H_202405_full_N0_20240915_115904.zip
2025-08-16 14:39:18,180 - INFO - EXCLUIR: emp62_H_202405_full_N0_20240502_022423.zip
2025-08-16 14:39:18,185 - INFO - EXCLUIR: emp62_H_202405_full_N0_20240503_023007.zip
2025-08-16 14:39:18,200 - INFO - EXCLUIR: emp62_H_202405_full_N0_20240504_022936.zip
2025-08-16 14:39:18,207 - INFO - EXCLUIR: emp62_H_202405_full_N0_20240505_022422.zip
2025-08-16 14:39:18,212 - INFO - EXCLUIR: emp62_H_202405_full_N0_20240506_022506.zip
2025-08-16 14:39:18,222 - INFO - EXCLUIR: emp62_H_202405_full_N0_20240507_022948.zip
2025-08-16 14:39:18,227 - INFO - EXCLUIR: emp62_H_202405_full_N0_20240508_022426.zip
2025-08-16 14:39:18,232 - INFO - EXCLUIR: emp62_H_202405_full_N0_20240509_023017.zip
2025-08-16 14:39:18,237 - INFO - EXCLUIR: emp62_H_202405_full_N0_20240510_022942.zip
2025-08-16 14:39:18,243 - INFO - EXCLUIR: emp62_H_202405_full_N0_20240511_022429.zip
2025-08-16 14:39:18,250 - INFO - EXCLUIR: emp62_H_202405_full_N0_20240512_023030.zip
2025-08-16 14:39:18,257 - INFO - EXCLUIR: emp62_H_202405_full_N0_20240519_023126.zip
2025-08-16 14:39:18,262 - INFO - EXCLUIR: emp62_H_202405_full_N0_20240520_023146.zip
2025-08-16 14:39:18,268 - INFO - EXCLUIR: emp62_H_202405_full_N0_20240521_023225.zip
2025-08-16 14:39:18,285 - INFO - EXCLUIR: emp62_H_202405_full_N0_20240522_023240.zip
2025-08-16 14:39:18,296 - INFO - EXCLUIR: emp62_H_202405_full_N0_20240523_023300.zip
2025-08-16 14:39:18,304 - INFO - EXCLUIR: emp62_H_202405_full_N0_20240524_023315.zip
2025-08-16 14:39:18,322 - INFO - EXCLUIR: emp62_H_202405_full_N0_20240525_023314.zip
2025-08-16 14:39:18,328 - INFO - EXCLUIR: emp62_H_202405_full_N0_20240526_023259.zip
2025-08-16 14:39:18,333 - INFO - EXCLUIR: emp62_H_202405_full_N0_20240527_023329.zip
2025-08-16 14:39:18,339 - INFO - EXCLUIR: emp62_H_202405_full_N0_20240528_023347.zip
2025-08-16 14:39:18,349 - INFO - EXCLUIR: emp62_H_202405_full_N0_20240529_023219.zip
2025-08-16 14:39:18,355 - INFO - EXCLUIR: emp62_H_202405_full_N0_20240530_023330.zip
2025-08-16 14:39:18,362 - INFO - EXCLUIR: emp62_H_202405_full_N0_20240531_023359.zip
2025-08-16 14:39:18,366 - INFO - EXCLUIR: emp62_H_202405_full_N0_20240601_023401.zip
2025-08-16 14:39:18,372 - INFO - 
--- Grupo: emp62_H_202406 (31 arquivos) ---
2025-08-16 14:39:18,377 - INFO - MANTER: emp62_H_202406_full_N0_20240915_115903.zip
2025-08-16 14:39:18,382 - INFO - EXCLUIR: emp62_H_202406_full_N0_20240602_022941.zip
2025-08-16 14:39:18,387 - INFO - EXCLUIR: emp62_H_202406_full_N0_20240603_023035.zip
2025-08-16 14:39:18,404 - INFO - EXCLUIR: emp62_H_202406_full_N0_20240604_022531.zip
2025-08-16 14:39:18,408 - INFO - EXCLUIR: emp62_H_202406_full_N0_20240605_023036.zip
2025-08-16 14:39:18,414 - INFO - EXCLUIR: emp62_H_202406_full_N0_20240606_023047.zip
2025-08-16 14:39:18,419 - INFO - EXCLUIR: emp62_H_202406_full_N0_20240607_022909.zip
2025-08-16 14:39:18,425 - INFO - EXCLUIR: emp62_H_202406_full_N0_20240608_023052.zip
2025-08-16 14:39:18,430 - INFO - EXCLUIR: emp62_H_202406_full_N0_20240609_023113.zip
2025-08-16 14:39:18,434 - INFO - EXCLUIR: emp62_H_202406_full_N0_20240610_023122.zip
2025-08-16 14:39:18,439 - INFO - EXCLUIR: emp62_H_202406_full_N0_20240611_022909.zip
2025-08-16 14:39:18,444 - INFO - EXCLUIR: emp62_H_202406_full_N0_20240612_023148.zip
2025-08-16 14:39:18,449 - INFO - EXCLUIR: emp62_H_202406_full_N0_20240613_023200.zip
2025-08-16 14:39:18,454 - INFO - EXCLUIR: emp62_H_202406_full_N0_20240614_023143.zip
2025-08-16 14:39:18,461 - INFO - EXCLUIR: emp62_H_202406_full_N0_20240615_023210.zip
2025-08-16 14:39:18,466 - INFO - EXCLUIR: emp62_H_202406_full_N0_20240616_022709.zip
2025-08-16 14:39:18,472 - INFO - EXCLUIR: emp62_H_202406_full_N0_20240617_023251.zip
2025-08-16 14:39:18,480 - INFO - EXCLUIR: emp62_H_202406_full_N0_20240618_023307.zip
2025-08-16 14:39:18,486 - INFO - EXCLUIR: emp62_H_202406_full_N0_20240619_022739.zip
2025-08-16 14:39:18,491 - INFO - EXCLUIR: emp62_H_202406_full_N0_20240620_023257.zip
2025-08-16 14:39:18,499 - INFO - EXCLUIR: emp62_H_202406_full_N0_20240621_023206.zip
2025-08-16 14:39:18,504 - INFO - EXCLUIR: emp62_H_202406_full_N0_20240622_022849.zip
2025-08-16 14:39:18,510 - INFO - EXCLUIR: emp62_H_202406_full_N0_20240623_023407.zip
2025-08-16 14:39:18,516 - INFO - EXCLUIR: emp62_H_202406_full_N0_20240624_023412.zip
2025-08-16 14:39:18,522 - INFO - EXCLUIR: emp62_H_202406_full_N0_20240625_022934.zip
2025-08-16 14:39:18,527 - INFO - EXCLUIR: emp62_H_202406_full_N0_20240626_023514.zip
2025-08-16 14:39:18,533 - INFO - EXCLUIR: emp62_H_202406_full_N0_20240627_023459.zip
2025-08-16 14:39:18,539 - INFO - EXCLUIR: emp62_H_202406_full_N0_20240628_023555.zip
2025-08-16 14:39:18,545 - INFO - EXCLUIR: emp62_H_202406_full_N0_20240629_023522.zip
2025-08-16 14:39:18,552 - INFO - EXCLUIR: emp62_H_202406_full_N0_20240630_023548.zip
2025-08-16 14:39:18,562 - INFO - EXCLUIR: emp62_H_202406_full_N0_20240701_023553.zip
2025-08-16 14:39:18,588 - INFO - 
--- Grupo: emp62_H_202407 (32 arquivos) ---
2025-08-16 14:39:18,615 - INFO - MANTER: emp62_H_202407_full_N0_20240915_115903.zip
2025-08-16 14:39:18,627 - INFO - EXCLUIR: emp62_H_202407_full_N0_20240702_023039.zip
2025-08-16 14:39:18,633 - INFO - EXCLUIR: emp62_H_202407_full_N0_20240703_022906.zip
2025-08-16 14:39:18,639 - INFO - EXCLUIR: emp62_H_202407_full_N0_20240704_023100.zip
2025-08-16 14:39:18,645 - INFO - EXCLUIR: emp62_H_202407_full_N0_20240705_023132.zip
2025-08-16 14:39:18,653 - INFO - EXCLUIR: emp62_H_202407_full_N0_20240706_023121.zip
2025-08-16 14:39:18,659 - INFO - EXCLUIR: emp62_H_202407_full_N0_20240707_022546.zip
2025-08-16 14:39:18,667 - INFO - EXCLUIR: emp62_H_202407_full_N0_20240708_023145.zip
2025-08-16 14:39:18,672 - INFO - EXCLUIR: emp62_H_202407_full_N0_20240709_023153.zip
2025-08-16 14:39:18,678 - INFO - EXCLUIR: emp62_H_202407_full_N0_20240710_022944.zip
2025-08-16 14:39:18,684 - INFO - EXCLUIR: emp62_H_202407_full_N0_20240711_023154.zip
2025-08-16 14:39:18,689 - INFO - EXCLUIR: emp62_H_202407_full_N0_20240712_023300.zip
2025-08-16 14:39:18,694 - INFO - EXCLUIR: emp62_H_202407_full_N0_20240713_022853.zip
2025-08-16 14:39:18,702 - INFO - EXCLUIR: emp62_H_202407_full_N0_20240714_023223.zip
2025-08-16 14:39:18,707 - INFO - EXCLUIR: emp62_H_202407_full_N0_20240715_023353.zip
2025-08-16 14:39:18,712 - INFO - EXCLUIR: emp62_H_202407_full_N0_20240716_023014.zip
2025-08-16 14:39:18,717 - INFO - EXCLUIR: emp62_H_202407_full_N0_20240717_023454.zip
2025-08-16 14:39:18,722 - INFO - EXCLUIR: emp62_H_202407_full_N0_20240718_023320.zip
2025-08-16 14:39:18,727 - INFO - EXCLUIR: emp62_H_202407_full_N0_20240719_023039.zip
2025-08-16 14:39:18,732 - INFO - EXCLUIR: emp62_H_202407_full_N0_20240720_023444.zip
2025-08-16 14:39:18,737 - INFO - EXCLUIR: emp62_H_202407_full_N0_20240721_023432.zip
2025-08-16 14:39:18,742 - INFO - EXCLUIR: emp62_H_202407_full_N0_20240722_022949.zip
2025-08-16 14:39:18,747 - INFO - EXCLUIR: emp62_H_202407_full_N0_20240723_023500.zip
2025-08-16 14:39:18,752 - INFO - EXCLUIR: emp62_H_202407_full_N0_20240724_023502.zip
2025-08-16 14:39:18,759 - INFO - EXCLUIR: emp62_H_202407_full_N0_20240725_023159.zip
2025-08-16 14:39:18,764 - INFO - EXCLUIR: emp62_H_202407_full_N0_20240726_023532.zip
2025-08-16 14:39:18,772 - INFO - EXCLUIR: emp62_H_202407_full_N0_20240727_023527.zip
2025-08-16 14:39:18,778 - INFO - EXCLUIR: emp62_H_202407_full_N0_20240728_022942.zip
2025-08-16 14:39:18,783 - INFO - EXCLUIR: emp62_H_202407_full_N0_20240729_023633.zip
2025-08-16 14:39:18,788 - INFO - EXCLUIR: emp62_H_202407_full_N0_20240730_023632.zip
2025-08-16 14:39:18,794 - INFO - EXCLUIR: emp62_H_202407_full_N0_20240731_023216.zip
2025-08-16 14:39:18,799 - INFO - EXCLUIR: emp62_H_202407_full_N0_20240801_023714.zip
2025-08-16 14:39:18,807 - INFO - 
--- Grupo: emp62_H_202408 (32 arquivos) ---
2025-08-16 14:39:18,813 - INFO - MANTER: emp62_H_202408_full_N0_20240915_115904.zip
2025-08-16 14:39:18,819 - INFO - EXCLUIR: emp62_H_202408_full_N0_20240802_023057.zip
2025-08-16 14:39:18,824 - INFO - EXCLUIR: emp62_H_202408_full_N0_20240803_023125.zip
2025-08-16 14:39:18,830 - INFO - EXCLUIR: emp62_H_202408_full_N0_20240804_023137.zip
2025-08-16 14:39:18,835 - INFO - EXCLUIR: emp62_H_202408_full_N0_20240805_023156.zip
2025-08-16 14:39:18,840 - INFO - EXCLUIR: emp62_H_202408_full_N0_20240806_023139.zip
2025-08-16 14:39:18,846 - INFO - EXCLUIR: emp62_H_202408_full_N0_20240807_023016.zip
2025-08-16 14:39:18,851 - INFO - EXCLUIR: emp62_H_202408_full_N0_20240808_022729.zip
2025-08-16 14:39:18,857 - INFO - EXCLUIR: emp62_H_202408_full_N0_20240809_023224.zip
2025-08-16 14:39:18,862 - INFO - EXCLUIR: emp62_H_202408_full_N0_20240810_023212.zip
2025-08-16 14:39:18,868 - INFO - EXCLUIR: emp62_H_202408_full_N0_20240811_023211.zip
2025-08-16 14:39:18,874 - INFO - EXCLUIR: emp62_H_202408_full_N0_20240812_023206.zip
2025-08-16 14:39:18,879 - INFO - EXCLUIR: emp62_H_202408_full_N0_20240813_023315.zip
2025-08-16 14:39:18,884 - INFO - EXCLUIR: emp62_H_202408_full_N0_20240814_023310.zip
2025-08-16 14:39:18,894 - INFO - EXCLUIR: emp62_H_202408_full_N0_20240815_023344.zip
2025-08-16 14:39:18,899 - INFO - EXCLUIR: emp62_H_202408_full_N0_20240816_023317.zip
2025-08-16 14:39:18,909 - INFO - EXCLUIR: emp62_H_202408_full_N0_20240817_023315.zip
2025-08-16 14:39:18,915 - INFO - EXCLUIR: emp62_H_202408_full_N0_20240818_023305.zip
2025-08-16 14:39:18,925 - INFO - EXCLUIR: emp62_H_202408_full_N0_20240819_023327.zip
2025-08-16 14:39:18,940 - INFO - EXCLUIR: emp62_H_202408_full_N0_20240820_023026.zip
2025-08-16 14:39:18,945 - INFO - EXCLUIR: emp62_H_202408_full_N0_20240821_023456.zip
2025-08-16 14:39:18,949 - INFO - EXCLUIR: emp62_H_202408_full_N0_20240822_023448.zip
2025-08-16 14:39:18,953 - INFO - EXCLUIR: emp62_H_202408_full_N0_20240823_023521.zip
2025-08-16 14:39:18,959 - INFO - EXCLUIR: emp62_H_202408_full_N0_20240824_023545.zip
2025-08-16 14:39:18,965 - INFO - EXCLUIR: emp62_H_202408_full_N0_20240825_023544.zip
2025-08-16 14:39:18,969 - INFO - EXCLUIR: emp62_H_202408_full_N0_20240826_022939.zip
2025-08-16 14:39:18,975 - INFO - EXCLUIR: emp62_H_202408_full_N0_20240827_023614.zip
2025-08-16 14:39:18,980 - INFO - EXCLUIR: emp62_H_202408_full_N0_20240828_023612.zip
2025-08-16 14:39:18,987 - INFO - EXCLUIR: emp62_H_202408_full_N0_20240829_023638.zip
2025-08-16 14:39:18,993 - INFO - EXCLUIR: emp62_H_202408_full_N0_20240830_023652.zip
2025-08-16 14:39:18,999 - INFO - EXCLUIR: emp62_H_202408_full_N0_20240831_023640.zip
2025-08-16 14:39:19,009 - INFO - EXCLUIR: emp62_H_202408_full_N0_20240901_023253.zip
2025-08-16 14:39:19,015 - INFO - 
--- Grupo: emp62_H_202409 (18 arquivos) ---
2025-08-16 14:39:19,020 - INFO - MANTER: emp62_H_202409_full_N0_20241001_020503.zip
2025-08-16 14:39:19,028 - INFO - EXCLUIR: emp62_H_202409_full_N0_20240902_023129.zip
2025-08-16 14:39:19,034 - INFO - EXCLUIR: emp62_H_202409_full_N0_20240903_023136.zip
2025-08-16 14:39:19,040 - INFO - EXCLUIR: emp62_H_202409_full_N0_20240904_022520.zip
2025-08-16 14:39:19,045 - INFO - EXCLUIR: emp62_H_202409_full_N0_20240905_023219.zip
2025-08-16 14:39:19,051 - INFO - EXCLUIR: emp62_H_202409_full_N0_20240906_023243.zip
2025-08-16 14:39:19,056 - INFO - EXCLUIR: emp62_H_202409_full_N0_20240907_022708.zip
2025-08-16 14:39:19,063 - INFO - EXCLUIR: emp62_H_202409_full_N0_20240908_023241.zip
2025-08-16 14:39:19,068 - INFO - EXCLUIR: emp62_H_202409_full_N0_20240909_023222.zip
2025-08-16 14:39:19,072 - INFO - EXCLUIR: emp62_H_202409_full_N0_20240910_022528.zip
2025-08-16 14:39:19,078 - INFO - EXCLUIR: emp62_H_202409_full_N0_20240911_023240.zip
2025-08-16 14:39:19,082 - INFO - EXCLUIR: emp62_H_202409_full_N0_20240912_023346.zip
2025-08-16 14:39:19,090 - INFO - EXCLUIR: emp62_H_202409_full_N0_20240913_022742.zip
2025-08-16 14:39:19,094 - INFO - EXCLUIR: emp62_H_202409_full_N0_20240914_023428.zip
2025-08-16 14:39:19,099 - INFO - EXCLUIR: emp62_H_202409_full_N0_20240915_023411.zip
2025-08-16 14:39:19,103 - INFO - EXCLUIR: emp62_H_202409_full_N0_20240928_020430.zip
2025-08-16 14:39:19,113 - INFO - EXCLUIR: emp62_H_202409_full_N0_20240929_020220.zip
2025-08-16 14:39:19,118 - INFO - EXCLUIR: emp62_H_202409_full_N0_20240930_020224.zip
2025-08-16 14:39:19,123 - INFO - 
--- Grupo: emp62_H_202410 (28 arquivos) ---
2025-08-16 14:39:19,130 - INFO - MANTER: emp62_H_202410_full_N0_20241101_014640.zip
2025-08-16 14:39:19,135 - INFO - EXCLUIR: emp62_H_202410_full_N0_20241002_020009.zip
2025-08-16 14:39:19,151 - INFO - EXCLUIR: emp62_H_202410_full_N0_20241003_020111.zip
2025-08-16 14:39:19,159 - INFO - EXCLUIR: emp62_H_202410_full_N0_20241004_020137.zip
2025-08-16 14:39:19,164 - INFO - EXCLUIR: emp62_H_202410_full_N0_20241005_015937.zip
2025-08-16 14:39:19,170 - INFO - EXCLUIR: emp62_H_202410_full_N0_20241006_015911.zip
2025-08-16 14:39:19,175 - INFO - EXCLUIR: emp62_H_202410_full_N0_20241007_015902.zip
2025-08-16 14:39:19,180 - INFO - EXCLUIR: emp62_H_202410_full_N0_20241008_020029.zip
2025-08-16 14:39:19,187 - INFO - EXCLUIR: emp62_H_202410_full_N0_20241009_020228.zip
2025-08-16 14:39:19,193 - INFO - EXCLUIR: emp62_H_202410_full_N0_20241010_015945.zip
2025-08-16 14:39:19,198 - INFO - EXCLUIR: emp62_H_202410_full_N0_20241011_015735.zip
2025-08-16 14:39:19,206 - INFO - EXCLUIR: emp62_H_202410_full_N0_20241012_015815.zip
2025-08-16 14:39:19,213 - INFO - EXCLUIR: emp62_H_202410_full_N0_20241013_015815.zip
2025-08-16 14:39:19,223 - INFO - EXCLUIR: emp62_H_202410_full_N0_20241014_015813.zip
2025-08-16 14:39:19,230 - INFO - EXCLUIR: emp62_H_202410_full_N0_20241015_015732.zip
2025-08-16 14:39:19,235 - INFO - EXCLUIR: emp62_H_202410_full_N0_20241016_020547.zip
2025-08-16 14:39:19,240 - INFO - EXCLUIR: emp62_H_202410_full_N0_20241017_015800.zip
2025-08-16 14:39:19,245 - INFO - EXCLUIR: emp62_H_202410_full_N0_20241018_015918.zip
2025-08-16 14:39:19,250 - INFO - EXCLUIR: emp62_H_202410_full_N0_20241019_015923.zip
2025-08-16 14:39:19,256 - INFO - EXCLUIR: emp62_H_202410_full_N0_20241020_015822.zip
2025-08-16 14:39:19,261 - INFO - EXCLUIR: emp62_H_202410_full_N0_20241021_015834.zip
2025-08-16 14:39:19,273 - INFO - EXCLUIR: emp62_H_202410_full_N0_20241022_020127.zip
2025-08-16 14:39:19,280 - INFO - EXCLUIR: emp62_H_202410_full_N0_20241023_020256.zip
2025-08-16 14:39:19,284 - INFO - EXCLUIR: emp62_H_202410_full_N0_20241024_020718.zip
2025-08-16 14:39:19,290 - INFO - EXCLUIR: emp62_H_202410_full_N0_20241025_020026.zip
2025-08-16 14:39:19,295 - INFO - EXCLUIR: emp62_H_202410_full_N0_20241026_020032.zip
2025-08-16 14:39:19,300 - INFO - EXCLUIR: emp62_H_202410_full_N0_20241027_015928.zip
2025-08-16 14:39:19,304 - INFO - EXCLUIR: emp62_H_202410_full_N0_20241028_015946.zip
2025-08-16 14:39:19,309 - INFO - 
--- Grupo: emp62_H_202411 (20 arquivos) ---
2025-08-16 14:39:19,317 - INFO - MANTER: emp62_H_202411_full_N0_20241201_014505.zip
2025-08-16 14:39:19,322 - INFO - EXCLUIR: emp62_H_202411_full_N0_20241111_014336.zip
2025-08-16 14:39:19,326 - INFO - EXCLUIR: emp62_H_202411_full_N0_20241113_014343.zip
2025-08-16 14:39:19,332 - INFO - EXCLUIR: emp62_H_202411_full_N0_20241114_014324.zip
2025-08-16 14:39:19,337 - INFO - EXCLUIR: emp62_H_202411_full_N0_20241115_014331.zip
2025-08-16 14:39:19,342 - INFO - EXCLUIR: emp62_H_202411_full_N0_20241116_014445.zip
2025-08-16 14:39:19,346 - INFO - EXCLUIR: emp62_H_202411_full_N0_20241117_014436.zip
2025-08-16 14:39:19,350 - INFO - EXCLUIR: emp62_H_202411_full_N0_20241118_031125.zip
2025-08-16 14:39:19,355 - INFO - EXCLUIR: emp62_H_202411_full_N0_20241119_014341.zip
2025-08-16 14:39:19,361 - INFO - EXCLUIR: emp62_H_202411_full_N0_20241120_014358.zip
2025-08-16 14:39:19,366 - INFO - EXCLUIR: emp62_H_202411_full_N0_20241121_014449.zip
2025-08-16 14:39:19,373 - INFO - EXCLUIR: emp62_H_202411_full_N0_20241122_014416.zip
2025-08-16 14:39:19,377 - INFO - EXCLUIR: emp62_H_202411_full_N0_20241123_014410.zip
2025-08-16 14:39:19,391 - INFO - EXCLUIR: emp62_H_202411_full_N0_20241124_014404.zip
2025-08-16 14:39:19,397 - INFO - EXCLUIR: emp62_H_202411_full_N0_20241125_014404.zip
2025-08-16 14:39:19,402 - INFO - EXCLUIR: emp62_H_202411_full_N0_20241126_014420.zip
2025-08-16 14:39:19,406 - INFO - EXCLUIR: emp62_H_202411_full_N0_20241127_014449.zip
2025-08-16 14:39:19,410 - INFO - EXCLUIR: emp62_H_202411_full_N0_20241128_014453.zip
2025-08-16 14:39:19,422 - INFO - EXCLUIR: emp62_H_202411_full_N0_20241129_014502.zip
2025-08-16 14:39:19,427 - INFO - EXCLUIR: emp62_H_202411_full_N0_20241130_014517.zip
2025-08-16 14:39:19,432 - INFO - 
--- Grupo: emp62_H_202412 (30 arquivos) ---
2025-08-16 14:39:19,436 - INFO - MANTER: emp62_H_202412_full_N0_20250101_014611.zip
2025-08-16 14:39:19,443 - INFO - EXCLUIR: emp62_H_202412_full_N0_20241202_014249.zip
2025-08-16 14:39:19,448 - INFO - EXCLUIR: emp62_H_202412_full_N0_20241203_014304.zip
2025-08-16 14:39:19,453 - INFO - EXCLUIR: emp62_H_202412_full_N0_20241204_014334.zip
2025-08-16 14:39:19,462 - INFO - EXCLUIR: emp62_H_202412_full_N0_20241205_014354.zip
2025-08-16 14:39:19,467 - INFO - EXCLUIR: emp62_H_202412_full_N0_20241206_014359.zip
2025-08-16 14:39:19,473 - INFO - EXCLUIR: emp62_H_202412_full_N0_20241207_014414.zip
2025-08-16 14:39:19,477 - INFO - EXCLUIR: emp62_H_202412_full_N0_20241208_014333.zip
2025-08-16 14:39:19,482 - INFO - EXCLUIR: emp62_H_202412_full_N0_20241209_014337.zip
2025-08-16 14:39:19,487 - INFO - EXCLUIR: emp62_H_202412_full_N0_20241210_014352.zip
2025-08-16 14:39:19,497 - INFO - EXCLUIR: emp62_H_202412_full_N0_20241211_014436.zip
2025-08-16 14:39:19,502 - INFO - EXCLUIR: emp62_H_202412_full_N0_20241212_014415.zip
2025-08-16 14:39:19,506 - INFO - EXCLUIR: emp62_H_202412_full_N0_20241213_014446.zip
2025-08-16 14:39:19,512 - INFO - EXCLUIR: emp62_H_202412_full_N0_20241214_014431.zip
2025-08-16 14:39:19,516 - INFO - EXCLUIR: emp62_H_202412_full_N0_20241215_014447.zip
2025-08-16 14:39:19,525 - INFO - EXCLUIR: emp62_H_202412_full_N0_20241217_014510.zip
2025-08-16 14:39:19,531 - INFO - EXCLUIR: emp62_H_202412_full_N0_20241218_014510.zip
2025-08-16 14:39:19,538 - INFO - EXCLUIR: emp62_H_202412_full_N0_20241219_014525.zip
2025-08-16 14:39:19,542 - INFO - EXCLUIR: emp62_H_202412_full_N0_20241220_014546.zip
2025-08-16 14:39:19,549 - INFO - EXCLUIR: emp62_H_202412_full_N0_20241221_014554.zip
2025-08-16 14:39:19,554 - INFO - EXCLUIR: emp62_H_202412_full_N0_20241222_014546.zip
2025-08-16 14:39:19,558 - INFO - EXCLUIR: emp62_H_202412_full_N0_20241223_014605.zip
2025-08-16 14:39:19,563 - INFO - EXCLUIR: emp62_H_202412_full_N0_20241224_014540.zip
2025-08-16 14:39:19,567 - INFO - EXCLUIR: emp62_H_202412_full_N0_20241225_014630.zip
2025-08-16 14:39:19,572 - INFO - EXCLUIR: emp62_H_202412_full_N0_20241226_014602.zip
2025-08-16 14:39:19,578 - INFO - EXCLUIR: emp62_H_202412_full_N0_20241227_014631.zip
2025-08-16 14:39:19,582 - INFO - EXCLUIR: emp62_H_202412_full_N0_20241228_014644.zip
2025-08-16 14:39:19,587 - INFO - EXCLUIR: emp62_H_202412_full_N0_20241229_014546.zip
2025-08-16 14:39:19,591 - INFO - EXCLUIR: emp62_H_202412_full_N0_20241230_014631.zip
2025-08-16 14:39:19,596 - INFO - EXCLUIR: emp62_H_202412_full_N0_20241231_014545.zip
2025-08-16 14:39:19,603 - INFO - 
--- Grupo: emp62_H_202501 (29 arquivos) ---
2025-08-16 14:39:19,607 - INFO - MANTER: emp62_H_202501_full_N0_20250201_014727.zip
2025-08-16 14:39:19,616 - INFO - EXCLUIR: emp62_H_202501_full_N0_20250102_014336.zip
2025-08-16 14:39:19,623 - INFO - EXCLUIR: emp62_H_202501_full_N0_20250103_014335.zip
2025-08-16 14:39:19,628 - INFO - EXCLUIR: emp62_H_202501_full_N0_20250104_014410.zip
2025-08-16 14:39:19,633 - INFO - EXCLUIR: emp62_H_202501_full_N0_20250105_014351.zip
2025-08-16 14:39:19,640 - INFO - EXCLUIR: emp62_H_202501_full_N0_20250106_014346.zip
2025-08-16 14:39:19,644 - INFO - EXCLUIR: emp62_H_202501_full_N0_20250107_014359.zip
2025-08-16 14:39:19,650 - INFO - EXCLUIR: emp62_H_202501_full_N0_20250108_014522.zip
2025-08-16 14:39:19,654 - INFO - EXCLUIR: emp62_H_202501_full_N0_20250109_014421.zip
2025-08-16 14:39:19,659 - INFO - EXCLUIR: emp62_H_202501_full_N0_20250110_014435.zip
2025-08-16 14:39:19,663 - INFO - EXCLUIR: emp62_H_202501_full_N0_20250111_014453.zip
2025-08-16 14:39:19,668 - INFO - EXCLUIR: emp62_H_202501_full_N0_20250112_014601.zip
2025-08-16 14:39:19,673 - INFO - EXCLUIR: emp62_H_202501_full_N0_20250114_223337.zip
2025-08-16 14:39:19,678 - INFO - EXCLUIR: emp62_H_202501_full_N0_20250116_014507.zip
2025-08-16 14:39:19,682 - INFO - EXCLUIR: emp62_H_202501_full_N0_20250117_014454.zip
2025-08-16 14:39:19,687 - INFO - EXCLUIR: emp62_H_202501_full_N0_20250118_014510.zip
2025-08-16 14:39:19,692 - INFO - EXCLUIR: emp62_H_202501_full_N0_20250119_014505.zip
2025-08-16 14:39:19,696 - INFO - EXCLUIR: emp62_H_202501_full_N0_20250120_014525.zip
2025-08-16 14:39:19,701 - INFO - EXCLUIR: emp62_H_202501_full_N0_20250121_014512.zip
2025-08-16 14:39:19,705 - INFO - EXCLUIR: emp62_H_202501_full_N0_20250122_014648.zip
2025-08-16 14:39:19,709 - INFO - EXCLUIR: emp62_H_202501_full_N0_20250123_014528.zip
2025-08-16 14:39:19,713 - INFO - EXCLUIR: emp62_H_202501_full_N0_20250124_014535.zip
2025-08-16 14:39:19,717 - INFO - EXCLUIR: emp62_H_202501_full_N0_20250125_014546.zip
2025-08-16 14:39:19,721 - INFO - EXCLUIR: emp62_H_202501_full_N0_20250126_014534.zip
2025-08-16 14:39:19,727 - INFO - EXCLUIR: emp62_H_202501_full_N0_20250127_014555.zip
2025-08-16 14:39:19,731 - INFO - EXCLUIR: emp62_H_202501_full_N0_20250128_014609.zip
2025-08-16 14:39:19,736 - INFO - EXCLUIR: emp62_H_202501_full_N0_20250129_014856.zip
2025-08-16 14:39:19,742 - INFO - EXCLUIR: emp62_H_202501_full_N0_20250130_014700.zip
2025-08-16 14:39:19,746 - INFO - EXCLUIR: emp62_H_202501_full_N0_20250131_014657.zip
2025-08-16 14:39:19,751 - INFO - 
--- Grupo: emp62_H_202502 (28 arquivos) ---
2025-08-16 14:39:19,756 - INFO - MANTER: emp62_H_202502_full_N0_20250301_014832.zip
2025-08-16 14:39:19,760 - INFO - EXCLUIR: emp62_H_202502_full_N0_20250202_014624.zip
2025-08-16 14:39:19,764 - INFO - EXCLUIR: emp62_H_202502_full_N0_20250203_014545.zip
2025-08-16 14:39:19,769 - INFO - EXCLUIR: emp62_H_202502_full_N0_20250204_014457.zip
2025-08-16 14:39:19,773 - INFO - EXCLUIR: emp62_H_202502_full_N0_20250205_014443.zip
2025-08-16 14:39:19,777 - INFO - EXCLUIR: emp62_H_202502_full_N0_20250206_014632.zip
2025-08-16 14:39:19,781 - INFO - EXCLUIR: emp62_H_202502_full_N0_20250207_014532.zip
2025-08-16 14:39:19,785 - INFO - EXCLUIR: emp62_H_202502_full_N0_20250208_014608.zip
2025-08-16 14:39:19,789 - INFO - EXCLUIR: emp62_H_202502_full_N0_20250209_014659.zip
2025-08-16 14:39:19,794 - INFO - EXCLUIR: emp62_H_202502_full_N0_20250210_014644.zip
2025-08-16 14:39:19,799 - INFO - EXCLUIR: emp62_H_202502_full_N0_20250211_014553.zip
2025-08-16 14:39:19,802 - INFO - EXCLUIR: emp62_H_202502_full_N0_20250212_014516.zip
2025-08-16 14:39:19,807 - INFO - EXCLUIR: emp62_H_202502_full_N0_20250213_014614.zip
2025-08-16 14:39:19,811 - INFO - EXCLUIR: emp62_H_202502_full_N0_20250214_014653.zip
2025-08-16 14:39:19,816 - INFO - EXCLUIR: emp62_H_202502_full_N0_20250215_014554.zip
2025-08-16 14:39:19,821 - INFO - EXCLUIR: emp62_H_202502_full_N0_20250216_014645.zip
2025-08-16 14:39:19,828 - INFO - EXCLUIR: emp62_H_202502_full_N0_20250217_014548.zip
2025-08-16 14:39:19,834 - INFO - EXCLUIR: emp62_H_202502_full_N0_20250218_014706.zip
2025-08-16 14:39:19,840 - INFO - EXCLUIR: emp62_H_202502_full_N0_20250219_014653.zip
2025-08-16 14:39:19,847 - INFO - EXCLUIR: emp62_H_202502_full_N0_20250220_014635.zip
2025-08-16 14:39:19,852 - INFO - EXCLUIR: emp62_H_202502_full_N0_20250221_014900.zip
2025-08-16 14:39:19,857 - INFO - EXCLUIR: emp62_H_202502_full_N0_20250222_014732.zip
2025-08-16 14:39:19,861 - INFO - EXCLUIR: emp62_H_202502_full_N0_20250223_014806.zip
2025-08-16 14:39:19,866 - INFO - EXCLUIR: emp62_H_202502_full_N0_20250224_014816.zip
2025-08-16 14:39:19,871 - INFO - EXCLUIR: emp62_H_202502_full_N0_20250225_014653.zip
2025-08-16 14:39:19,876 - INFO - EXCLUIR: emp62_H_202502_full_N0_20250226_014807.zip
2025-08-16 14:39:19,885 - INFO - EXCLUIR: emp62_H_202502_full_N0_20250227_014758.zip
2025-08-16 14:39:19,891 - INFO - EXCLUIR: emp62_H_202502_full_N0_20250228_014953.zip
2025-08-16 14:39:19,898 - INFO - 
--- Grupo: emp62_H_202503 (31 arquivos) ---
2025-08-16 14:39:19,903 - INFO - MANTER: emp62_H_202503_full_N0_20250401_015017.zip
2025-08-16 14:39:19,909 - INFO - EXCLUIR: emp62_H_202503_full_N0_20250302_014554.zip
2025-08-16 14:39:19,913 - INFO - EXCLUIR: emp62_H_202503_full_N0_20250303_014518.zip
2025-08-16 14:39:19,919 - INFO - EXCLUIR: emp62_H_202503_full_N0_20250304_014453.zip
2025-08-16 14:39:19,924 - INFO - EXCLUIR: emp62_H_202503_full_N0_20250305_014559.zip
2025-08-16 14:39:19,933 - INFO - EXCLUIR: emp62_H_202503_full_N0_20250306_014845.zip
2025-08-16 14:39:19,938 - INFO - EXCLUIR: emp62_H_202503_full_N0_20250307_014651.zip
2025-08-16 14:39:19,943 - INFO - EXCLUIR: emp62_H_202503_full_N0_20250308_014543.zip
2025-08-16 14:39:19,949 - INFO - EXCLUIR: emp62_H_202503_full_N0_20250309_014733.zip
2025-08-16 14:39:19,953 - INFO - EXCLUIR: emp62_H_202503_full_N0_20250310_014713.zip
2025-08-16 14:39:19,959 - INFO - EXCLUIR: emp62_H_202503_full_N0_20250311_014617.zip
2025-08-16 14:39:19,964 - INFO - EXCLUIR: emp62_H_202503_full_N0_20250312_014742.zip
2025-08-16 14:39:19,973 - INFO - EXCLUIR: emp62_H_202503_full_N0_20250313_014611.zip
2025-08-16 14:39:19,981 - INFO - EXCLUIR: emp62_H_202503_full_N0_20250314_014640.zip
2025-08-16 14:39:19,993 - INFO - EXCLUIR: emp62_H_202503_full_N0_20250315_014623.zip
2025-08-16 14:39:20,000 - INFO - EXCLUIR: emp62_H_202503_full_N0_20250316_014651.zip
2025-08-16 14:39:20,020 - INFO - EXCLUIR: emp62_H_202503_full_N0_20250317_014748.zip
2025-08-16 14:39:20,026 - INFO - EXCLUIR: emp62_H_202503_full_N0_20250318_014701.zip
2025-08-16 14:39:20,042 - INFO - EXCLUIR: emp62_H_202503_full_N0_20250319_014747.zip
2025-08-16 14:39:20,049 - INFO - EXCLUIR: emp62_H_202503_full_N0_20250320_014750.zip
2025-08-16 14:39:20,056 - INFO - EXCLUIR: emp62_H_202503_full_N0_20250321_014809.zip
2025-08-16 14:39:20,062 - INFO - EXCLUIR: emp62_H_202503_full_N0_20250322_014809.zip
2025-08-16 14:39:20,068 - INFO - EXCLUIR: emp62_H_202503_full_N0_20250323_014650.zip
2025-08-16 14:39:20,081 - INFO - EXCLUIR: emp62_H_202503_full_N0_20250324_014731.zip
2025-08-16 14:39:20,091 - INFO - EXCLUIR: emp62_H_202503_full_N0_20250325_014856.zip
2025-08-16 14:39:20,104 - INFO - EXCLUIR: emp62_H_202503_full_N0_20250326_014834.zip
2025-08-16 14:39:20,112 - INFO - EXCLUIR: emp62_H_202503_full_N0_20250327_015453.zip
2025-08-16 14:39:20,122 - INFO - EXCLUIR: emp62_H_202503_full_N0_20250328_014934.zip
2025-08-16 14:39:20,128 - INFO - EXCLUIR: emp62_H_202503_full_N0_20250329_015217.zip
2025-08-16 14:39:20,138 - INFO - EXCLUIR: emp62_H_202503_full_N0_20250330_015132.zip
2025-08-16 14:39:20,145 - INFO - EXCLUIR: emp62_H_202503_full_N0_20250331_014845.zip
2025-08-16 14:39:20,156 - INFO - 
--- Grupo: emp62_H_202504 (30 arquivos) ---
2025-08-16 14:39:20,161 - INFO - MANTER: emp62_H_202504_full_N0_20250501_020128.zip
2025-08-16 14:39:20,166 - INFO - EXCLUIR: emp62_H_202504_full_N0_20250402_014940.zip
2025-08-16 14:39:20,172 - INFO - EXCLUIR: emp62_H_202504_full_N0_20250403_014629.zip
2025-08-16 14:39:20,177 - INFO - EXCLUIR: emp62_H_202504_full_N0_20250404_014626.zip
2025-08-16 14:39:20,182 - INFO - EXCLUIR: emp62_H_202504_full_N0_20250405_014703.zip
2025-08-16 14:39:20,195 - INFO - EXCLUIR: emp62_H_202504_full_N0_20250406_014748.zip
2025-08-16 14:39:20,202 - INFO - EXCLUIR: emp62_H_202504_full_N0_20250407_014732.zip
2025-08-16 14:39:20,207 - INFO - EXCLUIR: emp62_H_202504_full_N0_20250408_015152.zip
2025-08-16 14:39:20,211 - INFO - EXCLUIR: emp62_H_202504_full_N0_20250409_014915.zip
2025-08-16 14:39:20,216 - INFO - EXCLUIR: emp62_H_202504_full_N0_20250410_014844.zip
2025-08-16 14:39:20,220 - INFO - EXCLUIR: emp62_H_202504_full_N0_20250411_015023.zip
2025-08-16 14:39:20,225 - INFO - EXCLUIR: emp62_H_202504_full_N0_20250412_015210.zip
2025-08-16 14:39:20,230 - INFO - EXCLUIR: emp62_H_202504_full_N0_20250413_014758.zip
2025-08-16 14:39:20,237 - INFO - EXCLUIR: emp62_H_202504_full_N0_20250414_014731.zip
2025-08-16 14:39:20,244 - INFO - EXCLUIR: emp62_H_202504_full_N0_20250415_014907.zip
2025-08-16 14:39:20,250 - INFO - EXCLUIR: emp62_H_202504_full_N0_20250416_015152.zip
2025-08-16 14:39:20,255 - INFO - EXCLUIR: emp62_H_202504_full_N0_20250417_015014.zip
2025-08-16 14:39:20,260 - INFO - EXCLUIR: emp62_H_202504_full_N0_20250418_014958.zip
2025-08-16 14:39:20,264 - INFO - EXCLUIR: emp62_H_202504_full_N0_20250419_015136.zip
2025-08-16 14:39:20,268 - INFO - EXCLUIR: emp62_H_202504_full_N0_20250420_015230.zip
2025-08-16 14:39:20,273 - INFO - EXCLUIR: emp62_H_202504_full_N0_20250421_014919.zip
2025-08-16 14:39:20,278 - INFO - EXCLUIR: emp62_H_202504_full_N0_20250422_014843.zip
2025-08-16 14:39:20,284 - INFO - EXCLUIR: emp62_H_202504_full_N0_20250423_015139.zip
2025-08-16 14:39:20,289 - INFO - EXCLUIR: emp62_H_202504_full_N0_20250424_015203.zip
2025-08-16 14:39:20,293 - INFO - EXCLUIR: emp62_H_202504_full_N0_20250425_014908.zip
2025-08-16 14:39:20,298 - INFO - EXCLUIR: emp62_H_202504_full_N0_20250426_014905.zip
2025-08-16 14:39:20,306 - INFO - EXCLUIR: emp62_H_202504_full_N0_20250427_014845.zip
2025-08-16 14:39:20,311 - INFO - EXCLUIR: emp62_H_202504_full_N0_20250428_014935.zip
2025-08-16 14:39:20,317 - INFO - EXCLUIR: emp62_H_202504_full_N0_20250429_014942.zip
2025-08-16 14:39:20,322 - INFO - EXCLUIR: emp62_H_202504_full_N0_20250430_015156.zip
2025-08-16 14:39:20,327 - INFO - 
--- Grupo: emp62_H_202505 (28 arquivos) ---
2025-08-16 14:39:20,331 - INFO - MANTER: emp62_H_202505_full_N0_20250601_014933.zip
2025-08-16 14:39:20,336 - INFO - EXCLUIR: emp62_H_202505_full_N0_20250502_014917.zip
2025-08-16 14:39:20,343 - INFO - EXCLUIR: emp62_H_202505_full_N0_20250503_015503.zip
2025-08-16 14:39:20,348 - INFO - EXCLUIR: emp62_H_202505_full_N0_20250504_015307.zip
2025-08-16 14:39:20,354 - INFO - EXCLUIR: emp62_H_202505_full_N0_20250505_015814.zip
2025-08-16 14:39:20,359 - INFO - EXCLUIR: emp62_H_202505_full_N0_20250507_015039.zip
2025-08-16 14:39:20,364 - INFO - EXCLUIR: emp62_H_202505_full_N0_20250509_015232.zip
2025-08-16 14:39:20,368 - INFO - EXCLUIR: emp62_H_202505_full_N0_20250510_015534.zip
2025-08-16 14:39:20,373 - INFO - EXCLUIR: emp62_H_202505_full_N0_20250511_015619.zip
2025-08-16 14:39:20,378 - INFO - EXCLUIR: emp62_H_202505_full_N0_20250512_015407.zip
2025-08-16 14:39:20,383 - INFO - EXCLUIR: emp62_H_202505_full_N0_20250513_015625.zip
2025-08-16 14:39:20,388 - INFO - EXCLUIR: emp62_H_202505_full_N0_20250514_015634.zip
2025-08-16 14:39:20,393 - INFO - EXCLUIR: emp62_H_202505_full_N0_20250515_015505.zip
2025-08-16 14:39:20,398 - INFO - EXCLUIR: emp62_H_202505_full_N0_20250516_015407.zip
2025-08-16 14:39:20,402 - INFO - EXCLUIR: emp62_H_202505_full_N0_20250517_015734.zip
2025-08-16 14:39:20,409 - INFO - EXCLUIR: emp62_H_202505_full_N0_20250518_015357.zip
2025-08-16 14:39:20,414 - INFO - EXCLUIR: emp62_H_202505_full_N0_20250519_015605.zip
2025-08-16 14:39:20,418 - INFO - EXCLUIR: emp62_H_202505_full_N0_20250520_015432.zip
2025-08-16 14:39:20,424 - INFO - EXCLUIR: emp62_H_202505_full_N0_20250521_015419.zip
2025-08-16 14:39:20,430 - INFO - EXCLUIR: emp62_H_202505_full_N0_20250522_015709.zip
2025-08-16 14:39:20,434 - INFO - EXCLUIR: emp62_H_202505_full_N0_20250523_015605.zip
2025-08-16 14:39:20,444 - INFO - EXCLUIR: emp62_H_202505_full_N0_20250524_015725.zip
2025-08-16 14:39:20,448 - INFO - EXCLUIR: emp62_H_202505_full_N0_20250525_015434.zip
2025-08-16 14:39:20,452 - INFO - EXCLUIR: emp62_H_202505_full_N0_20250526_015657.zip
2025-08-16 14:39:20,459 - INFO - EXCLUIR: emp62_H_202505_full_N0_20250527_015341.zip
2025-08-16 14:39:20,464 - INFO - EXCLUIR: emp62_H_202505_full_N0_20250528_015434.zip
2025-08-16 14:39:20,468 - INFO - EXCLUIR: emp62_H_202505_full_N0_20250529_015435.zip
2025-08-16 14:39:20,473 - INFO - EXCLUIR: emp62_H_202505_full_N0_20250531_015425.zip
2025-08-16 14:39:20,477 - INFO - 
--- Grupo: emp62_H_202506 (26 arquivos) ---
2025-08-16 14:39:20,483 - INFO - MANTER: emp62_H_202506_full_N0_20250701_015331.zip
2025-08-16 14:39:20,488 - INFO - EXCLUIR: emp62_H_202506_full_N0_20250602_014827.zip
2025-08-16 14:39:20,492 - INFO - EXCLUIR: emp62_H_202506_full_N0_20250603_015053.zip
2025-08-16 14:39:20,497 - INFO - EXCLUIR: emp62_H_202506_full_N0_20250604_015340.zip
2025-08-16 14:39:20,502 - INFO - EXCLUIR: emp62_H_202506_full_N0_20250605_014943.zip
2025-08-16 14:39:20,506 - INFO - EXCLUIR: emp62_H_202506_full_N0_20250606_015055.zip
2025-08-16 14:39:20,512 - INFO - EXCLUIR: emp62_H_202506_full_N0_20250607_015949.zip
2025-08-16 14:39:20,517 - INFO - EXCLUIR: emp62_H_202506_full_N0_20250608_015801.zip
2025-08-16 14:39:20,522 - INFO - EXCLUIR: emp62_H_202506_full_N0_20250609_015943.zip
2025-08-16 14:39:20,527 - INFO - EXCLUIR: emp62_H_202506_full_N0_20250610_020234.zip
2025-08-16 14:39:20,531 - INFO - EXCLUIR: emp62_H_202506_full_N0_20250612_014857.zip
2025-08-16 14:39:20,536 - INFO - EXCLUIR: emp62_H_202506_full_N0_20250613_015406.zip
2025-08-16 14:39:20,545 - INFO - EXCLUIR: emp62_H_202506_full_N0_20250614_015816.zip
2025-08-16 14:39:20,550 - INFO - EXCLUIR: emp62_H_202506_full_N0_20250615_015841.zip
2025-08-16 14:39:20,556 - INFO - EXCLUIR: emp62_H_202506_full_N0_20250617_014918.zip
2025-08-16 14:39:20,564 - INFO - EXCLUIR: emp62_H_202506_full_N0_20250618_014932.zip
2025-08-16 14:39:20,570 - INFO - EXCLUIR: emp62_H_202506_full_N0_20250619_014933.zip
2025-08-16 14:39:20,580 - INFO - EXCLUIR: emp62_H_202506_full_N0_20250620_015201.zip
2025-08-16 14:39:20,586 - INFO - EXCLUIR: emp62_H_202506_full_N0_20250621_015412.zip
2025-08-16 14:39:20,593 - INFO - EXCLUIR: emp62_H_202506_full_N0_20250622_020007.zip
2025-08-16 14:39:20,601 - INFO - EXCLUIR: emp62_H_202506_full_N0_20250624_015059.zip
2025-08-16 14:39:20,610 - INFO - EXCLUIR: emp62_H_202506_full_N0_20250625_015820.zip
2025-08-16 14:39:20,616 - INFO - EXCLUIR: emp62_H_202506_full_N0_20250626_020052.zip
2025-08-16 14:39:20,638 - INFO - EXCLUIR: emp62_H_202506_full_N0_20250628_015227.zip
2025-08-16 14:39:20,647 - INFO - EXCLUIR: emp62_H_202506_full_N0_20250629_015033.zip
2025-08-16 14:39:20,652 - INFO - EXCLUIR: emp62_H_202506_full_N0_20250630_015053.zip
2025-08-16 14:39:20,657 - INFO - 
--- Grupo: emp62_H_202507 (31 arquivos) ---
2025-08-16 14:39:20,664 - INFO - MANTER: emp62_H_202507_full_N0_20250801_015441.zip
2025-08-16 14:39:20,669 - INFO - EXCLUIR: emp62_H_202507_full_N0_20250702_015022.zip
2025-08-16 14:39:20,673 - INFO - EXCLUIR: emp62_H_202507_full_N0_20250703_014831.zip
2025-08-16 14:39:20,679 - INFO - EXCLUIR: emp62_H_202507_full_N0_20250704_014835.zip
2025-08-16 14:39:20,685 - INFO - EXCLUIR: emp62_H_202507_full_N0_20250705_015002.zip
2025-08-16 14:39:20,691 - INFO - EXCLUIR: emp62_H_202507_full_N0_20250706_014942.zip
2025-08-16 14:39:20,697 - INFO - EXCLUIR: emp62_H_202507_full_N0_20250707_014826.zip
2025-08-16 14:39:20,703 - INFO - EXCLUIR: emp62_H_202507_full_N0_20250708_014850.zip
2025-08-16 14:39:20,708 - INFO - EXCLUIR: emp62_H_202507_full_N0_20250709_014930.zip
2025-08-16 14:39:20,715 - INFO - EXCLUIR: emp62_H_202507_full_N0_20250710_015126.zip
2025-08-16 14:39:20,720 - INFO - EXCLUIR: emp62_H_202507_full_N0_20250711_014958.zip
2025-08-16 14:39:20,726 - INFO - EXCLUIR: emp62_H_202507_full_N0_20250712_015047.zip
2025-08-16 14:39:20,731 - INFO - EXCLUIR: emp62_H_202507_full_N0_20250713_015208.zip
2025-08-16 14:39:20,737 - INFO - EXCLUIR: emp62_H_202507_full_N0_20250714_015023.zip
2025-08-16 14:39:20,742 - INFO - EXCLUIR: emp62_H_202507_full_N0_20250715_015046.zip
2025-08-16 14:39:20,749 - INFO - EXCLUIR: emp62_H_202507_full_N0_20250716_015208.zip
2025-08-16 14:39:20,754 - INFO - EXCLUIR: emp62_H_202507_full_N0_20250717_015236.zip
2025-08-16 14:39:20,759 - INFO - EXCLUIR: emp62_H_202507_full_N0_20250718_015157.zip
2025-08-16 14:39:20,766 - INFO - EXCLUIR: emp62_H_202507_full_N0_20250719_015203.zip
2025-08-16 14:39:20,771 - INFO - EXCLUIR: emp62_H_202507_full_N0_20250720_015144.zip
2025-08-16 14:39:20,775 - INFO - EXCLUIR: emp62_H_202507_full_N0_20250721_015242.zip
2025-08-16 14:39:20,781 - INFO - EXCLUIR: emp62_H_202507_full_N0_20250722_015249.zip
2025-08-16 14:39:20,786 - INFO - EXCLUIR: emp62_H_202507_full_N0_20250723_015213.zip
2025-08-16 14:39:20,790 - INFO - EXCLUIR: emp62_H_202507_full_N0_20250724_015901.zip
2025-08-16 14:39:20,795 - INFO - EXCLUIR: emp62_H_202507_full_N0_20250725_015142.zip
2025-08-16 14:39:20,801 - INFO - EXCLUIR: emp62_H_202507_full_N0_20250726_015217.zip
2025-08-16 14:39:20,806 - INFO - EXCLUIR: emp62_H_202507_full_N0_20250727_015307.zip
2025-08-16 14:39:20,811 - INFO - EXCLUIR: emp62_H_202507_full_N0_20250728_015115.zip
2025-08-16 14:39:20,818 - INFO - EXCLUIR: emp62_H_202507_full_N0_20250729_015230.zip
2025-08-16 14:39:20,823 - INFO - EXCLUIR: emp62_H_202507_full_N0_20250730_015444.zip
2025-08-16 14:39:20,828 - INFO - EXCLUIR: emp62_H_202507_full_N0_20250731_015428.zip
2025-08-16 14:39:20,833 - INFO - 
--- Grupo: emp62_H_202508 (15 arquivos) ---
2025-08-16 14:39:20,837 - INFO - MANTER: emp62_H_202508_full_N0_20250816_015126.zip
2025-08-16 14:39:20,842 - INFO - EXCLUIR: emp62_H_202508_full_N0_20250802_014943.zip
2025-08-16 14:39:20,846 - INFO - EXCLUIR: emp62_H_202508_full_N0_20250803_014843.zip
2025-08-16 14:39:20,854 - INFO - EXCLUIR: emp62_H_202508_full_N0_20250804_015029.zip
2025-08-16 14:39:20,859 - INFO - EXCLUIR: emp62_H_202508_full_N0_20250805_015301.zip
2025-08-16 14:39:20,865 - INFO - EXCLUIR: emp62_H_202508_full_N0_20250806_015543.zip
2025-08-16 14:39:20,871 - INFO - EXCLUIR: emp62_H_202508_full_N0_20250807_015702.zip
2025-08-16 14:39:20,876 - INFO - EXCLUIR: emp62_H_202508_full_N0_20250808_015251.zip
2025-08-16 14:39:20,881 - INFO - EXCLUIR: emp62_H_202508_full_N0_20250809_020009.zip
2025-08-16 14:39:20,885 - INFO - EXCLUIR: emp62_H_202508_full_N0_20250810_015551.zip
2025-08-16 14:39:20,890 - INFO - EXCLUIR: emp62_H_202508_full_N0_20250811_015252.zip
2025-08-16 14:39:20,894 - INFO - EXCLUIR: emp62_H_202508_full_N0_20250812_015354.zip
2025-08-16 14:39:20,899 - INFO - EXCLUIR: emp62_H_202508_full_N0_20250813_015351.zip
2025-08-16 14:39:20,905 - INFO - EXCLUIR: emp62_H_202508_full_N0_20250814_015250.zip
2025-08-16 14:39:20,910 - INFO - EXCLUIR: emp62_H_202508_full_N0_20250815_015201.zip
2025-08-16 14:39:20,915 - INFO - 
--- Resumo da Operação ---
2025-08-16 14:39:20,923 - INFO - Total de arquivos a manter: 158
2025-08-16 14:39:20,928 - INFO - Total de arquivos a excluir: 1965
2025-08-16 14:39:20,933 - WARNING - 
Para excluir os arquivos, edite o script e mude a variável DRY_RUN para False.
2025-08-16 14:51:17,686 - INFO - Verificando logs antigos (mais de 30 dias) em J:\ti\python\Projetos\erp_limpar_backup_historico\logs
2025-08-16 14:51:17,745 - INFO - Analisando diretório: C:\temp\tecnicon\diario
2025-08-16 14:51:17,761 - INFO - --- Relatório de Limpeza de Backups ---
2025-08-16 14:51:17,766 - WARNING - AVISO: Rodando em modo de simulação (DRY_RUN=True). Nenhum arquivo será excluído.
2025-08-16 14:51:17,771 - INFO - 
--- Grupo: emp17_H_196912 (1 arquivo, nada a fazer) ---
2025-08-16 14:51:17,777 - INFO - MANTER: emp17_H_196912_full_N0_20240128_030957.zip
2025-08-16 14:51:17,781 - INFO - 
--- Grupo: emp17_H_202305 (2 arquivos) ---
2025-08-16 14:51:17,790 - INFO - MANTER: emp17_H_202305_full_N0_20240121_031358.zip
2025-08-16 14:51:17,799 - INFO - EXCLUIR: emp17_H_202305_full_N0_20231220_022236.zip
2025-08-16 14:51:17,805 - INFO - 
--- Grupo: emp17_H_202306 (2 arquivos) ---
2025-08-16 14:51:17,810 - INFO - MANTER: emp17_H_202306_full_N0_20240121_030801.zip
2025-08-16 14:51:17,815 - INFO - EXCLUIR: emp17_H_202306_full_N0_20231220_021603.zip
2025-08-16 14:51:17,819 - INFO - 
--- Grupo: emp17_H_202307 (2 arquivos) ---
2025-08-16 14:51:17,825 - INFO - MANTER: emp17_H_202307_full_N0_20240121_021839.zip
2025-08-16 14:51:17,830 - INFO - EXCLUIR: emp17_H_202307_full_N0_20231220_014123.zip
2025-08-16 14:51:17,833 - INFO - 
--- Grupo: emp17_H_202308 (2 arquivos) ---
2025-08-16 14:51:17,838 - INFO - MANTER: emp17_H_202308_full_N0_20240121_022418.zip
2025-08-16 14:51:17,842 - INFO - EXCLUIR: emp17_H_202308_full_N0_20231220_014644.zip
2025-08-16 14:51:17,846 - INFO - 
--- Grupo: emp17_H_202309 (2 arquivos) ---
2025-08-16 14:51:17,858 - INFO - MANTER: emp17_H_202309_full_N0_20240121_030236.zip
2025-08-16 14:51:17,866 - INFO - EXCLUIR: emp17_H_202309_full_N0_20231220_021038.zip
2025-08-16 14:51:17,871 - INFO - 
--- Grupo: emp17_H_202310 (2 arquivos) ---
2025-08-16 14:51:17,878 - INFO - MANTER: emp17_H_202310_full_N0_20240121_023005.zip
2025-08-16 14:51:17,891 - INFO - EXCLUIR: emp17_H_202310_full_N0_20231220_015206.zip
2025-08-16 14:51:17,896 - INFO - 
--- Grupo: emp17_H_202311 (1 arquivo, nada a fazer) ---
2025-08-16 14:51:17,901 - INFO - MANTER: emp17_H_202311_full_N0_20240214_044117.zip
2025-08-16 14:51:17,906 - INFO - 
--- Grupo: emp17_H_202312 (1 arquivo, nada a fazer) ---
2025-08-16 14:51:17,915 - INFO - MANTER: emp17_H_202312_full_N0_20240220_023008.zip
2025-08-16 14:51:17,920 - INFO - 
--- Grupo: emp17_H_202401 (1 arquivo, nada a fazer) ---
2025-08-16 14:51:17,925 - INFO - MANTER: emp17_H_202401_full_N0_20240222_022307.zip
2025-08-16 14:51:17,929 - INFO - 
--- Grupo: emp17_H_202402 (1 arquivo, nada a fazer) ---
2025-08-16 14:51:17,934 - INFO - MANTER: emp17_H_202402_full_N0_20240306_022940.zip
2025-08-16 14:51:17,939 - INFO - 
--- Grupo: emp17_H_202403 (21 arquivos) ---
2025-08-16 14:51:17,945 - INFO - MANTER: emp17_H_202403_full_N0_20240401_022840.zip
2025-08-16 14:51:17,951 - INFO - EXCLUIR: emp17_H_202403_full_N0_20240312_022919.zip
2025-08-16 14:51:17,955 - INFO - EXCLUIR: emp17_H_202403_full_N0_20240313_022839.zip
2025-08-16 14:51:17,960 - INFO - EXCLUIR: emp17_H_202403_full_N0_20240314_022456.zip
2025-08-16 14:51:17,965 - INFO - EXCLUIR: emp17_H_202403_full_N0_20240315_023039.zip
2025-08-16 14:51:17,971 - INFO - EXCLUIR: emp17_H_202403_full_N0_20240316_023143.zip
2025-08-16 14:51:17,977 - INFO - EXCLUIR: emp17_H_202403_full_N0_20240317_022746.zip
2025-08-16 14:51:17,983 - INFO - EXCLUIR: emp17_H_202403_full_N0_20240318_022910.zip
2025-08-16 14:51:17,987 - INFO - EXCLUIR: emp17_H_202403_full_N0_20240319_022839.zip
2025-08-16 14:51:17,991 - INFO - EXCLUIR: emp17_H_202403_full_N0_20240320_022405.zip
2025-08-16 14:51:17,995 - INFO - EXCLUIR: emp17_H_202403_full_N0_20240321_022946.zip
2025-08-16 14:51:18,000 - INFO - EXCLUIR: emp17_H_202403_full_N0_20240322_022913.zip
2025-08-16 14:51:18,005 - INFO - EXCLUIR: emp17_H_202403_full_N0_20240323_022847.zip
2025-08-16 14:51:18,011 - INFO - EXCLUIR: emp17_H_202403_full_N0_20240324_022834.zip
2025-08-16 14:51:18,015 - INFO - EXCLUIR: emp17_H_202403_full_N0_20240325_022852.zip
2025-08-16 14:51:18,020 - INFO - EXCLUIR: emp17_H_202403_full_N0_20240326_022614.zip
2025-08-16 14:51:18,025 - INFO - EXCLUIR: emp17_H_202403_full_N0_20240327_022913.zip
2025-08-16 14:51:18,034 - INFO - EXCLUIR: emp17_H_202403_full_N0_20240328_022851.zip
2025-08-16 14:51:18,042 - INFO - EXCLUIR: emp17_H_202403_full_N0_20240329_022904.zip
2025-08-16 14:51:18,048 - INFO - EXCLUIR: emp17_H_202403_full_N0_20240330_022855.zip
2025-08-16 14:51:18,059 - INFO - EXCLUIR: emp17_H_202403_full_N0_20240331_022836.zip
2025-08-16 14:51:18,077 - INFO - 
--- Grupo: emp17_H_202404 (30 arquivos) ---
2025-08-16 14:51:18,085 - INFO - MANTER: emp17_H_202404_full_N0_20240501_022900.zip
2025-08-16 14:51:18,089 - INFO - EXCLUIR: emp17_H_202404_full_N0_20240402_022905.zip
2025-08-16 14:51:18,093 - INFO - EXCLUIR: emp17_H_202404_full_N0_20240403_022930.zip
2025-08-16 14:51:18,098 - INFO - EXCLUIR: emp17_H_202404_full_N0_20240404_022346.zip
2025-08-16 14:51:18,104 - INFO - EXCLUIR: emp17_H_202404_full_N0_20240405_022912.zip
2025-08-16 14:51:18,110 - INFO - EXCLUIR: emp17_H_202404_full_N0_20240406_022905.zip
2025-08-16 14:51:18,114 - INFO - EXCLUIR: emp17_H_202404_full_N0_20240407_022841.zip
2025-08-16 14:51:18,121 - INFO - EXCLUIR: emp17_H_202404_full_N0_20240408_022924.zip
2025-08-16 14:51:18,134 - INFO - EXCLUIR: emp17_H_202404_full_N0_20240409_022934.zip
2025-08-16 14:51:18,141 - INFO - EXCLUIR: emp17_H_202404_full_N0_20240410_022453.zip
2025-08-16 14:51:18,148 - INFO - EXCLUIR: emp17_H_202404_full_N0_20240411_022942.zip
2025-08-16 14:51:18,153 - INFO - EXCLUIR: emp17_H_202404_full_N0_20240412_022909.zip
2025-08-16 14:51:18,160 - INFO - EXCLUIR: emp17_H_202404_full_N0_20240413_022614.zip
2025-08-16 14:51:18,167 - INFO - EXCLUIR: emp17_H_202404_full_N0_20240414_022905.zip
2025-08-16 14:51:18,173 - INFO - EXCLUIR: emp17_H_202404_full_N0_20240415_022927.zip
2025-08-16 14:51:18,177 - INFO - EXCLUIR: emp17_H_202404_full_N0_20240416_022912.zip
2025-08-16 14:51:18,186 - INFO - EXCLUIR: emp17_H_202404_full_N0_20240417_022904.zip
2025-08-16 14:51:18,190 - INFO - EXCLUIR: emp17_H_202404_full_N0_20240418_022920.zip
2025-08-16 14:51:18,193 - INFO - EXCLUIR: emp17_H_202404_full_N0_20240419_022910.zip
2025-08-16 14:51:18,199 - INFO - EXCLUIR: emp17_H_202404_full_N0_20240420_022904.zip
2025-08-16 14:51:18,203 - INFO - EXCLUIR: emp17_H_202404_full_N0_20240421_022908.zip
2025-08-16 14:51:18,208 - INFO - EXCLUIR: emp17_H_202404_full_N0_20240422_022657.zip
2025-08-16 14:51:18,213 - INFO - EXCLUIR: emp17_H_202404_full_N0_20240423_022930.zip
2025-08-16 14:51:18,219 - INFO - EXCLUIR: emp17_H_202404_full_N0_20240424_022923.zip
2025-08-16 14:51:18,225 - INFO - EXCLUIR: emp17_H_202404_full_N0_20240425_022643.zip
2025-08-16 14:51:18,233 - INFO - EXCLUIR: emp17_H_202404_full_N0_20240426_022952.zip
2025-08-16 14:51:18,237 - INFO - EXCLUIR: emp17_H_202404_full_N0_20240427_022930.zip
2025-08-16 14:51:18,241 - INFO - EXCLUIR: emp17_H_202404_full_N0_20240428_022524.zip
2025-08-16 14:51:18,245 - INFO - EXCLUIR: emp17_H_202404_full_N0_20240429_022412.zip
2025-08-16 14:51:18,249 - INFO - EXCLUIR: emp17_H_202404_full_N0_20240430_022919.zip
2025-08-16 14:51:18,253 - INFO - 
--- Grupo: emp17_H_202405 (25 arquivos) ---
2025-08-16 14:51:18,259 - INFO - MANTER: emp17_H_202405_full_N0_20240601_022938.zip
2025-08-16 14:51:18,271 - INFO - EXCLUIR: emp17_H_202405_full_N0_20240502_022416.zip
2025-08-16 14:51:18,278 - INFO - EXCLUIR: emp17_H_202405_full_N0_20240503_022952.zip
2025-08-16 14:51:18,289 - INFO - EXCLUIR: emp17_H_202405_full_N0_20240504_022907.zip
2025-08-16 14:51:18,295 - INFO - EXCLUIR: emp17_H_202405_full_N0_20240505_022351.zip
2025-08-16 14:51:18,299 - INFO - EXCLUIR: emp17_H_202405_full_N0_20240506_022437.zip
2025-08-16 14:51:18,303 - INFO - EXCLUIR: emp17_H_202405_full_N0_20240507_022918.zip
2025-08-16 14:51:18,307 - INFO - EXCLUIR: emp17_H_202405_full_N0_20240508_022355.zip
2025-08-16 14:51:18,311 - INFO - EXCLUIR: emp17_H_202405_full_N0_20240509_022942.zip
2025-08-16 14:51:18,314 - INFO - EXCLUIR: emp17_H_202405_full_N0_20240510_022905.zip
2025-08-16 14:51:18,323 - INFO - EXCLUIR: emp17_H_202405_full_N0_20240511_022347.zip
2025-08-16 14:51:18,344 - INFO - EXCLUIR: emp17_H_202405_full_N0_20240512_022947.zip
2025-08-16 14:51:18,356 - INFO - EXCLUIR: emp17_H_202405_full_N0_20240519_022957.zip
2025-08-16 14:51:18,360 - INFO - EXCLUIR: emp17_H_202405_full_N0_20240520_023008.zip
2025-08-16 14:51:18,364 - INFO - EXCLUIR: emp17_H_202405_full_N0_20240521_023038.zip
2025-08-16 14:51:18,368 - INFO - EXCLUIR: emp17_H_202405_full_N0_20240522_023012.zip
2025-08-16 14:51:18,375 - INFO - EXCLUIR: emp17_H_202405_full_N0_20240523_023010.zip
2025-08-16 14:51:18,380 - INFO - EXCLUIR: emp17_H_202405_full_N0_20240524_023013.zip
2025-08-16 14:51:18,400 - INFO - EXCLUIR: emp17_H_202405_full_N0_20240525_023011.zip
2025-08-16 14:51:18,409 - INFO - EXCLUIR: emp17_H_202405_full_N0_20240526_022952.zip
2025-08-16 14:51:18,415 - INFO - EXCLUIR: emp17_H_202405_full_N0_20240527_023007.zip
2025-08-16 14:51:18,425 - INFO - EXCLUIR: emp17_H_202405_full_N0_20240528_023014.zip
2025-08-16 14:51:18,430 - INFO - EXCLUIR: emp17_H_202405_full_N0_20240529_022836.zip
2025-08-16 14:51:18,451 - INFO - EXCLUIR: emp17_H_202405_full_N0_20240530_022944.zip
2025-08-16 14:51:18,454 - INFO - EXCLUIR: emp17_H_202405_full_N0_20240531_022952.zip
2025-08-16 14:51:18,458 - INFO - 
--- Grupo: emp17_H_202406 (30 arquivos) ---
2025-08-16 14:51:18,463 - INFO - MANTER: emp17_H_202406_full_N0_20240701_023026.zip
2025-08-16 14:51:18,467 - INFO - EXCLUIR: emp17_H_202406_full_N0_20240602_022938.zip
2025-08-16 14:51:18,470 - INFO - EXCLUIR: emp17_H_202406_full_N0_20240603_023031.zip
2025-08-16 14:51:18,475 - INFO - EXCLUIR: emp17_H_202406_full_N0_20240604_022517.zip
2025-08-16 14:51:18,481 - INFO - EXCLUIR: emp17_H_202406_full_N0_20240605_023015.zip
2025-08-16 14:51:18,485 - INFO - EXCLUIR: emp17_H_202406_full_N0_20240606_023017.zip
2025-08-16 14:51:18,501 - INFO - EXCLUIR: emp17_H_202406_full_N0_20240607_022826.zip
2025-08-16 14:51:18,507 - INFO - EXCLUIR: emp17_H_202406_full_N0_20240608_022959.zip
2025-08-16 14:51:18,511 - INFO - EXCLUIR: emp17_H_202406_full_N0_20240609_023021.zip
2025-08-16 14:51:18,515 - INFO - EXCLUIR: emp17_H_202406_full_N0_20240610_023028.zip
2025-08-16 14:51:18,519 - INFO - EXCLUIR: emp17_H_202406_full_N0_20240611_022809.zip
2025-08-16 14:51:18,524 - INFO - EXCLUIR: emp17_H_202406_full_N0_20240612_023035.zip
2025-08-16 14:51:18,528 - INFO - EXCLUIR: emp17_H_202406_full_N0_20240613_023033.zip
2025-08-16 14:51:18,532 - INFO - EXCLUIR: emp17_H_202406_full_N0_20240614_023008.zip
2025-08-16 14:51:18,536 - INFO - EXCLUIR: emp17_H_202406_full_N0_20240615_023018.zip
2025-08-16 14:51:18,542 - INFO - EXCLUIR: emp17_H_202406_full_N0_20240616_022516.zip
2025-08-16 14:51:18,546 - INFO - EXCLUIR: emp17_H_202406_full_N0_20240617_023024.zip
2025-08-16 14:51:18,549 - INFO - EXCLUIR: emp17_H_202406_full_N0_20240618_023053.zip
2025-08-16 14:51:18,553 - INFO - EXCLUIR: emp17_H_202406_full_N0_20240619_022447.zip
2025-08-16 14:51:18,557 - INFO - EXCLUIR: emp17_H_202406_full_N0_20240620_023021.zip
2025-08-16 14:51:18,562 - INFO - EXCLUIR: emp17_H_202406_full_N0_20240621_022847.zip
2025-08-16 14:51:18,566 - INFO - EXCLUIR: emp17_H_202406_full_N0_20240622_022519.zip
2025-08-16 14:51:18,571 - INFO - EXCLUIR: emp17_H_202406_full_N0_20240623_023021.zip
2025-08-16 14:51:18,575 - INFO - EXCLUIR: emp17_H_202406_full_N0_20240624_023022.zip
2025-08-16 14:51:18,582 - INFO - EXCLUIR: emp17_H_202406_full_N0_20240625_022529.zip
2025-08-16 14:51:18,587 - INFO - EXCLUIR: emp17_H_202406_full_N0_20240626_023052.zip
2025-08-16 14:51:18,597 - INFO - EXCLUIR: emp17_H_202406_full_N0_20240627_023018.zip
2025-08-16 14:51:18,602 - INFO - EXCLUIR: emp17_H_202406_full_N0_20240628_023056.zip
2025-08-16 14:51:18,606 - INFO - EXCLUIR: emp17_H_202406_full_N0_20240629_023020.zip
2025-08-16 14:51:18,610 - INFO - EXCLUIR: emp17_H_202406_full_N0_20240630_023023.zip
2025-08-16 14:51:18,615 - INFO - 
--- Grupo: emp17_H_202407 (32 arquivos) ---
2025-08-16 14:51:18,620 - INFO - MANTER: emp17_H_202407_full_N0_20240915_114706.zip
2025-08-16 14:51:18,624 - INFO - EXCLUIR: emp17_H_202407_full_N0_20240702_023029.zip
2025-08-16 14:51:18,628 - INFO - EXCLUIR: emp17_H_202407_full_N0_20240703_022846.zip
2025-08-16 14:51:18,634 - INFO - EXCLUIR: emp17_H_202407_full_N0_20240704_023017.zip
2025-08-16 14:51:18,638 - INFO - EXCLUIR: emp17_H_202407_full_N0_20240705_023037.zip
2025-08-16 14:51:18,643 - INFO - EXCLUIR: emp17_H_202407_full_N0_20240706_023018.zip
2025-08-16 14:51:18,648 - INFO - EXCLUIR: emp17_H_202407_full_N0_20240707_022442.zip
2025-08-16 14:51:18,652 - INFO - EXCLUIR: emp17_H_202407_full_N0_20240708_023038.zip
2025-08-16 14:51:18,656 - INFO - EXCLUIR: emp17_H_202407_full_N0_20240709_023037.zip
2025-08-16 14:51:18,660 - INFO - EXCLUIR: emp17_H_202407_full_N0_20240710_022817.zip
2025-08-16 14:51:18,665 - INFO - EXCLUIR: emp17_H_202407_full_N0_20240711_023026.zip
2025-08-16 14:51:18,669 - INFO - EXCLUIR: emp17_H_202407_full_N0_20240712_023039.zip
2025-08-16 14:51:18,673 - INFO - EXCLUIR: emp17_H_202407_full_N0_20240713_022655.zip
2025-08-16 14:51:18,677 - INFO - EXCLUIR: emp17_H_202407_full_N0_20240714_023021.zip
2025-08-16 14:51:18,684 - INFO - EXCLUIR: emp17_H_202407_full_N0_20240715_023113.zip
2025-08-16 14:51:18,689 - INFO - EXCLUIR: emp17_H_202407_full_N0_20240716_022720.zip
2025-08-16 14:51:18,698 - INFO - EXCLUIR: emp17_H_202407_full_N0_20240717_023143.zip
2025-08-16 14:51:18,702 - INFO - EXCLUIR: emp17_H_202407_full_N0_20240718_023036.zip
2025-08-16 14:51:18,707 - INFO - EXCLUIR: emp17_H_202407_full_N0_20240719_022710.zip
2025-08-16 14:51:18,711 - INFO - EXCLUIR: emp17_H_202407_full_N0_20240720_023054.zip
2025-08-16 14:51:18,715 - INFO - EXCLUIR: emp17_H_202407_full_N0_20240721_023044.zip
2025-08-16 14:51:18,718 - INFO - EXCLUIR: emp17_H_202407_full_N0_20240722_022556.zip
2025-08-16 14:51:18,722 - INFO - EXCLUIR: emp17_H_202407_full_N0_20240723_023054.zip
2025-08-16 14:51:18,727 - INFO - EXCLUIR: emp17_H_202407_full_N0_20240724_023031.zip
2025-08-16 14:51:18,733 - INFO - EXCLUIR: emp17_H_202407_full_N0_20240725_022721.zip
2025-08-16 14:51:18,738 - INFO - EXCLUIR: emp17_H_202407_full_N0_20240726_023048.zip
2025-08-16 14:51:18,743 - INFO - EXCLUIR: emp17_H_202407_full_N0_20240727_023038.zip
2025-08-16 14:51:18,749 - INFO - EXCLUIR: emp17_H_202407_full_N0_20240728_022421.zip
2025-08-16 14:51:18,753 - INFO - EXCLUIR: emp17_H_202407_full_N0_20240729_023114.zip
2025-08-16 14:51:18,759 - INFO - EXCLUIR: emp17_H_202407_full_N0_20240730_023059.zip
2025-08-16 14:51:18,764 - INFO - EXCLUIR: emp17_H_202407_full_N0_20240731_022630.zip
2025-08-16 14:51:18,769 - INFO - EXCLUIR: emp17_H_202407_full_N0_20240801_023110.zip
2025-08-16 14:51:18,773 - INFO - 
--- Grupo: emp17_H_202408 (32 arquivos) ---
2025-08-16 14:51:18,777 - INFO - MANTER: emp17_H_202408_full_N0_20240915_115406.zip
2025-08-16 14:51:18,783 - INFO - EXCLUIR: emp17_H_202408_full_N0_20240802_023049.zip
2025-08-16 14:51:18,791 - INFO - EXCLUIR: emp17_H_202408_full_N0_20240803_023102.zip
2025-08-16 14:51:18,807 - INFO - EXCLUIR: emp17_H_202408_full_N0_20240804_023111.zip
2025-08-16 14:51:18,812 - INFO - EXCLUIR: emp17_H_202408_full_N0_20240805_023129.zip
2025-08-16 14:51:18,816 - INFO - EXCLUIR: emp17_H_202408_full_N0_20240806_023104.zip
2025-08-16 14:51:18,820 - INFO - EXCLUIR: emp17_H_202408_full_N0_20240807_022923.zip
2025-08-16 14:51:18,824 - INFO - EXCLUIR: emp17_H_202408_full_N0_20240808_022630.zip
2025-08-16 14:51:18,829 - INFO - EXCLUIR: emp17_H_202408_full_N0_20240809_023117.zip
2025-08-16 14:51:18,837 - INFO - EXCLUIR: emp17_H_202408_full_N0_20240810_023053.zip
2025-08-16 14:51:18,841 - INFO - EXCLUIR: emp17_H_202408_full_N0_20240811_023045.zip
2025-08-16 14:51:18,845 - INFO - EXCLUIR: emp17_H_202408_full_N0_20240812_023040.zip
2025-08-16 14:51:18,853 - INFO - EXCLUIR: emp17_H_202408_full_N0_20240813_023105.zip
2025-08-16 14:51:18,859 - INFO - EXCLUIR: emp17_H_202408_full_N0_20240814_023044.zip
2025-08-16 14:51:18,863 - INFO - EXCLUIR: emp17_H_202408_full_N0_20240815_023110.zip
2025-08-16 14:51:18,867 - INFO - EXCLUIR: emp17_H_202408_full_N0_20240816_023106.zip
2025-08-16 14:51:18,872 - INFO - EXCLUIR: emp17_H_202408_full_N0_20240817_023055.zip
2025-08-16 14:51:18,875 - INFO - EXCLUIR: emp17_H_202408_full_N0_20240818_023039.zip
2025-08-16 14:51:18,880 - INFO - EXCLUIR: emp17_H_202408_full_N0_20240819_023059.zip
2025-08-16 14:51:18,885 - INFO - EXCLUIR: emp17_H_202408_full_N0_20240820_022700.zip
2025-08-16 14:51:18,892 - INFO - EXCLUIR: emp17_H_202408_full_N0_20240821_023119.zip
2025-08-16 14:51:18,901 - INFO - EXCLUIR: emp17_H_202408_full_N0_20240822_023057.zip
2025-08-16 14:51:18,905 - INFO - EXCLUIR: emp17_H_202408_full_N0_20240823_023111.zip
2025-08-16 14:51:18,909 - INFO - EXCLUIR: emp17_H_202408_full_N0_20240824_023118.zip
2025-08-16 14:51:18,913 - INFO - EXCLUIR: emp17_H_202408_full_N0_20240825_023109.zip
2025-08-16 14:51:18,917 - INFO - EXCLUIR: emp17_H_202408_full_N0_20240826_022503.zip
2025-08-16 14:51:18,921 - INFO - EXCLUIR: emp17_H_202408_full_N0_20240827_023128.zip
2025-08-16 14:51:18,927 - INFO - EXCLUIR: emp17_H_202408_full_N0_20240828_023116.zip
2025-08-16 14:51:18,931 - INFO - EXCLUIR: emp17_H_202408_full_N0_20240829_023120.zip
2025-08-16 14:51:18,937 - INFO - EXCLUIR: emp17_H_202408_full_N0_20240830_023116.zip
2025-08-16 14:51:18,942 - INFO - EXCLUIR: emp17_H_202408_full_N0_20240831_023113.zip
2025-08-16 14:51:18,949 - INFO - EXCLUIR: emp17_H_202408_full_N0_20240901_022644.zip
2025-08-16 14:51:18,952 - INFO - 
--- Grupo: emp17_H_202409 (18 arquivos) ---
2025-08-16 14:51:18,956 - INFO - MANTER: emp17_H_202409_full_N0_20241001_020033.zip
2025-08-16 14:51:18,960 - INFO - EXCLUIR: emp17_H_202409_full_N0_20240902_023129.zip
2025-08-16 14:51:18,966 - INFO - EXCLUIR: emp17_H_202409_full_N0_20240903_023128.zip
2025-08-16 14:51:18,970 - INFO - EXCLUIR: emp17_H_202409_full_N0_20240904_022505.zip
2025-08-16 14:51:18,977 - INFO - EXCLUIR: emp17_H_202409_full_N0_20240905_023142.zip
2025-08-16 14:51:18,981 - INFO - EXCLUIR: emp17_H_202409_full_N0_20240906_023149.zip
2025-08-16 14:51:18,986 - INFO - EXCLUIR: emp17_H_202409_full_N0_20240907_022606.zip
2025-08-16 14:51:18,992 - INFO - EXCLUIR: emp17_H_202409_full_N0_20240908_023138.zip
2025-08-16 14:51:18,996 - INFO - EXCLUIR: emp17_H_202409_full_N0_20240909_023117.zip
2025-08-16 14:51:19,007 - INFO - EXCLUIR: emp17_H_202409_full_N0_20240910_022342.zip
2025-08-16 14:51:19,016 - INFO - EXCLUIR: emp17_H_202409_full_N0_20240911_023120.zip
2025-08-16 14:51:19,023 - INFO - EXCLUIR: emp17_H_202409_full_N0_20240912_023136.zip
2025-08-16 14:51:19,027 - INFO - EXCLUIR: emp17_H_202409_full_N0_20240913_022521.zip
2025-08-16 14:51:19,031 - INFO - EXCLUIR: emp17_H_202409_full_N0_20240914_023155.zip
2025-08-16 14:51:19,047 - INFO - EXCLUIR: emp17_H_202409_full_N0_20240915_023120.zip
2025-08-16 14:51:19,058 - INFO - EXCLUIR: emp17_H_202409_full_N0_20240928_020026.zip
2025-08-16 14:51:19,062 - INFO - EXCLUIR: emp17_H_202409_full_N0_20240929_015821.zip
2025-08-16 14:51:19,075 - INFO - EXCLUIR: emp17_H_202409_full_N0_20240930_015824.zip
2025-08-16 14:51:19,080 - INFO - 
--- Grupo: emp17_H_202410 (28 arquivos) ---
2025-08-16 14:51:19,084 - INFO - MANTER: emp17_H_202410_full_N0_20241101_014320.zip
2025-08-16 14:51:19,117 - INFO - EXCLUIR: emp17_H_202410_full_N0_20241002_015959.zip
2025-08-16 14:51:19,142 - INFO - EXCLUIR: emp17_H_202410_full_N0_20241003_020041.zip
2025-08-16 14:51:19,163 - INFO - EXCLUIR: emp17_H_202410_full_N0_20241004_020054.zip
2025-08-16 14:51:19,169 - INFO - EXCLUIR: emp17_H_202410_full_N0_20241005_015841.zip
2025-08-16 14:51:19,174 - INFO - EXCLUIR: emp17_H_202410_full_N0_20241006_015809.zip
2025-08-16 14:51:19,178 - INFO - EXCLUIR: emp17_H_202410_full_N0_20241007_015802.zip
2025-08-16 14:51:19,182 - INFO - EXCLUIR: emp17_H_202410_full_N0_20241008_015917.zip
2025-08-16 14:51:19,186 - INFO - EXCLUIR: emp17_H_202410_full_N0_20241009_020107.zip
2025-08-16 14:51:19,198 - INFO - EXCLUIR: emp17_H_202410_full_N0_20241010_015812.zip
2025-08-16 14:51:19,212 - INFO - EXCLUIR: emp17_H_202410_full_N0_20241011_015556.zip
2025-08-16 14:51:19,220 - INFO - EXCLUIR: emp17_H_202410_full_N0_20241012_015627.zip
2025-08-16 14:51:19,228 - INFO - EXCLUIR: emp17_H_202410_full_N0_20241013_015626.zip
2025-08-16 14:51:19,233 - INFO - EXCLUIR: emp17_H_202410_full_N0_20241014_015623.zip
2025-08-16 14:51:19,237 - INFO - EXCLUIR: emp17_H_202410_full_N0_20241015_015528.zip
2025-08-16 14:51:19,242 - INFO - EXCLUIR: emp17_H_202410_full_N0_20241016_020234.zip
2025-08-16 14:51:19,248 - INFO - EXCLUIR: emp17_H_202410_full_N0_20241017_015538.zip
2025-08-16 14:51:19,257 - INFO - EXCLUIR: emp17_H_202410_full_N0_20241018_015649.zip
2025-08-16 14:51:19,266 - INFO - EXCLUIR: emp17_H_202410_full_N0_20241019_015636.zip
2025-08-16 14:51:19,270 - INFO - EXCLUIR: emp17_H_202410_full_N0_20241020_015531.zip
2025-08-16 14:51:19,279 - INFO - EXCLUIR: emp17_H_202410_full_N0_20241021_015548.zip
2025-08-16 14:51:19,284 - INFO - EXCLUIR: emp17_H_202410_full_N0_20241022_015825.zip
2025-08-16 14:51:19,288 - INFO - EXCLUIR: emp17_H_202410_full_N0_20241023_015925.zip
2025-08-16 14:51:19,294 - INFO - EXCLUIR: emp17_H_202410_full_N0_20241024_020310.zip
2025-08-16 14:51:19,307 - INFO - EXCLUIR: emp17_H_202410_full_N0_20241025_015648.zip
2025-08-16 14:51:19,313 - INFO - EXCLUIR: emp17_H_202410_full_N0_20241026_015637.zip
2025-08-16 14:51:19,320 - INFO - EXCLUIR: emp17_H_202410_full_N0_20241027_015541.zip
2025-08-16 14:51:19,328 - INFO - EXCLUIR: emp17_H_202410_full_N0_20241028_015551.zip
2025-08-16 14:51:19,333 - INFO - 
--- Grupo: emp17_H_202411 (20 arquivos) ---
2025-08-16 14:51:19,339 - INFO - MANTER: emp17_H_202411_full_N0_20241201_014243.zip
2025-08-16 14:51:19,348 - INFO - EXCLUIR: emp17_H_202411_full_N0_20241111_014245.zip
2025-08-16 14:51:19,356 - INFO - EXCLUIR: emp17_H_202411_full_N0_20241113_014241.zip
2025-08-16 14:51:19,365 - INFO - EXCLUIR: emp17_H_202411_full_N0_20241114_014216.zip
2025-08-16 14:51:19,370 - INFO - EXCLUIR: emp17_H_202411_full_N0_20241115_014220.zip
2025-08-16 14:51:19,375 - INFO - EXCLUIR: emp17_H_202411_full_N0_20241116_014325.zip
2025-08-16 14:51:19,379 - INFO - EXCLUIR: emp17_H_202411_full_N0_20241117_014316.zip
2025-08-16 14:51:19,388 - INFO - EXCLUIR: emp17_H_202411_full_N0_20241118_030517.zip
2025-08-16 14:51:19,392 - INFO - EXCLUIR: emp17_H_202411_full_N0_20241119_014220.zip
2025-08-16 14:51:19,398 - INFO - EXCLUIR: emp17_H_202411_full_N0_20241120_014232.zip
2025-08-16 14:51:19,404 - INFO - EXCLUIR: emp17_H_202411_full_N0_20241121_014316.zip
2025-08-16 14:51:19,407 - INFO - EXCLUIR: emp17_H_202411_full_N0_20241122_014238.zip
2025-08-16 14:51:19,415 - INFO - EXCLUIR: emp17_H_202411_full_N0_20241123_014229.zip
2025-08-16 14:51:19,419 - INFO - EXCLUIR: emp17_H_202411_full_N0_20241124_014218.zip
2025-08-16 14:51:19,423 - INFO - EXCLUIR: emp17_H_202411_full_N0_20241125_014221.zip
2025-08-16 14:51:19,427 - INFO - EXCLUIR: emp17_H_202411_full_N0_20241126_014230.zip
2025-08-16 14:51:19,432 - INFO - EXCLUIR: emp17_H_202411_full_N0_20241127_014255.zip
2025-08-16 14:51:19,436 - INFO - EXCLUIR: emp17_H_202411_full_N0_20241128_014253.zip
2025-08-16 14:51:19,440 - INFO - EXCLUIR: emp17_H_202411_full_N0_20241129_014251.zip
2025-08-16 14:51:19,445 - INFO - EXCLUIR: emp17_H_202411_full_N0_20241130_014259.zip
2025-08-16 14:51:19,451 - INFO - 
--- Grupo: emp17_H_202412 (30 arquivos) ---
2025-08-16 14:51:19,455 - INFO - MANTER: emp17_H_202412_full_N0_20250101_014402.zip
2025-08-16 14:51:19,462 - INFO - EXCLUIR: emp17_H_202412_full_N0_20241202_014249.zip
2025-08-16 14:51:19,467 - INFO - EXCLUIR: emp17_H_202412_full_N0_20241203_014259.zip
2025-08-16 14:51:19,471 - INFO - EXCLUIR: emp17_H_202412_full_N0_20241204_014321.zip
2025-08-16 14:51:19,475 - INFO - EXCLUIR: emp17_H_202412_full_N0_20241205_014328.zip
2025-08-16 14:51:19,479 - INFO - EXCLUIR: emp17_H_202412_full_N0_20241206_014323.zip
2025-08-16 14:51:19,484 - INFO - EXCLUIR: emp17_H_202412_full_N0_20241207_014338.zip
2025-08-16 14:51:19,488 - INFO - EXCLUIR: emp17_H_202412_full_N0_20241208_014257.zip
2025-08-16 14:51:19,491 - INFO - EXCLUIR: emp17_H_202412_full_N0_20241209_014301.zip
2025-08-16 14:51:19,496 - INFO - EXCLUIR: emp17_H_202412_full_N0_20241210_014311.zip
2025-08-16 14:51:19,500 - INFO - EXCLUIR: emp17_H_202412_full_N0_20241211_014349.zip
2025-08-16 14:51:19,509 - INFO - EXCLUIR: emp17_H_202412_full_N0_20241212_014321.zip
2025-08-16 14:51:19,516 - INFO - EXCLUIR: emp17_H_202412_full_N0_20241213_014341.zip
2025-08-16 14:51:19,530 - INFO - EXCLUIR: emp17_H_202412_full_N0_20241214_014319.zip
2025-08-16 14:51:19,535 - INFO - EXCLUIR: emp17_H_202412_full_N0_20241215_014331.zip
2025-08-16 14:51:19,540 - INFO - EXCLUIR: emp17_H_202412_full_N0_20241217_014339.zip
2025-08-16 14:51:19,552 - INFO - EXCLUIR: emp17_H_202412_full_N0_20241218_014338.zip
2025-08-16 14:51:19,562 - INFO - EXCLUIR: emp17_H_202412_full_N0_20241219_014338.zip
2025-08-16 14:51:19,570 - INFO - EXCLUIR: emp17_H_202412_full_N0_20241220_014352.zip
2025-08-16 14:51:19,575 - INFO - EXCLUIR: emp17_H_202412_full_N0_20241221_014356.zip
2025-08-16 14:51:19,580 - INFO - EXCLUIR: emp17_H_202412_full_N0_20241222_014348.zip
2025-08-16 14:51:19,584 - INFO - EXCLUIR: emp17_H_202412_full_N0_20241223_014404.zip
2025-08-16 14:51:19,588 - INFO - EXCLUIR: emp17_H_202412_full_N0_20241224_014340.zip
2025-08-16 14:51:19,593 - INFO - EXCLUIR: emp17_H_202412_full_N0_20241225_014430.zip
2025-08-16 14:51:19,596 - INFO - EXCLUIR: emp17_H_202412_full_N0_20241226_014359.zip
2025-08-16 14:51:19,602 - INFO - EXCLUIR: emp17_H_202412_full_N0_20241227_014421.zip
2025-08-16 14:51:19,609 - INFO - EXCLUIR: emp17_H_202412_full_N0_20241228_014435.zip
2025-08-16 14:51:19,613 - INFO - EXCLUIR: emp17_H_202412_full_N0_20241229_014337.zip
2025-08-16 14:51:19,619 - INFO - EXCLUIR: emp17_H_202412_full_N0_20241230_014337.zip
2025-08-16 14:51:19,623 - INFO - EXCLUIR: emp17_H_202412_full_N0_20241231_014335.zip
2025-08-16 14:51:19,628 - INFO - 
--- Grupo: emp17_H_202501 (29 arquivos) ---
2025-08-16 14:51:19,635 - INFO - MANTER: emp17_H_202501_full_N0_20250201_014522.zip
2025-08-16 14:51:19,640 - INFO - EXCLUIR: emp17_H_202501_full_N0_20250102_014335.zip
2025-08-16 14:51:19,644 - INFO - EXCLUIR: emp17_H_202501_full_N0_20250103_014332.zip
2025-08-16 14:51:19,648 - INFO - EXCLUIR: emp17_H_202501_full_N0_20250104_014404.zip
2025-08-16 14:51:19,652 - INFO - EXCLUIR: emp17_H_202501_full_N0_20250105_014345.zip
2025-08-16 14:51:19,656 - INFO - EXCLUIR: emp17_H_202501_full_N0_20250106_014340.zip
2025-08-16 14:51:19,660 - INFO - EXCLUIR: emp17_H_202501_full_N0_20250107_014353.zip
2025-08-16 14:51:19,669 - INFO - EXCLUIR: emp17_H_202501_full_N0_20250108_014514.zip
2025-08-16 14:51:19,673 - INFO - EXCLUIR: emp17_H_202501_full_N0_20250109_014410.zip
2025-08-16 14:51:19,677 - INFO - EXCLUIR: emp17_H_202501_full_N0_20250110_014417.zip
2025-08-16 14:51:19,681 - INFO - EXCLUIR: emp17_H_202501_full_N0_20250111_014429.zip
2025-08-16 14:51:19,685 - INFO - EXCLUIR: emp17_H_202501_full_N0_20250112_014534.zip
2025-08-16 14:51:19,690 - INFO - EXCLUIR: emp17_H_202501_full_N0_20250114_223305.zip
2025-08-16 14:51:19,696 - INFO - EXCLUIR: emp17_H_202501_full_N0_20250116_014421.zip
2025-08-16 14:51:19,702 - INFO - EXCLUIR: emp17_H_202501_full_N0_20250117_014403.zip
2025-08-16 14:51:19,709 - INFO - EXCLUIR: emp17_H_202501_full_N0_20250118_014409.zip
2025-08-16 14:51:19,713 - INFO - EXCLUIR: emp17_H_202501_full_N0_20250119_014404.zip
2025-08-16 14:51:19,727 - INFO - EXCLUIR: emp17_H_202501_full_N0_20250120_014423.zip
2025-08-16 14:51:19,732 - INFO - EXCLUIR: emp17_H_202501_full_N0_20250121_014405.zip
2025-08-16 14:51:19,742 - INFO - EXCLUIR: emp17_H_202501_full_N0_20250122_014534.zip
2025-08-16 14:51:19,748 - INFO - EXCLUIR: emp17_H_202501_full_N0_20250123_014412.zip
2025-08-16 14:51:19,757 - INFO - EXCLUIR: emp17_H_202501_full_N0_20250124_014414.zip
2025-08-16 14:51:19,762 - INFO - EXCLUIR: emp17_H_202501_full_N0_20250125_014418.zip
2025-08-16 14:51:19,766 - INFO - EXCLUIR: emp17_H_202501_full_N0_20250126_014404.zip
2025-08-16 14:51:19,777 - INFO - EXCLUIR: emp17_H_202501_full_N0_20250127_014425.zip
2025-08-16 14:51:19,782 - INFO - EXCLUIR: emp17_H_202501_full_N0_20250128_014434.zip
2025-08-16 14:51:19,790 - INFO - EXCLUIR: emp17_H_202501_full_N0_20250129_014715.zip
2025-08-16 14:51:19,796 - INFO - EXCLUIR: emp17_H_202501_full_N0_20250130_014514.zip
2025-08-16 14:51:19,801 - INFO - EXCLUIR: emp17_H_202501_full_N0_20250131_014459.zip
2025-08-16 14:51:19,808 - INFO - 
--- Grupo: emp17_H_202502 (28 arquivos) ---
2025-08-16 14:51:19,813 - INFO - MANTER: emp17_H_202502_full_N0_20250301_014601.zip
2025-08-16 14:51:19,824 - INFO - EXCLUIR: emp17_H_202502_full_N0_20250202_014619.zip
2025-08-16 14:51:19,828 - INFO - EXCLUIR: emp17_H_202502_full_N0_20250203_014540.zip
2025-08-16 14:51:19,833 - INFO - EXCLUIR: emp17_H_202502_full_N0_20250204_014447.zip
2025-08-16 14:51:19,840 - INFO - EXCLUIR: emp17_H_202502_full_N0_20250205_014428.zip
2025-08-16 14:51:19,861 - INFO - EXCLUIR: emp17_H_202502_full_N0_20250206_014611.zip
2025-08-16 14:51:19,867 - INFO - EXCLUIR: emp17_H_202502_full_N0_20250207_014504.zip
2025-08-16 14:51:19,875 - INFO - EXCLUIR: emp17_H_202502_full_N0_20250208_014532.zip
2025-08-16 14:51:19,881 - INFO - EXCLUIR: emp17_H_202502_full_N0_20250209_014619.zip
2025-08-16 14:51:19,886 - INFO - EXCLUIR: emp17_H_202502_full_N0_20250210_014602.zip
2025-08-16 14:51:19,892 - INFO - EXCLUIR: emp17_H_202502_full_N0_20250211_014505.zip
2025-08-16 14:51:19,897 - INFO - EXCLUIR: emp17_H_202502_full_N0_20250212_014426.zip
2025-08-16 14:51:19,901 - INFO - EXCLUIR: emp17_H_202502_full_N0_20250213_014520.zip
2025-08-16 14:51:19,909 - INFO - EXCLUIR: emp17_H_202502_full_N0_20250214_014509.zip
2025-08-16 14:51:19,918 - INFO - EXCLUIR: emp17_H_202502_full_N0_20250215_014442.zip
2025-08-16 14:51:19,930 - INFO - EXCLUIR: emp17_H_202502_full_N0_20250216_014533.zip
2025-08-16 14:51:19,935 - INFO - EXCLUIR: emp17_H_202502_full_N0_20250217_014434.zip
2025-08-16 14:51:19,940 - INFO - EXCLUIR: emp17_H_202502_full_N0_20250218_014545.zip
2025-08-16 14:51:19,947 - INFO - EXCLUIR: emp17_H_202502_full_N0_20250219_014516.zip
2025-08-16 14:51:19,951 - INFO - EXCLUIR: emp17_H_202502_full_N0_20250220_014503.zip
2025-08-16 14:51:19,956 - INFO - EXCLUIR: emp17_H_202502_full_N0_20250221_014723.zip
2025-08-16 14:51:19,960 - INFO - EXCLUIR: emp17_H_202502_full_N0_20250222_014547.zip
2025-08-16 14:51:19,965 - INFO - EXCLUIR: emp17_H_202502_full_N0_20250223_014620.zip
2025-08-16 14:51:19,968 - INFO - EXCLUIR: emp17_H_202502_full_N0_20250224_014516.zip
2025-08-16 14:51:19,980 - INFO - EXCLUIR: emp17_H_202502_full_N0_20250225_014457.zip
2025-08-16 14:51:19,990 - INFO - EXCLUIR: emp17_H_202502_full_N0_20250226_014604.zip
2025-08-16 14:51:19,994 - INFO - EXCLUIR: emp17_H_202502_full_N0_20250227_014550.zip
2025-08-16 14:51:19,999 - INFO - EXCLUIR: emp17_H_202502_full_N0_20250228_014729.zip
2025-08-16 14:51:20,004 - INFO - 
--- Grupo: emp17_H_202503 (31 arquivos) ---
2025-08-16 14:51:20,022 - INFO - MANTER: emp17_H_202503_full_N0_20250401_014744.zip
2025-08-16 14:51:20,040 - INFO - EXCLUIR: emp17_H_202503_full_N0_20250302_014553.zip
2025-08-16 14:51:20,045 - INFO - EXCLUIR: emp17_H_202503_full_N0_20250303_014516.zip
2025-08-16 14:51:20,050 - INFO - EXCLUIR: emp17_H_202503_full_N0_20250304_014450.zip
2025-08-16 14:51:20,055 - INFO - EXCLUIR: emp17_H_202503_full_N0_20250305_014550.zip
2025-08-16 14:51:20,060 - INFO - EXCLUIR: emp17_H_202503_full_N0_20250306_014829.zip
2025-08-16 14:51:20,071 - INFO - EXCLUIR: emp17_H_202503_full_N0_20250307_014624.zip
2025-08-16 14:51:20,079 - INFO - EXCLUIR: emp17_H_202503_full_N0_20250308_014509.zip
2025-08-16 14:51:20,083 - INFO - EXCLUIR: emp17_H_202503_full_N0_20250309_014655.zip
2025-08-16 14:51:20,087 - INFO - EXCLUIR: emp17_H_202503_full_N0_20250310_014634.zip
2025-08-16 14:51:20,096 - INFO - EXCLUIR: emp17_H_202503_full_N0_20250311_014532.zip
2025-08-16 14:51:20,106 - INFO - EXCLUIR: emp17_H_202503_full_N0_20250312_014652.zip
2025-08-16 14:51:20,124 - INFO - EXCLUIR: emp17_H_202503_full_N0_20250313_014516.zip
2025-08-16 14:51:20,139 - INFO - EXCLUIR: emp17_H_202503_full_N0_20250314_014539.zip
2025-08-16 14:51:20,146 - INFO - EXCLUIR: emp17_H_202503_full_N0_20250315_014517.zip
2025-08-16 14:51:20,150 - INFO - EXCLUIR: emp17_H_202503_full_N0_20250316_014532.zip
2025-08-16 14:51:20,155 - INFO - EXCLUIR: emp17_H_202503_full_N0_20250317_014639.zip
2025-08-16 14:51:20,160 - INFO - EXCLUIR: emp17_H_202503_full_N0_20250318_014547.zip
2025-08-16 14:51:20,165 - INFO - EXCLUIR: emp17_H_202503_full_N0_20250319_014607.zip
2025-08-16 14:51:20,171 - INFO - EXCLUIR: emp17_H_202503_full_N0_20250320_014622.zip
2025-08-16 14:51:20,181 - INFO - EXCLUIR: emp17_H_202503_full_N0_20250321_014637.zip
2025-08-16 14:51:20,185 - INFO - EXCLUIR: emp17_H_202503_full_N0_20250322_014632.zip
2025-08-16 14:51:20,189 - INFO - EXCLUIR: emp17_H_202503_full_N0_20250323_014511.zip
2025-08-16 14:51:20,195 - INFO - EXCLUIR: emp17_H_202503_full_N0_20250324_014550.zip
2025-08-16 14:51:20,200 - INFO - EXCLUIR: emp17_H_202503_full_N0_20250325_014709.zip
2025-08-16 14:51:20,205 - INFO - EXCLUIR: emp17_H_202503_full_N0_20250326_014640.zip
2025-08-16 14:51:20,209 - INFO - EXCLUIR: emp17_H_202503_full_N0_20250327_015252.zip
2025-08-16 14:51:20,227 - INFO - EXCLUIR: emp17_H_202503_full_N0_20250328_014719.zip
2025-08-16 14:51:20,234 - INFO - EXCLUIR: emp17_H_202503_full_N0_20250329_014956.zip
2025-08-16 14:51:20,238 - INFO - EXCLUIR: emp17_H_202503_full_N0_20250330_014909.zip
2025-08-16 14:51:20,243 - INFO - EXCLUIR: emp17_H_202503_full_N0_20250331_014623.zip
2025-08-16 14:51:20,247 - INFO - 
--- Grupo: emp17_H_202504 (30 arquivos) ---
2025-08-16 14:51:20,252 - INFO - MANTER: emp17_H_202504_full_N0_20250501_015821.zip
2025-08-16 14:51:20,255 - INFO - EXCLUIR: emp17_H_202504_full_N0_20250402_014933.zip
2025-08-16 14:51:20,260 - INFO - EXCLUIR: emp17_H_202504_full_N0_20250403_014613.zip
2025-08-16 14:51:20,265 - INFO - EXCLUIR: emp17_H_202504_full_N0_20250404_014602.zip
2025-08-16 14:51:20,270 - INFO - EXCLUIR: emp17_H_202504_full_N0_20250405_014633.zip
2025-08-16 14:51:20,274 - INFO - EXCLUIR: emp17_H_202504_full_N0_20250406_014716.zip
2025-08-16 14:51:20,286 - INFO - EXCLUIR: emp17_H_202504_full_N0_20250407_014700.zip
2025-08-16 14:51:20,294 - INFO - EXCLUIR: emp17_H_202504_full_N0_20250408_015111.zip
2025-08-16 14:51:20,298 - INFO - EXCLUIR: emp17_H_202504_full_N0_20250409_014827.zip
2025-08-16 14:51:20,302 - INFO - EXCLUIR: emp17_H_202504_full_N0_20250410_014750.zip
2025-08-16 14:51:20,305 - INFO - EXCLUIR: emp17_H_202504_full_N0_20250411_014924.zip
2025-08-16 14:51:20,309 - INFO - EXCLUIR: emp17_H_202504_full_N0_20250412_015105.zip
2025-08-16 14:51:20,313 - INFO - EXCLUIR: emp17_H_202504_full_N0_20250413_014653.zip
2025-08-16 14:51:20,320 - INFO - EXCLUIR: emp17_H_202504_full_N0_20250414_014626.zip
2025-08-16 14:51:20,326 - INFO - EXCLUIR: emp17_H_202504_full_N0_20250415_014753.zip
2025-08-16 14:51:20,336 - INFO - EXCLUIR: emp17_H_202504_full_N0_20250416_015029.zip
2025-08-16 14:51:20,340 - INFO - EXCLUIR: emp17_H_202504_full_N0_20250417_014841.zip
2025-08-16 14:51:20,344 - INFO - EXCLUIR: emp17_H_202504_full_N0_20250418_014806.zip
2025-08-16 14:51:20,347 - INFO - EXCLUIR: emp17_H_202504_full_N0_20250419_014948.zip
2025-08-16 14:51:20,352 - INFO - EXCLUIR: emp17_H_202504_full_N0_20250420_014956.zip
2025-08-16 14:51:20,358 - INFO - EXCLUIR: emp17_H_202504_full_N0_20250421_014732.zip
2025-08-16 14:51:20,361 - INFO - EXCLUIR: emp17_H_202504_full_N0_20250422_014652.zip
2025-08-16 14:51:20,365 - INFO - EXCLUIR: emp17_H_202504_full_N0_20250423_014942.zip
2025-08-16 14:51:20,372 - INFO - EXCLUIR: emp17_H_202504_full_N0_20250424_014906.zip
2025-08-16 14:51:20,376 - INFO - EXCLUIR: emp17_H_202504_full_N0_20250425_014658.zip
2025-08-16 14:51:20,388 - INFO - EXCLUIR: emp17_H_202504_full_N0_20250426_014647.zip
2025-08-16 14:51:20,393 - INFO - EXCLUIR: emp17_H_202504_full_N0_20250427_014628.zip
2025-08-16 14:51:20,397 - INFO - EXCLUIR: emp17_H_202504_full_N0_20250428_014717.zip
2025-08-16 14:51:20,401 - INFO - EXCLUIR: emp17_H_202504_full_N0_20250429_014714.zip
2025-08-16 14:51:20,404 - INFO - EXCLUIR: emp17_H_202504_full_N0_20250430_014919.zip
2025-08-16 14:51:20,408 - INFO - 
--- Grupo: emp17_H_202505 (28 arquivos) ---
2025-08-16 14:51:20,411 - INFO - MANTER: emp17_H_202505_full_N0_20250601_014656.zip
2025-08-16 14:51:20,416 - INFO - EXCLUIR: emp17_H_202505_full_N0_20250502_014910.zip
2025-08-16 14:51:20,421 - INFO - EXCLUIR: emp17_H_202505_full_N0_20250503_015448.zip
2025-08-16 14:51:20,427 - INFO - EXCLUIR: emp17_H_202505_full_N0_20250504_015253.zip
2025-08-16 14:51:20,438 - INFO - EXCLUIR: emp17_H_202505_full_N0_20250505_015758.zip
2025-08-16 14:51:20,444 - INFO - EXCLUIR: emp17_H_202505_full_N0_20250507_015008.zip
2025-08-16 14:51:20,449 - INFO - EXCLUIR: emp17_H_202505_full_N0_20250509_015106.zip
2025-08-16 14:51:20,452 - INFO - EXCLUIR: emp17_H_202505_full_N0_20250510_015451.zip
2025-08-16 14:51:20,457 - INFO - EXCLUIR: emp17_H_202505_full_N0_20250511_015535.zip
2025-08-16 14:51:20,462 - INFO - EXCLUIR: emp17_H_202505_full_N0_20250512_015324.zip
2025-08-16 14:51:20,466 - INFO - EXCLUIR: emp17_H_202505_full_N0_20250513_015539.zip
2025-08-16 14:51:20,475 - INFO - EXCLUIR: emp17_H_202505_full_N0_20250514_015546.zip
2025-08-16 14:51:20,479 - INFO - EXCLUIR: emp17_H_202505_full_N0_20250515_015413.zip
2025-08-16 14:51:20,486 - INFO - EXCLUIR: emp17_H_202505_full_N0_20250516_015309.zip
2025-08-16 14:51:20,490 - INFO - EXCLUIR: emp17_H_202505_full_N0_20250517_015626.zip
2025-08-16 14:51:20,494 - INFO - EXCLUIR: emp17_H_202505_full_N0_20250518_015250.zip
2025-08-16 14:51:20,498 - INFO - EXCLUIR: emp17_H_202505_full_N0_20250519_015455.zip
2025-08-16 14:51:20,502 - INFO - EXCLUIR: emp17_H_202505_full_N0_20250520_015317.zip
2025-08-16 14:51:20,507 - INFO - EXCLUIR: emp17_H_202505_full_N0_20250521_015257.zip
2025-08-16 14:51:20,512 - INFO - EXCLUIR: emp17_H_202505_full_N0_20250522_015535.zip
2025-08-16 14:51:20,517 - INFO - EXCLUIR: emp17_H_202505_full_N0_20250523_015426.zip
2025-08-16 14:51:20,521 - INFO - EXCLUIR: emp17_H_202505_full_N0_20250524_015534.zip
2025-08-16 14:51:20,528 - INFO - EXCLUIR: emp17_H_202505_full_N0_20250525_015245.zip
2025-08-16 14:51:20,534 - INFO - EXCLUIR: emp17_H_202505_full_N0_20250526_015504.zip
2025-08-16 14:51:20,541 - INFO - EXCLUIR: emp17_H_202505_full_N0_20250527_015145.zip
2025-08-16 14:51:20,545 - INFO - EXCLUIR: emp17_H_202505_full_N0_20250528_015232.zip
2025-08-16 14:51:20,549 - INFO - EXCLUIR: emp17_H_202505_full_N0_20250529_015225.zip
2025-08-16 14:51:20,554 - INFO - EXCLUIR: emp17_H_202505_full_N0_20250531_015151.zip
2025-08-16 14:51:20,558 - INFO - 
--- Grupo: emp17_H_202506 (26 arquivos) ---
2025-08-16 14:51:20,561 - INFO - MANTER: emp17_H_202506_full_N0_20250701_015033.zip
2025-08-16 14:51:20,565 - INFO - EXCLUIR: emp17_H_202506_full_N0_20250602_014826.zip
2025-08-16 14:51:20,571 - INFO - EXCLUIR: emp17_H_202506_full_N0_20250603_015046.zip
2025-08-16 14:51:20,576 - INFO - EXCLUIR: emp17_H_202506_full_N0_20250604_015317.zip
2025-08-16 14:51:20,579 - INFO - EXCLUIR: emp17_H_202506_full_N0_20250605_014911.zip
2025-08-16 14:51:20,584 - INFO - EXCLUIR: emp17_H_202506_full_N0_20250606_015018.zip
2025-08-16 14:51:20,590 - INFO - EXCLUIR: emp17_H_202506_full_N0_20250607_015906.zip
2025-08-16 14:51:20,594 - INFO - EXCLUIR: emp17_H_202506_full_N0_20250608_015715.zip
2025-08-16 14:51:20,603 - INFO - EXCLUIR: emp17_H_202506_full_N0_20250609_015856.zip
2025-08-16 14:51:20,608 - INFO - EXCLUIR: emp17_H_202506_full_N0_20250610_020143.zip
2025-08-16 14:51:20,613 - INFO - EXCLUIR: emp17_H_202506_full_N0_20250612_014752.zip
2025-08-16 14:51:20,619 - INFO - EXCLUIR: emp17_H_202506_full_N0_20250613_015253.zip
2025-08-16 14:51:20,623 - INFO - EXCLUIR: emp17_H_202506_full_N0_20250614_015656.zip
2025-08-16 14:51:20,654 - INFO - EXCLUIR: emp17_H_202506_full_N0_20250615_015718.zip
2025-08-16 14:51:20,666 - INFO - EXCLUIR: emp17_H_202506_full_N0_20250617_014750.zip
2025-08-16 14:51:20,670 - INFO - EXCLUIR: emp17_H_202506_full_N0_20250618_014758.zip
2025-08-16 14:51:20,678 - INFO - EXCLUIR: emp17_H_202506_full_N0_20250619_014756.zip
2025-08-16 14:51:20,684 - INFO - EXCLUIR: emp17_H_202506_full_N0_20250620_015015.zip
2025-08-16 14:51:20,688 - INFO - EXCLUIR: emp17_H_202506_full_N0_20250621_015226.zip
2025-08-16 14:51:20,694 - INFO - EXCLUIR: emp17_H_202506_full_N0_20250622_015810.zip
2025-08-16 14:51:20,698 - INFO - EXCLUIR: emp17_H_202506_full_N0_20250624_014902.zip
2025-08-16 14:51:20,702 - INFO - EXCLUIR: emp17_H_202506_full_N0_20250625_015615.zip
2025-08-16 14:51:20,706 - INFO - EXCLUIR: emp17_H_202506_full_N0_20250626_015837.zip
2025-08-16 14:51:20,711 - INFO - EXCLUIR: emp17_H_202506_full_N0_20250628_014954.zip
2025-08-16 14:51:20,715 - INFO - EXCLUIR: emp17_H_202506_full_N0_20250629_014751.zip
2025-08-16 14:51:20,720 - INFO - EXCLUIR: emp17_H_202506_full_N0_20250630_014822.zip
2025-08-16 14:51:20,736 - INFO - 
--- Grupo: emp17_H_202507 (31 arquivos) ---
2025-08-16 14:51:20,740 - INFO - MANTER: emp17_H_202507_full_N0_20250801_015124.zip
2025-08-16 14:51:20,748 - INFO - EXCLUIR: emp17_H_202507_full_N0_20250702_015012.zip
2025-08-16 14:51:20,752 - INFO - EXCLUIR: emp17_H_202507_full_N0_20250703_014807.zip
2025-08-16 14:51:20,757 - INFO - EXCLUIR: emp17_H_202507_full_N0_20250704_014802.zip
2025-08-16 14:51:20,762 - INFO - EXCLUIR: emp17_H_202507_full_N0_20250705_014919.zip
2025-08-16 14:51:20,767 - INFO - EXCLUIR: emp17_H_202507_full_N0_20250706_014857.zip
2025-08-16 14:51:20,773 - INFO - EXCLUIR: emp17_H_202507_full_N0_20250707_014740.zip
2025-08-16 14:51:20,780 - INFO - EXCLUIR: emp17_H_202507_full_N0_20250708_014759.zip
2025-08-16 14:51:20,787 - INFO - EXCLUIR: emp17_H_202507_full_N0_20250709_014833.zip
2025-08-16 14:51:20,797 - INFO - EXCLUIR: emp17_H_202507_full_N0_20250710_014916.zip
2025-08-16 14:51:20,801 - INFO - EXCLUIR: emp17_H_202507_full_N0_20250711_014849.zip
2025-08-16 14:51:20,808 - INFO - EXCLUIR: emp17_H_202507_full_N0_20250712_014930.zip
2025-08-16 14:51:20,812 - INFO - EXCLUIR: emp17_H_202507_full_N0_20250713_015049.zip
2025-08-16 14:51:20,817 - INFO - EXCLUIR: emp17_H_202507_full_N0_20250714_014902.zip
2025-08-16 14:51:20,821 - INFO - EXCLUIR: emp17_H_202507_full_N0_20250715_014916.zip
2025-08-16 14:51:20,826 - INFO - EXCLUIR: emp17_H_202507_full_N0_20250716_015035.zip
2025-08-16 14:51:20,831 - INFO - EXCLUIR: emp17_H_202507_full_N0_20250717_015053.zip
2025-08-16 14:51:20,837 - INFO - EXCLUIR: emp17_H_202507_full_N0_20250718_015005.zip
2025-08-16 14:51:20,846 - INFO - EXCLUIR: emp17_H_202507_full_N0_20250719_014959.zip
2025-08-16 14:51:20,850 - INFO - EXCLUIR: emp17_H_202507_full_N0_20250720_014946.zip
2025-08-16 14:51:20,861 - INFO - EXCLUIR: emp17_H_202507_full_N0_20250721_015044.zip
2025-08-16 14:51:20,866 - INFO - EXCLUIR: emp17_H_202507_full_N0_20250722_015042.zip
2025-08-16 14:51:20,871 - INFO - EXCLUIR: emp17_H_202507_full_N0_20250723_015004.zip
2025-08-16 14:51:20,877 - INFO - EXCLUIR: emp17_H_202507_full_N0_20250724_015553.zip
2025-08-16 14:51:20,882 - INFO - EXCLUIR: emp17_H_202507_full_N0_20250725_014910.zip
2025-08-16 14:51:20,887 - INFO - EXCLUIR: emp17_H_202507_full_N0_20250726_014939.zip
2025-08-16 14:51:20,892 - INFO - EXCLUIR: emp17_H_202507_full_N0_20250727_015015.zip
2025-08-16 14:51:20,900 - INFO - EXCLUIR: emp17_H_202507_full_N0_20250728_014842.zip
2025-08-16 14:51:20,905 - INFO - EXCLUIR: emp17_H_202507_full_N0_20250729_014944.zip
2025-08-16 14:51:20,910 - INFO - EXCLUIR: emp17_H_202507_full_N0_20250730_015140.zip
2025-08-16 14:51:20,915 - INFO - EXCLUIR: emp17_H_202507_full_N0_20250731_015102.zip
2025-08-16 14:51:20,920 - INFO - 
--- Grupo: emp17_H_202508 (15 arquivos) ---
2025-08-16 14:51:20,925 - INFO - MANTER: emp17_H_202508_full_N0_20250816_014939.zip
2025-08-16 14:51:20,930 - INFO - EXCLUIR: emp17_H_202508_full_N0_20250802_014937.zip
2025-08-16 14:51:20,938 - INFO - EXCLUIR: emp17_H_202508_full_N0_20250803_014833.zip
2025-08-16 14:51:20,944 - INFO - EXCLUIR: emp17_H_202508_full_N0_20250804_015018.zip
2025-08-16 14:51:20,954 - INFO - EXCLUIR: emp17_H_202508_full_N0_20250805_015242.zip
2025-08-16 14:51:20,959 - INFO - EXCLUIR: emp17_H_202508_full_N0_20250806_015510.zip
2025-08-16 14:51:20,964 - INFO - EXCLUIR: emp17_H_202508_full_N0_20250807_015610.zip
2025-08-16 14:51:20,968 - INFO - EXCLUIR: emp17_H_202508_full_N0_20250808_015152.zip
2025-08-16 14:51:20,972 - INFO - EXCLUIR: emp17_H_202508_full_N0_20250809_015848.zip
2025-08-16 14:51:20,977 - INFO - EXCLUIR: emp17_H_202508_full_N0_20250810_015433.zip
2025-08-16 14:51:20,982 - INFO - EXCLUIR: emp17_H_202508_full_N0_20250811_015138.zip
2025-08-16 14:51:20,986 - INFO - EXCLUIR: emp17_H_202508_full_N0_20250812_015236.zip
2025-08-16 14:51:20,990 - INFO - EXCLUIR: emp17_H_202508_full_N0_20250813_015223.zip
2025-08-16 14:51:20,994 - INFO - EXCLUIR: emp17_H_202508_full_N0_20250814_015114.zip
2025-08-16 14:51:21,002 - INFO - EXCLUIR: emp17_H_202508_full_N0_20250815_015019.zip
2025-08-16 14:51:21,008 - INFO - 
--- Grupo: emp4138_H_201908 (1 arquivo, nada a fazer) ---
2025-08-16 14:51:21,012 - INFO - MANTER: emp4138_H_201908_full_N0_20240201_022109.zip
2025-08-16 14:51:21,016 - INFO - 
--- Grupo: emp4138_H_201909 (1 arquivo, nada a fazer) ---
2025-08-16 14:51:21,020 - INFO - MANTER: emp4138_H_201909_full_N0_20240201_022109.zip
2025-08-16 14:51:21,027 - INFO - 
--- Grupo: emp4138_H_201910 (2 arquivos) ---
2025-08-16 14:51:21,031 - INFO - MANTER: emp4138_H_201910_full_N0_20240121_031933.zip
2025-08-16 14:51:21,037 - INFO - EXCLUIR: emp4138_H_201910_full_N0_20231220_022740.zip
2025-08-16 14:51:21,043 - INFO - 
--- Grupo: emp4138_H_201911 (2 arquivos) ---
2025-08-16 14:51:21,050 - INFO - MANTER: emp4138_H_201911_full_N0_20240121_032114.zip
2025-08-16 14:51:21,055 - INFO - EXCLUIR: emp4138_H_201911_full_N0_20231220_022936.zip
2025-08-16 14:51:21,060 - INFO - 
--- Grupo: emp4138_H_201912 (2 arquivos) ---
2025-08-16 14:51:21,066 - INFO - MANTER: emp4138_H_201912_full_N0_20240121_031935.zip
2025-08-16 14:51:21,076 - INFO - EXCLUIR: emp4138_H_201912_full_N0_20231220_022742.zip
2025-08-16 14:51:21,083 - INFO - 
--- Grupo: emp4138_H_202001 (2 arquivos) ---
2025-08-16 14:51:21,091 - INFO - MANTER: emp4138_H_202001_full_N0_20240121_031937.zip
2025-08-16 14:51:21,097 - INFO - EXCLUIR: emp4138_H_202001_full_N0_20231220_022745.zip
2025-08-16 14:51:21,105 - INFO - 
--- Grupo: emp4138_H_202002 (2 arquivos) ---
2025-08-16 14:51:21,113 - INFO - MANTER: emp4138_H_202002_full_N0_20240121_031938.zip
2025-08-16 14:51:21,118 - INFO - EXCLUIR: emp4138_H_202002_full_N0_20231220_022748.zip
2025-08-16 14:51:21,123 - INFO - 
--- Grupo: emp4138_H_202003 (1 arquivo, nada a fazer) ---
2025-08-16 14:51:21,130 - INFO - MANTER: emp4138_H_202003_full_N0_20240305_022455.zip
2025-08-16 14:51:21,135 - INFO - 
--- Grupo: emp4138_H_202004 (1 arquivo, nada a fazer) ---
2025-08-16 14:51:21,142 - INFO - MANTER: emp4138_H_202004_full_N0_20240305_022457.zip
2025-08-16 14:51:21,146 - INFO - 
--- Grupo: emp4138_H_202005 (1 arquivo, nada a fazer) ---
2025-08-16 14:51:21,159 - INFO - MANTER: emp4138_H_202005_full_N0_20240305_022457.zip
2025-08-16 14:51:21,165 - INFO - 
--- Grupo: emp4138_H_202006 (1 arquivo, nada a fazer) ---
2025-08-16 14:51:21,171 - INFO - MANTER: emp4138_H_202006_full_N0_20240305_022458.zip
2025-08-16 14:51:21,176 - INFO - 
--- Grupo: emp4138_H_202007 (1 arquivo, nada a fazer) ---
2025-08-16 14:51:21,181 - INFO - MANTER: emp4138_H_202007_full_N0_20240305_022457.zip
2025-08-16 14:51:21,185 - INFO - 
--- Grupo: emp4138_H_202008 (1 arquivo, nada a fazer) ---
2025-08-16 14:51:21,194 - INFO - MANTER: emp4138_H_202008_full_N0_20240305_022457.zip
2025-08-16 14:51:21,204 - INFO - 
--- Grupo: emp4138_H_202009 (1 arquivo, nada a fazer) ---
2025-08-16 14:51:21,209 - INFO - MANTER: emp4138_H_202009_full_N0_20240305_022458.zip
2025-08-16 14:51:21,226 - INFO - 
--- Grupo: emp4138_H_202010 (1 arquivo, nada a fazer) ---
2025-08-16 14:51:21,236 - INFO - MANTER: emp4138_H_202010_full_N0_20240305_022456.zip
2025-08-16 14:51:21,247 - INFO - 
--- Grupo: emp4138_H_202011 (1 arquivo, nada a fazer) ---
2025-08-16 14:51:21,257 - INFO - MANTER: emp4138_H_202011_full_N0_20240305_022455.zip
2025-08-16 14:51:21,263 - INFO - 
--- Grupo: emp4138_H_202012 (1 arquivo, nada a fazer) ---
2025-08-16 14:51:21,267 - INFO - MANTER: emp4138_H_202012_full_N0_20240305_022456.zip
2025-08-16 14:51:21,273 - INFO - 
--- Grupo: emp4138_H_202101 (1 arquivo, nada a fazer) ---
2025-08-16 14:51:21,278 - INFO - MANTER: emp4138_H_202101_full_N0_20240305_022459.zip
2025-08-16 14:51:21,282 - INFO - 
--- Grupo: emp4138_H_202102 (1 arquivo, nada a fazer) ---
2025-08-16 14:51:21,291 - INFO - MANTER: emp4138_H_202102_full_N0_20240305_022455.zip
2025-08-16 14:51:21,296 - INFO - 
--- Grupo: emp4138_H_202103 (1 arquivo, nada a fazer) ---
2025-08-16 14:51:21,300 - INFO - MANTER: emp4138_H_202103_full_N0_20240305_022458.zip
2025-08-16 14:51:21,312 - INFO - 
--- Grupo: emp4138_H_202104 (1 arquivo, nada a fazer) ---
2025-08-16 14:51:21,320 - INFO - MANTER: emp4138_H_202104_full_N0_20240305_022458.zip
2025-08-16 14:51:21,327 - INFO - 
--- Grupo: emp4138_H_202105 (1 arquivo, nada a fazer) ---
2025-08-16 14:51:21,333 - INFO - MANTER: emp4138_H_202105_full_N0_20240305_022457.zip
2025-08-16 14:51:21,337 - INFO - 
--- Grupo: emp4138_H_202106 (1 arquivo, nada a fazer) ---
2025-08-16 14:51:21,347 - INFO - MANTER: emp4138_H_202106_full_N0_20240305_022456.zip
2025-08-16 14:51:21,358 - INFO - 
--- Grupo: emp4138_H_202107 (1 arquivo, nada a fazer) ---
2025-08-16 14:51:21,362 - INFO - MANTER: emp4138_H_202107_full_N0_20240305_022459.zip
2025-08-16 14:51:21,367 - INFO - 
--- Grupo: emp4138_H_202108 (1 arquivo, nada a fazer) ---
2025-08-16 14:51:21,374 - INFO - MANTER: emp4138_H_202108_full_N0_20240305_022456.zip
2025-08-16 14:51:21,377 - INFO - 
--- Grupo: emp4138_H_202109 (1 arquivo, nada a fazer) ---
2025-08-16 14:51:21,395 - INFO - MANTER: emp4138_H_202109_full_N0_20240305_022457.zip
2025-08-16 14:51:21,403 - INFO - 
--- Grupo: emp4138_H_202110 (1 arquivo, nada a fazer) ---
2025-08-16 14:51:21,413 - INFO - MANTER: emp4138_H_202110_full_N0_20240305_022457.zip
2025-08-16 14:51:21,420 - INFO - 
--- Grupo: emp4138_H_202111 (1 arquivo, nada a fazer) ---
2025-08-16 14:51:21,424 - INFO - MANTER: emp4138_H_202111_full_N0_20240305_022456.zip
2025-08-16 14:51:21,428 - INFO - 
--- Grupo: emp4138_H_202112 (1 arquivo, nada a fazer) ---
2025-08-16 14:51:21,433 - INFO - MANTER: emp4138_H_202112_full_N0_20240305_022458.zip
2025-08-16 14:51:21,437 - INFO - 
--- Grupo: emp4138_H_202201 (1 arquivo, nada a fazer) ---
2025-08-16 14:51:21,445 - INFO - MANTER: emp4138_H_202201_full_N0_20240305_022459.zip
2025-08-16 14:51:21,452 - INFO - 
--- Grupo: emp4138_H_202202 (1 arquivo, nada a fazer) ---
2025-08-16 14:51:21,457 - INFO - MANTER: emp4138_H_202202_full_N0_20240305_022459.zip
2025-08-16 14:51:21,462 - INFO - 
--- Grupo: emp4138_H_202203 (1 arquivo, nada a fazer) ---
2025-08-16 14:51:21,469 - INFO - MANTER: emp4138_H_202203_full_N0_20240305_022456.zip
2025-08-16 14:51:21,475 - INFO - 
--- Grupo: emp4138_H_202204 (1 arquivo, nada a fazer) ---
2025-08-16 14:51:21,487 - INFO - MANTER: emp4138_H_202204_full_N0_20240305_022455.zip
2025-08-16 14:51:21,496 - INFO - 
--- Grupo: emp4138_H_202205 (1 arquivo, nada a fazer) ---
2025-08-16 14:51:21,500 - INFO - MANTER: emp4138_H_202205_full_N0_20240305_022458.zip
2025-08-16 14:51:21,506 - INFO - 
--- Grupo: emp4138_H_202206 (1 arquivo, nada a fazer) ---
2025-08-16 14:51:21,520 - INFO - MANTER: emp4138_H_202206_full_N0_20240305_022456.zip
2025-08-16 14:51:21,525 - INFO - 
--- Grupo: emp4138_H_202207 (1 arquivo, nada a fazer) ---
2025-08-16 14:51:21,528 - INFO - MANTER: emp4138_H_202207_full_N0_20240305_022458.zip
2025-08-16 14:51:21,540 - INFO - 
--- Grupo: emp4138_H_202208 (1 arquivo, nada a fazer) ---
2025-08-16 14:51:21,546 - INFO - MANTER: emp4138_H_202208_full_N0_20240305_022455.zip
2025-08-16 14:51:21,555 - INFO - 
--- Grupo: emp4138_H_202209 (1 arquivo, nada a fazer) ---
2025-08-16 14:51:21,566 - INFO - MANTER: emp4138_H_202209_full_N0_20240305_022457.zip
2025-08-16 14:51:21,578 - INFO - 
--- Grupo: emp4138_H_202210 (1 arquivo, nada a fazer) ---
2025-08-16 14:51:21,584 - INFO - MANTER: emp4138_H_202210_full_N0_20240305_022458.zip
2025-08-16 14:51:21,588 - INFO - 
--- Grupo: emp4138_H_202211 (1 arquivo, nada a fazer) ---
2025-08-16 14:51:21,594 - INFO - MANTER: emp4138_H_202211_full_N0_20240305_022457.zip
2025-08-16 14:51:21,602 - INFO - 
--- Grupo: emp4138_H_202212 (1 arquivo, nada a fazer) ---
2025-08-16 14:51:21,607 - INFO - MANTER: emp4138_H_202212_full_N0_20240305_022457.zip
2025-08-16 14:51:21,629 - INFO - 
--- Grupo: emp4138_H_202301 (1 arquivo, nada a fazer) ---
2025-08-16 14:51:21,638 - INFO - MANTER: emp4138_H_202301_full_N0_20240305_022455.zip
2025-08-16 14:51:21,642 - INFO - 
--- Grupo: emp4138_H_202302 (1 arquivo, nada a fazer) ---
2025-08-16 14:51:21,649 - INFO - MANTER: emp4138_H_202302_full_N0_20240305_022500.zip
2025-08-16 14:51:21,654 - INFO - 
--- Grupo: emp4138_H_202303 (1 arquivo, nada a fazer) ---
2025-08-16 14:51:21,659 - INFO - MANTER: emp4138_H_202303_full_N0_20240305_022456.zip
2025-08-16 14:51:21,669 - INFO - 
--- Grupo: emp4138_H_202304 (1 arquivo, nada a fazer) ---
2025-08-16 14:51:21,673 - INFO - MANTER: emp4138_H_202304_full_N0_20240305_022459.zip
2025-08-16 14:51:21,677 - INFO - 
--- Grupo: emp4138_H_202305 (1 arquivo, nada a fazer) ---
2025-08-16 14:51:21,681 - INFO - MANTER: emp4138_H_202305_full_N0_20240305_022459.zip
2025-08-16 14:51:21,685 - INFO - 
--- Grupo: emp4138_H_202306 (1 arquivo, nada a fazer) ---
2025-08-16 14:51:21,689 - INFO - MANTER: emp4138_H_202306_full_N0_20240305_022459.zip
2025-08-16 14:51:21,695 - INFO - 
--- Grupo: emp4138_H_202307 (1 arquivo, nada a fazer) ---
2025-08-16 14:51:21,701 - INFO - MANTER: emp4138_H_202307_full_N0_20240305_022455.zip
2025-08-16 14:51:21,705 - INFO - 
--- Grupo: emp4138_H_202308 (1 arquivo, nada a fazer) ---
2025-08-16 14:51:21,709 - INFO - MANTER: emp4138_H_202308_full_N0_20240305_022458.zip
2025-08-16 14:51:21,719 - INFO - 
--- Grupo: emp4138_H_202309 (1 arquivo, nada a fazer) ---
2025-08-16 14:51:21,725 - INFO - MANTER: emp4138_H_202309_full_N0_20240305_022456.zip
2025-08-16 14:51:21,729 - INFO - 
--- Grupo: emp4138_H_202310 (1 arquivo, nada a fazer) ---
2025-08-16 14:51:21,734 - INFO - MANTER: emp4138_H_202310_full_N0_20240305_022458.zip
2025-08-16 14:51:21,738 - INFO - 
--- Grupo: emp4138_H_202311 (1 arquivo, nada a fazer) ---
2025-08-16 14:51:21,742 - INFO - MANTER: emp4138_H_202311_full_N0_20240305_022458.zip
2025-08-16 14:51:21,748 - INFO - 
--- Grupo: emp4138_H_202312 (1 arquivo, nada a fazer) ---
2025-08-16 14:51:21,757 - INFO - MANTER: emp4138_H_202312_full_N0_20240305_022456.zip
2025-08-16 14:51:21,763 - INFO - 
--- Grupo: emp4138_H_202401 (1 arquivo, nada a fazer) ---
2025-08-16 14:51:21,768 - INFO - MANTER: emp4138_H_202401_full_N0_20240305_022459.zip
2025-08-16 14:51:21,773 - INFO - 
--- Grupo: emp4138_H_202402 (1 arquivo, nada a fazer) ---
2025-08-16 14:51:21,777 - INFO - MANTER: emp4138_H_202402_full_N0_20240305_022459.zip
2025-08-16 14:51:21,781 - INFO - 
--- Grupo: emp4138_H_202403 (25 arquivos) ---
2025-08-16 14:51:21,786 - INFO - MANTER: emp4138_H_202403_full_N0_20240915_115904.zip
2025-08-16 14:51:21,790 - INFO - EXCLUIR: emp4138_H_202403_full_N0_20240309_022950.zip
2025-08-16 14:51:21,795 - INFO - EXCLUIR: emp4138_H_202403_full_N0_20240310_022959.zip
2025-08-16 14:51:21,801 - INFO - EXCLUIR: emp4138_H_202403_full_N0_20240311_022449.zip
2025-08-16 14:51:21,805 - INFO - EXCLUIR: emp4138_H_202403_full_N0_20240312_023024.zip
2025-08-16 14:51:21,811 - INFO - EXCLUIR: emp4138_H_202403_full_N0_20240313_023004.zip
2025-08-16 14:51:21,826 - INFO - EXCLUIR: emp4138_H_202403_full_N0_20240314_022630.zip
2025-08-16 14:51:21,831 - INFO - EXCLUIR: emp4138_H_202403_full_N0_20240315_023229.zip
2025-08-16 14:51:21,836 - INFO - EXCLUIR: emp4138_H_202403_full_N0_20240316_023350.zip
2025-08-16 14:51:21,840 - INFO - EXCLUIR: emp4138_H_202403_full_N0_20240317_022957.zip
2025-08-16 14:51:21,845 - INFO - EXCLUIR: emp4138_H_202403_full_N0_20240318_023111.zip
2025-08-16 14:51:21,849 - INFO - EXCLUIR: emp4138_H_202403_full_N0_20240319_023054.zip
2025-08-16 14:51:21,859 - INFO - EXCLUIR: emp4138_H_202403_full_N0_20240320_022701.zip
2025-08-16 14:51:21,863 - INFO - EXCLUIR: emp4138_H_202403_full_N0_20240321_023307.zip
2025-08-16 14:51:21,871 - INFO - EXCLUIR: emp4138_H_202403_full_N0_20240322_023248.zip
2025-08-16 14:51:21,876 - INFO - EXCLUIR: emp4138_H_202403_full_N0_20240323_023238.zip
2025-08-16 14:51:21,879 - INFO - EXCLUIR: emp4138_H_202403_full_N0_20240324_023228.zip
2025-08-16 14:51:21,888 - INFO - EXCLUIR: emp4138_H_202403_full_N0_20240325_023251.zip
2025-08-16 14:51:21,892 - INFO - EXCLUIR: emp4138_H_202403_full_N0_20240326_023034.zip
2025-08-16 14:51:21,897 - INFO - EXCLUIR: emp4138_H_202403_full_N0_20240327_023344.zip
2025-08-16 14:51:21,901 - INFO - EXCLUIR: emp4138_H_202403_full_N0_20240328_023338.zip
2025-08-16 14:51:21,912 - INFO - EXCLUIR: emp4138_H_202403_full_N0_20240329_023413.zip
2025-08-16 14:51:21,923 - INFO - EXCLUIR: emp4138_H_202403_full_N0_20240330_023414.zip
2025-08-16 14:51:21,926 - INFO - EXCLUIR: emp4138_H_202403_full_N0_20240331_023356.zip
2025-08-16 14:51:21,935 - INFO - EXCLUIR: emp4138_H_202403_full_N0_20240401_023400.zip
2025-08-16 14:51:21,939 - INFO - 
--- Grupo: emp4138_H_202404 (31 arquivos) ---
2025-08-16 14:51:21,945 - INFO - MANTER: emp4138_H_202404_full_N0_20240915_115904.zip
2025-08-16 14:51:21,949 - INFO - EXCLUIR: emp4138_H_202404_full_N0_20240402_022912.zip
2025-08-16 14:51:21,962 - INFO - EXCLUIR: emp4138_H_202404_full_N0_20240403_022947.zip
2025-08-16 14:51:21,966 - INFO - EXCLUIR: emp4138_H_202404_full_N0_20240404_022419.zip
2025-08-16 14:51:21,977 - INFO - EXCLUIR: emp4138_H_202404_full_N0_20240405_022956.zip
2025-08-16 14:51:21,982 - INFO - EXCLUIR: emp4138_H_202404_full_N0_20240406_022956.zip
2025-08-16 14:51:21,986 - INFO - EXCLUIR: emp4138_H_202404_full_N0_20240407_022934.zip
2025-08-16 14:51:21,990 - INFO - EXCLUIR: emp4138_H_202404_full_N0_20240408_023017.zip
2025-08-16 14:51:21,994 - INFO - EXCLUIR: emp4138_H_202404_full_N0_20240409_023036.zip
2025-08-16 14:51:21,999 - INFO - EXCLUIR: emp4138_H_202404_full_N0_20240410_022603.zip
2025-08-16 14:51:22,004 - INFO - EXCLUIR: emp4138_H_202404_full_N0_20240411_023100.zip
2025-08-16 14:51:22,008 - INFO - EXCLUIR: emp4138_H_202404_full_N0_20240412_023036.zip
2025-08-16 14:51:22,013 - INFO - EXCLUIR: emp4138_H_202404_full_N0_20240413_022754.zip
2025-08-16 14:51:22,019 - INFO - EXCLUIR: emp4138_H_202404_full_N0_20240414_023042.zip
2025-08-16 14:51:22,024 - INFO - EXCLUIR: emp4138_H_202404_full_N0_20240415_023105.zip
2025-08-16 14:51:22,028 - INFO - EXCLUIR: emp4138_H_202404_full_N0_20240416_023117.zip
2025-08-16 14:51:22,032 - INFO - EXCLUIR: emp4138_H_202404_full_N0_20240417_023117.zip
2025-08-16 14:51:22,039 - INFO - EXCLUIR: emp4138_H_202404_full_N0_20240418_023201.zip
2025-08-16 14:51:22,043 - INFO - EXCLUIR: emp4138_H_202404_full_N0_20240419_023215.zip
2025-08-16 14:51:22,048 - INFO - EXCLUIR: emp4138_H_202404_full_N0_20240420_023232.zip
2025-08-16 14:51:22,055 - INFO - EXCLUIR: emp4138_H_202404_full_N0_20240421_023235.zip
2025-08-16 14:51:22,065 - INFO - EXCLUIR: emp4138_H_202404_full_N0_20240422_023037.zip
2025-08-16 14:51:22,076 - INFO - EXCLUIR: emp4138_H_202404_full_N0_20240423_023324.zip
2025-08-16 14:51:22,081 - INFO - EXCLUIR: emp4138_H_202404_full_N0_20240424_023341.zip
2025-08-16 14:51:22,086 - INFO - EXCLUIR: emp4138_H_202404_full_N0_20240425_023114.zip
2025-08-16 14:51:22,091 - INFO - EXCLUIR: emp4138_H_202404_full_N0_20240426_023420.zip
2025-08-16 14:51:22,097 - INFO - EXCLUIR: emp4138_H_202404_full_N0_20240427_023422.zip
2025-08-16 14:51:22,103 - INFO - EXCLUIR: emp4138_H_202404_full_N0_20240428_023028.zip
2025-08-16 14:51:22,120 - INFO - EXCLUIR: emp4138_H_202404_full_N0_20240429_022915.zip
2025-08-16 14:51:22,128 - INFO - EXCLUIR: emp4138_H_202404_full_N0_20240430_023419.zip
2025-08-16 14:51:22,136 - INFO - EXCLUIR: emp4138_H_202404_full_N0_20240501_023434.zip
2025-08-16 14:51:22,140 - INFO - 
--- Grupo: emp4138_H_202405 (26 arquivos) ---
2025-08-16 14:51:22,144 - INFO - MANTER: emp4138_H_202405_full_N0_20240915_115904.zip
2025-08-16 14:51:22,151 - INFO - EXCLUIR: emp4138_H_202405_full_N0_20240502_022423.zip
2025-08-16 14:51:22,156 - INFO - EXCLUIR: emp4138_H_202405_full_N0_20240503_023008.zip
2025-08-16 14:51:22,160 - INFO - EXCLUIR: emp4138_H_202405_full_N0_20240504_022937.zip
2025-08-16 14:51:22,167 - INFO - EXCLUIR: emp4138_H_202405_full_N0_20240505_022422.zip
2025-08-16 14:51:22,172 - INFO - EXCLUIR: emp4138_H_202405_full_N0_20240506_022506.zip
2025-08-16 14:51:22,181 - INFO - EXCLUIR: emp4138_H_202405_full_N0_20240507_022948.zip
2025-08-16 14:51:22,186 - INFO - EXCLUIR: emp4138_H_202405_full_N0_20240508_022426.zip
2025-08-16 14:51:22,191 - INFO - EXCLUIR: emp4138_H_202405_full_N0_20240509_023017.zip
2025-08-16 14:51:22,198 - INFO - EXCLUIR: emp4138_H_202405_full_N0_20240510_022942.zip
2025-08-16 14:51:22,203 - INFO - EXCLUIR: emp4138_H_202405_full_N0_20240511_022429.zip
2025-08-16 14:51:22,208 - INFO - EXCLUIR: emp4138_H_202405_full_N0_20240512_023030.zip
2025-08-16 14:51:22,220 - INFO - EXCLUIR: emp4138_H_202405_full_N0_20240519_023127.zip
2025-08-16 14:51:22,227 - INFO - EXCLUIR: emp4138_H_202405_full_N0_20240520_023146.zip
2025-08-16 14:51:22,231 - INFO - EXCLUIR: emp4138_H_202405_full_N0_20240521_023225.zip
2025-08-16 14:51:22,236 - INFO - EXCLUIR: emp4138_H_202405_full_N0_20240522_023240.zip
2025-08-16 14:51:22,240 - INFO - EXCLUIR: emp4138_H_202405_full_N0_20240523_023300.zip
2025-08-16 14:51:22,244 - INFO - EXCLUIR: emp4138_H_202405_full_N0_20240524_023315.zip
2025-08-16 14:51:22,248 - INFO - EXCLUIR: emp4138_H_202405_full_N0_20240525_023315.zip
2025-08-16 14:51:22,254 - INFO - EXCLUIR: emp4138_H_202405_full_N0_20240526_023259.zip
2025-08-16 14:51:22,259 - INFO - EXCLUIR: emp4138_H_202405_full_N0_20240527_023329.zip
2025-08-16 14:51:22,281 - INFO - EXCLUIR: emp4138_H_202405_full_N0_20240528_023347.zip
2025-08-16 14:51:22,285 - INFO - EXCLUIR: emp4138_H_202405_full_N0_20240529_023220.zip
2025-08-16 14:51:22,291 - INFO - EXCLUIR: emp4138_H_202405_full_N0_20240530_023331.zip
2025-08-16 14:51:22,297 - INFO - EXCLUIR: emp4138_H_202405_full_N0_20240531_023400.zip
2025-08-16 14:51:22,302 - INFO - EXCLUIR: emp4138_H_202405_full_N0_20240601_023402.zip
2025-08-16 14:51:22,306 - INFO - 
--- Grupo: emp4138_H_202406 (30 arquivos) ---
2025-08-16 14:51:22,311 - INFO - MANTER: emp4138_H_202406_full_N0_20240701_023553.zip
2025-08-16 14:51:22,316 - INFO - EXCLUIR: emp4138_H_202406_full_N0_20240602_022941.zip
2025-08-16 14:51:22,322 - INFO - EXCLUIR: emp4138_H_202406_full_N0_20240603_023035.zip
2025-08-16 14:51:22,326 - INFO - EXCLUIR: emp4138_H_202406_full_N0_20240604_022531.zip
2025-08-16 14:51:22,333 - INFO - EXCLUIR: emp4138_H_202406_full_N0_20240605_023036.zip
2025-08-16 14:51:22,337 - INFO - EXCLUIR: emp4138_H_202406_full_N0_20240606_023047.zip
2025-08-16 14:51:22,341 - INFO - EXCLUIR: emp4138_H_202406_full_N0_20240607_022909.zip
2025-08-16 14:51:22,345 - INFO - EXCLUIR: emp4138_H_202406_full_N0_20240608_023052.zip
2025-08-16 14:51:22,352 - INFO - EXCLUIR: emp4138_H_202406_full_N0_20240609_023113.zip
2025-08-16 14:51:22,356 - INFO - EXCLUIR: emp4138_H_202406_full_N0_20240610_023122.zip
2025-08-16 14:51:22,361 - INFO - EXCLUIR: emp4138_H_202406_full_N0_20240611_022909.zip
2025-08-16 14:51:22,368 - INFO - EXCLUIR: emp4138_H_202406_full_N0_20240612_023149.zip
2025-08-16 14:51:22,374 - INFO - EXCLUIR: emp4138_H_202406_full_N0_20240613_023200.zip
2025-08-16 14:51:22,405 - INFO - EXCLUIR: emp4138_H_202406_full_N0_20240614_023143.zip
2025-08-16 14:51:22,425 - INFO - EXCLUIR: emp4138_H_202406_full_N0_20240615_023211.zip
2025-08-16 14:51:22,434 - INFO - EXCLUIR: emp4138_H_202406_full_N0_20240616_022709.zip
2025-08-16 14:51:22,445 - INFO - EXCLUIR: emp4138_H_202406_full_N0_20240617_023252.zip
2025-08-16 14:51:22,456 - INFO - EXCLUIR: emp4138_H_202406_full_N0_20240618_023308.zip
2025-08-16 14:51:22,460 - INFO - EXCLUIR: emp4138_H_202406_full_N0_20240619_022740.zip
2025-08-16 14:51:22,473 - INFO - EXCLUIR: emp4138_H_202406_full_N0_20240620_023257.zip
2025-08-16 14:51:22,487 - INFO - EXCLUIR: emp4138_H_202406_full_N0_20240621_023206.zip
2025-08-16 14:51:22,498 - INFO - EXCLUIR: emp4138_H_202406_full_N0_20240622_022849.zip
2025-08-16 14:51:22,533 - INFO - EXCLUIR: emp4138_H_202406_full_N0_20240623_023408.zip
2025-08-16 14:51:22,538 - INFO - EXCLUIR: emp4138_H_202406_full_N0_20240624_023413.zip
2025-08-16 14:51:22,544 - INFO - EXCLUIR: emp4138_H_202406_full_N0_20240625_022935.zip
2025-08-16 14:51:22,550 - INFO - EXCLUIR: emp4138_H_202406_full_N0_20240626_023514.zip
2025-08-16 14:51:22,555 - INFO - EXCLUIR: emp4138_H_202406_full_N0_20240627_023500.zip
2025-08-16 14:51:22,560 - INFO - EXCLUIR: emp4138_H_202406_full_N0_20240628_023555.zip
2025-08-16 14:51:22,566 - INFO - EXCLUIR: emp4138_H_202406_full_N0_20240629_023522.zip
2025-08-16 14:51:22,571 - INFO - EXCLUIR: emp4138_H_202406_full_N0_20240630_023548.zip
2025-08-16 14:51:22,579 - INFO - 
--- Grupo: emp4138_H_202407 (32 arquivos) ---
2025-08-16 14:51:22,590 - INFO - MANTER: emp4138_H_202407_full_N0_20240915_115904.zip
2025-08-16 14:51:22,614 - INFO - EXCLUIR: emp4138_H_202407_full_N0_20240702_023039.zip
2025-08-16 14:51:22,619 - INFO - EXCLUIR: emp4138_H_202407_full_N0_20240703_022906.zip
2025-08-16 14:51:22,624 - INFO - EXCLUIR: emp4138_H_202407_full_N0_20240704_023100.zip
2025-08-16 14:51:22,629 - INFO - EXCLUIR: emp4138_H_202407_full_N0_20240705_023132.zip
2025-08-16 14:51:22,635 - INFO - EXCLUIR: emp4138_H_202407_full_N0_20240706_023121.zip
2025-08-16 14:51:22,639 - INFO - EXCLUIR: emp4138_H_202407_full_N0_20240707_022546.zip
2025-08-16 14:51:22,644 - INFO - EXCLUIR: emp4138_H_202407_full_N0_20240708_023145.zip
2025-08-16 14:51:22,649 - INFO - EXCLUIR: emp4138_H_202407_full_N0_20240709_023153.zip
2025-08-16 14:51:22,653 - INFO - EXCLUIR: emp4138_H_202407_full_N0_20240710_022944.zip
2025-08-16 14:51:22,657 - INFO - EXCLUIR: emp4138_H_202407_full_N0_20240711_023154.zip
2025-08-16 14:51:22,667 - INFO - EXCLUIR: emp4138_H_202407_full_N0_20240712_023300.zip
2025-08-16 14:51:22,673 - INFO - EXCLUIR: emp4138_H_202407_full_N0_20240713_022853.zip
2025-08-16 14:51:22,689 - INFO - EXCLUIR: emp4138_H_202407_full_N0_20240714_023223.zip
2025-08-16 14:51:22,702 - INFO - EXCLUIR: emp4138_H_202407_full_N0_20240715_023353.zip
2025-08-16 14:51:22,706 - INFO - EXCLUIR: emp4138_H_202407_full_N0_20240716_023014.zip
2025-08-16 14:51:22,711 - INFO - EXCLUIR: emp4138_H_202407_full_N0_20240717_023455.zip
2025-08-16 14:51:22,715 - INFO - EXCLUIR: emp4138_H_202407_full_N0_20240718_023321.zip
2025-08-16 14:51:22,720 - INFO - EXCLUIR: emp4138_H_202407_full_N0_20240719_023039.zip
2025-08-16 14:51:22,731 - INFO - EXCLUIR: emp4138_H_202407_full_N0_20240720_023445.zip
2025-08-16 14:51:22,747 - INFO - EXCLUIR: emp4138_H_202407_full_N0_20240721_023433.zip
2025-08-16 14:51:22,753 - INFO - EXCLUIR: emp4138_H_202407_full_N0_20240722_022950.zip
2025-08-16 14:51:22,759 - INFO - EXCLUIR: emp4138_H_202407_full_N0_20240723_023500.zip
2025-08-16 14:51:22,763 - INFO - EXCLUIR: emp4138_H_202407_full_N0_20240724_023502.zip
2025-08-16 14:51:22,768 - INFO - EXCLUIR: emp4138_H_202407_full_N0_20240725_023200.zip
2025-08-16 14:51:22,774 - INFO - EXCLUIR: emp4138_H_202407_full_N0_20240726_023532.zip
2025-08-16 14:51:22,782 - INFO - EXCLUIR: emp4138_H_202407_full_N0_20240727_023527.zip
2025-08-16 14:51:22,788 - INFO - EXCLUIR: emp4138_H_202407_full_N0_20240728_022942.zip
2025-08-16 14:51:22,798 - INFO - EXCLUIR: emp4138_H_202407_full_N0_20240729_023634.zip
2025-08-16 14:51:22,806 - INFO - EXCLUIR: emp4138_H_202407_full_N0_20240730_023632.zip
2025-08-16 14:51:22,813 - INFO - EXCLUIR: emp4138_H_202407_full_N0_20240731_023216.zip
2025-08-16 14:51:22,820 - INFO - EXCLUIR: emp4138_H_202407_full_N0_20240801_023715.zip
2025-08-16 14:51:22,828 - INFO - 
--- Grupo: emp4138_H_202408 (32 arquivos) ---
2025-08-16 14:51:22,834 - INFO - MANTER: emp4138_H_202408_full_N0_20240915_115905.zip
2025-08-16 14:51:22,852 - INFO - EXCLUIR: emp4138_H_202408_full_N0_20240802_023057.zip
2025-08-16 14:51:22,859 - INFO - EXCLUIR: emp4138_H_202408_full_N0_20240803_023125.zip
2025-08-16 14:51:22,863 - INFO - EXCLUIR: emp4138_H_202408_full_N0_20240804_023137.zip
2025-08-16 14:51:22,869 - INFO - EXCLUIR: emp4138_H_202408_full_N0_20240805_023156.zip
2025-08-16 14:51:22,872 - INFO - EXCLUIR: emp4138_H_202408_full_N0_20240806_023139.zip
2025-08-16 14:51:22,883 - INFO - EXCLUIR: emp4138_H_202408_full_N0_20240807_023016.zip
2025-08-16 14:51:22,887 - INFO - EXCLUIR: emp4138_H_202408_full_N0_20240808_022729.zip
2025-08-16 14:51:22,906 - INFO - EXCLUIR: emp4138_H_202408_full_N0_20240809_023224.zip
2025-08-16 14:51:22,910 - INFO - EXCLUIR: emp4138_H_202408_full_N0_20240810_023212.zip
2025-08-16 14:51:22,915 - INFO - EXCLUIR: emp4138_H_202408_full_N0_20240811_023211.zip
2025-08-16 14:51:22,919 - INFO - EXCLUIR: emp4138_H_202408_full_N0_20240812_023206.zip
2025-08-16 14:51:22,924 - INFO - EXCLUIR: emp4138_H_202408_full_N0_20240813_023315.zip
2025-08-16 14:51:22,930 - INFO - EXCLUIR: emp4138_H_202408_full_N0_20240814_023310.zip
2025-08-16 14:51:22,935 - INFO - EXCLUIR: emp4138_H_202408_full_N0_20240815_023345.zip
2025-08-16 14:51:22,939 - INFO - EXCLUIR: emp4138_H_202408_full_N0_20240816_023317.zip
2025-08-16 14:51:22,948 - INFO - EXCLUIR: emp4138_H_202408_full_N0_20240817_023315.zip
2025-08-16 14:51:22,953 - INFO - EXCLUIR: emp4138_H_202408_full_N0_20240818_023305.zip
2025-08-16 14:51:22,957 - INFO - EXCLUIR: emp4138_H_202408_full_N0_20240819_023328.zip
2025-08-16 14:51:22,961 - INFO - EXCLUIR: emp4138_H_202408_full_N0_20240820_023026.zip
2025-08-16 14:51:22,965 - INFO - EXCLUIR: emp4138_H_202408_full_N0_20240821_023456.zip
2025-08-16 14:51:22,971 - INFO - EXCLUIR: emp4138_H_202408_full_N0_20240822_023448.zip
2025-08-16 14:51:22,976 - INFO - EXCLUIR: emp4138_H_202408_full_N0_20240823_023521.zip
2025-08-16 14:51:22,981 - INFO - EXCLUIR: emp4138_H_202408_full_N0_20240824_023546.zip
2025-08-16 14:51:22,988 - INFO - EXCLUIR: emp4138_H_202408_full_N0_20240825_023544.zip
2025-08-16 14:51:22,996 - INFO - EXCLUIR: emp4138_H_202408_full_N0_20240826_022939.zip
2025-08-16 14:51:23,000 - INFO - EXCLUIR: emp4138_H_202408_full_N0_20240827_023614.zip
2025-08-16 14:51:23,006 - INFO - EXCLUIR: emp4138_H_202408_full_N0_20240828_023612.zip
2025-08-16 14:51:23,010 - INFO - EXCLUIR: emp4138_H_202408_full_N0_20240829_023638.zip
2025-08-16 14:51:23,015 - INFO - EXCLUIR: emp4138_H_202408_full_N0_20240830_023653.zip
2025-08-16 14:51:23,019 - INFO - EXCLUIR: emp4138_H_202408_full_N0_20240831_023640.zip
2025-08-16 14:51:23,022 - INFO - EXCLUIR: emp4138_H_202408_full_N0_20240901_023253.zip
2025-08-16 14:51:23,033 - INFO - 
--- Grupo: emp4138_H_202409 (18 arquivos) ---
2025-08-16 14:51:23,037 - INFO - MANTER: emp4138_H_202409_full_N0_20241001_020503.zip
2025-08-16 14:51:23,053 - INFO - EXCLUIR: emp4138_H_202409_full_N0_20240902_023129.zip
2025-08-16 14:51:23,061 - INFO - EXCLUIR: emp4138_H_202409_full_N0_20240903_023137.zip
2025-08-16 14:51:23,065 - INFO - EXCLUIR: emp4138_H_202409_full_N0_20240904_022520.zip
2025-08-16 14:51:23,069 - INFO - EXCLUIR: emp4138_H_202409_full_N0_20240905_023219.zip
2025-08-16 14:51:23,076 - INFO - EXCLUIR: emp4138_H_202409_full_N0_20240906_023243.zip
2025-08-16 14:51:23,093 - INFO - EXCLUIR: emp4138_H_202409_full_N0_20240907_022708.zip
2025-08-16 14:51:23,104 - INFO - EXCLUIR: emp4138_H_202409_full_N0_20240908_023241.zip
2025-08-16 14:51:23,108 - INFO - EXCLUIR: emp4138_H_202409_full_N0_20240909_023222.zip
2025-08-16 14:51:23,113 - INFO - EXCLUIR: emp4138_H_202409_full_N0_20240910_022528.zip
2025-08-16 14:51:23,117 - INFO - EXCLUIR: emp4138_H_202409_full_N0_20240911_023240.zip
2025-08-16 14:51:23,121 - INFO - EXCLUIR: emp4138_H_202409_full_N0_20240912_023346.zip
2025-08-16 14:51:23,125 - INFO - EXCLUIR: emp4138_H_202409_full_N0_20240913_022742.zip
2025-08-16 14:51:23,129 - INFO - EXCLUIR: emp4138_H_202409_full_N0_20240914_023428.zip
2025-08-16 14:51:23,134 - INFO - EXCLUIR: emp4138_H_202409_full_N0_20240915_023412.zip
2025-08-16 14:51:23,139 - INFO - EXCLUIR: emp4138_H_202409_full_N0_20240928_020430.zip
2025-08-16 14:51:23,143 - INFO - EXCLUIR: emp4138_H_202409_full_N0_20240929_020220.zip
2025-08-16 14:51:23,152 - INFO - EXCLUIR: emp4138_H_202409_full_N0_20240930_020225.zip
2025-08-16 14:51:23,156 - INFO - 
--- Grupo: emp4138_H_202410 (28 arquivos) ---
2025-08-16 14:51:23,160 - INFO - MANTER: emp4138_H_202410_full_N0_20241101_014640.zip
2025-08-16 14:51:23,166 - INFO - EXCLUIR: emp4138_H_202410_full_N0_20241002_020009.zip
2025-08-16 14:51:23,172 - INFO - EXCLUIR: emp4138_H_202410_full_N0_20241003_020111.zip
2025-08-16 14:51:23,176 - INFO - EXCLUIR: emp4138_H_202410_full_N0_20241004_020137.zip
2025-08-16 14:51:23,180 - INFO - EXCLUIR: emp4138_H_202410_full_N0_20241005_015937.zip
2025-08-16 14:51:23,190 - INFO - EXCLUIR: emp4138_H_202410_full_N0_20241006_015911.zip
2025-08-16 14:51:23,211 - INFO - EXCLUIR: emp4138_H_202410_full_N0_20241007_015903.zip
2025-08-16 14:51:23,214 - INFO - EXCLUIR: emp4138_H_202410_full_N0_20241008_020029.zip
2025-08-16 14:51:23,238 - INFO - EXCLUIR: emp4138_H_202410_full_N0_20241009_020229.zip
2025-08-16 14:51:23,242 - INFO - EXCLUIR: emp4138_H_202410_full_N0_20241010_015945.zip
2025-08-16 14:51:23,246 - INFO - EXCLUIR: emp4138_H_202410_full_N0_20241011_015735.zip
2025-08-16 14:51:23,252 - INFO - EXCLUIR: emp4138_H_202410_full_N0_20241012_015815.zip
2025-08-16 14:51:23,259 - INFO - EXCLUIR: emp4138_H_202410_full_N0_20241013_015815.zip
2025-08-16 14:51:23,263 - INFO - EXCLUIR: emp4138_H_202410_full_N0_20241014_015813.zip
2025-08-16 14:51:23,268 - INFO - EXCLUIR: emp4138_H_202410_full_N0_20241015_015732.zip
2025-08-16 14:51:23,272 - INFO - EXCLUIR: emp4138_H_202410_full_N0_20241016_020547.zip
2025-08-16 14:51:23,277 - INFO - EXCLUIR: emp4138_H_202410_full_N0_20241017_015800.zip
2025-08-16 14:51:23,281 - INFO - EXCLUIR: emp4138_H_202410_full_N0_20241018_015918.zip
2025-08-16 14:51:23,285 - INFO - EXCLUIR: emp4138_H_202410_full_N0_20241019_015923.zip
2025-08-16 14:51:23,293 - INFO - EXCLUIR: emp4138_H_202410_full_N0_20241020_015822.zip
2025-08-16 14:51:23,297 - INFO - EXCLUIR: emp4138_H_202410_full_N0_20241021_015834.zip
2025-08-16 14:51:23,307 - INFO - EXCLUIR: emp4138_H_202410_full_N0_20241022_020127.zip
2025-08-16 14:51:23,311 - INFO - EXCLUIR: emp4138_H_202410_full_N0_20241023_020257.zip
2025-08-16 14:51:23,315 - INFO - EXCLUIR: emp4138_H_202410_full_N0_20241024_020719.zip
2025-08-16 14:51:23,320 - INFO - EXCLUIR: emp4138_H_202410_full_N0_20241025_020027.zip
2025-08-16 14:51:23,325 - INFO - EXCLUIR: emp4138_H_202410_full_N0_20241026_020032.zip
2025-08-16 14:51:23,330 - INFO - EXCLUIR: emp4138_H_202410_full_N0_20241027_015928.zip
2025-08-16 14:51:23,334 - INFO - EXCLUIR: emp4138_H_202410_full_N0_20241028_015946.zip
2025-08-16 14:51:23,339 - INFO - 
--- Grupo: emp4138_H_202411 (20 arquivos) ---
2025-08-16 14:51:23,345 - INFO - MANTER: emp4138_H_202411_full_N0_20241201_014505.zip
2025-08-16 14:51:23,351 - INFO - EXCLUIR: emp4138_H_202411_full_N0_20241111_014336.zip
2025-08-16 14:51:23,358 - INFO - EXCLUIR: emp4138_H_202411_full_N0_20241113_014343.zip
2025-08-16 14:51:23,362 - INFO - EXCLUIR: emp4138_H_202411_full_N0_20241114_014324.zip
2025-08-16 14:51:23,367 - INFO - EXCLUIR: emp4138_H_202411_full_N0_20241115_014331.zip
2025-08-16 14:51:23,371 - INFO - EXCLUIR: emp4138_H_202411_full_N0_20241116_014445.zip
2025-08-16 14:51:23,375 - INFO - EXCLUIR: emp4138_H_202411_full_N0_20241117_014436.zip
2025-08-16 14:51:23,381 - INFO - EXCLUIR: emp4138_H_202411_full_N0_20241118_031125.zip
2025-08-16 14:51:23,386 - INFO - EXCLUIR: emp4138_H_202411_full_N0_20241119_014341.zip
2025-08-16 14:51:23,395 - INFO - EXCLUIR: emp4138_H_202411_full_N0_20241120_014358.zip
2025-08-16 14:51:23,399 - INFO - EXCLUIR: emp4138_H_202411_full_N0_20241121_014449.zip
2025-08-16 14:51:23,420 - INFO - EXCLUIR: emp4138_H_202411_full_N0_20241122_014416.zip
2025-08-16 14:51:23,424 - INFO - EXCLUIR: emp4138_H_202411_full_N0_20241123_014410.zip
2025-08-16 14:51:23,428 - INFO - EXCLUIR: emp4138_H_202411_full_N0_20241124_014404.zip
2025-08-16 14:51:23,433 - INFO - EXCLUIR: emp4138_H_202411_full_N0_20241125_014404.zip
2025-08-16 14:51:23,437 - INFO - EXCLUIR: emp4138_H_202411_full_N0_20241126_014420.zip
2025-08-16 14:51:23,443 - INFO - EXCLUIR: emp4138_H_202411_full_N0_20241127_014449.zip
2025-08-16 14:51:23,448 - INFO - EXCLUIR: emp4138_H_202411_full_N0_20241128_014453.zip
2025-08-16 14:51:23,452 - INFO - EXCLUIR: emp4138_H_202411_full_N0_20241129_014502.zip
2025-08-16 14:51:23,459 - INFO - EXCLUIR: emp4138_H_202411_full_N0_20241130_014517.zip
2025-08-16 14:51:23,463 - INFO - 
--- Grupo: emp4138_H_202412 (30 arquivos) ---
2025-08-16 14:51:23,469 - INFO - MANTER: emp4138_H_202412_full_N0_20250101_014611.zip
2025-08-16 14:51:23,475 - INFO - EXCLUIR: emp4138_H_202412_full_N0_20241202_014249.zip
2025-08-16 14:51:23,480 - INFO - EXCLUIR: emp4138_H_202412_full_N0_20241203_014305.zip
2025-08-16 14:51:23,485 - INFO - EXCLUIR: emp4138_H_202412_full_N0_20241204_014335.zip
2025-08-16 14:51:23,489 - INFO - EXCLUIR: emp4138_H_202412_full_N0_20241205_014354.zip
2025-08-16 14:51:23,494 - INFO - EXCLUIR: emp4138_H_202412_full_N0_20241206_014359.zip
2025-08-16 14:51:23,500 - INFO - EXCLUIR: emp4138_H_202412_full_N0_20241207_014415.zip
2025-08-16 14:51:23,507 - INFO - EXCLUIR: emp4138_H_202412_full_N0_20241208_014333.zip
2025-08-16 14:51:23,511 - INFO - EXCLUIR: emp4138_H_202412_full_N0_20241209_014338.zip
2025-08-16 14:51:23,516 - INFO - EXCLUIR: emp4138_H_202412_full_N0_20241210_014352.zip
2025-08-16 14:51:23,521 - INFO - EXCLUIR: emp4138_H_202412_full_N0_20241211_014436.zip
2025-08-16 14:51:23,525 - INFO - EXCLUIR: emp4138_H_202412_full_N0_20241212_014416.zip
2025-08-16 14:51:23,530 - INFO - EXCLUIR: emp4138_H_202412_full_N0_20241213_014446.zip
2025-08-16 14:51:23,534 - INFO - EXCLUIR: emp4138_H_202412_full_N0_20241214_014431.zip
2025-08-16 14:51:23,539 - INFO - EXCLUIR: emp4138_H_202412_full_N0_20241215_014447.zip
2025-08-16 14:51:23,547 - INFO - EXCLUIR: emp4138_H_202412_full_N0_20241217_014510.zip
2025-08-16 14:51:23,551 - INFO - EXCLUIR: emp4138_H_202412_full_N0_20241218_014510.zip
2025-08-16 14:51:23,561 - INFO - EXCLUIR: emp4138_H_202412_full_N0_20241219_014525.zip
2025-08-16 14:51:23,565 - INFO - EXCLUIR: emp4138_H_202412_full_N0_20241220_014546.zip
2025-08-16 14:51:23,573 - INFO - EXCLUIR: emp4138_H_202412_full_N0_20241221_014554.zip
2025-08-16 14:51:23,577 - INFO - EXCLUIR: emp4138_H_202412_full_N0_20241222_014546.zip
2025-08-16 14:51:23,582 - INFO - EXCLUIR: emp4138_H_202412_full_N0_20241223_014605.zip
2025-08-16 14:51:23,586 - INFO - EXCLUIR: emp4138_H_202412_full_N0_20241224_014540.zip
2025-08-16 14:51:23,590 - INFO - EXCLUIR: emp4138_H_202412_full_N0_20241225_014630.zip
2025-08-16 14:51:23,596 - INFO - EXCLUIR: emp4138_H_202412_full_N0_20241226_014602.zip
2025-08-16 14:51:23,603 - INFO - EXCLUIR: emp4138_H_202412_full_N0_20241227_014631.zip
2025-08-16 14:51:23,612 - INFO - EXCLUIR: emp4138_H_202412_full_N0_20241228_014644.zip
2025-08-16 14:51:23,616 - INFO - EXCLUIR: emp4138_H_202412_full_N0_20241229_014546.zip
2025-08-16 14:51:23,622 - INFO - EXCLUIR: emp4138_H_202412_full_N0_20241230_014631.zip
2025-08-16 14:51:23,626 - INFO - EXCLUIR: emp4138_H_202412_full_N0_20241231_014545.zip
2025-08-16 14:51:23,633 - INFO - 
--- Grupo: emp4138_H_202501 (29 arquivos) ---
2025-08-16 14:51:23,640 - INFO - MANTER: emp4138_H_202501_full_N0_20250201_014728.zip
2025-08-16 14:51:23,645 - INFO - EXCLUIR: emp4138_H_202501_full_N0_20250102_014336.zip
2025-08-16 14:51:23,649 - INFO - EXCLUIR: emp4138_H_202501_full_N0_20250103_014335.zip
2025-08-16 14:51:23,653 - INFO - EXCLUIR: emp4138_H_202501_full_N0_20250104_014410.zip
2025-08-16 14:51:23,659 - INFO - EXCLUIR: emp4138_H_202501_full_N0_20250105_014351.zip
2025-08-16 14:51:23,665 - INFO - EXCLUIR: emp4138_H_202501_full_N0_20250106_014346.zip
2025-08-16 14:51:23,670 - INFO - EXCLUIR: emp4138_H_202501_full_N0_20250107_014359.zip
2025-08-16 14:51:23,674 - INFO - EXCLUIR: emp4138_H_202501_full_N0_20250108_014523.zip
2025-08-16 14:51:23,678 - INFO - EXCLUIR: emp4138_H_202501_full_N0_20250109_014421.zip
2025-08-16 14:51:23,682 - INFO - EXCLUIR: emp4138_H_202501_full_N0_20250110_014435.zip
2025-08-16 14:51:23,687 - INFO - EXCLUIR: emp4138_H_202501_full_N0_20250111_014453.zip
2025-08-16 14:51:23,695 - INFO - EXCLUIR: emp4138_H_202501_full_N0_20250112_014601.zip
2025-08-16 14:51:23,702 - INFO - EXCLUIR: emp4138_H_202501_full_N0_20250114_223337.zip
2025-08-16 14:51:23,707 - INFO - EXCLUIR: emp4138_H_202501_full_N0_20250116_014507.zip
2025-08-16 14:51:23,714 - INFO - EXCLUIR: emp4138_H_202501_full_N0_20250117_014454.zip
2025-08-16 14:51:23,717 - INFO - EXCLUIR: emp4138_H_202501_full_N0_20250118_014511.zip
2025-08-16 14:51:23,722 - INFO - EXCLUIR: emp4138_H_202501_full_N0_20250119_014506.zip
2025-08-16 14:51:23,728 - INFO - EXCLUIR: emp4138_H_202501_full_N0_20250120_014525.zip
2025-08-16 14:51:23,733 - INFO - EXCLUIR: emp4138_H_202501_full_N0_20250121_014512.zip
2025-08-16 14:51:23,737 - INFO - EXCLUIR: emp4138_H_202501_full_N0_20250122_014648.zip
2025-08-16 14:51:23,741 - INFO - EXCLUIR: emp4138_H_202501_full_N0_20250123_014529.zip
2025-08-16 14:51:23,746 - INFO - EXCLUIR: emp4138_H_202501_full_N0_20250124_014536.zip
2025-08-16 14:51:23,751 - INFO - EXCLUIR: emp4138_H_202501_full_N0_20250125_014546.zip
2025-08-16 14:51:23,758 - INFO - EXCLUIR: emp4138_H_202501_full_N0_20250126_014535.zip
2025-08-16 14:51:23,770 - INFO - EXCLUIR: emp4138_H_202501_full_N0_20250127_014555.zip
2025-08-16 14:51:23,777 - INFO - EXCLUIR: emp4138_H_202501_full_N0_20250128_014609.zip
2025-08-16 14:51:23,791 - INFO - EXCLUIR: emp4138_H_202501_full_N0_20250129_014856.zip
2025-08-16 14:51:23,801 - INFO - EXCLUIR: emp4138_H_202501_full_N0_20250130_014700.zip
2025-08-16 14:51:23,806 - INFO - EXCLUIR: emp4138_H_202501_full_N0_20250131_014657.zip
2025-08-16 14:51:23,814 - INFO - 
--- Grupo: emp4138_H_202502 (28 arquivos) ---
2025-08-16 14:51:23,819 - INFO - MANTER: emp4138_H_202502_full_N0_20250301_014833.zip
2025-08-16 14:51:23,823 - INFO - EXCLUIR: emp4138_H_202502_full_N0_20250202_014624.zip
2025-08-16 14:51:23,828 - INFO - EXCLUIR: emp4138_H_202502_full_N0_20250203_014545.zip
2025-08-16 14:51:23,833 - INFO - EXCLUIR: emp4138_H_202502_full_N0_20250204_014457.zip
2025-08-16 14:51:23,837 - INFO - EXCLUIR: emp4138_H_202502_full_N0_20250205_014443.zip
2025-08-16 14:51:23,840 - INFO - EXCLUIR: emp4138_H_202502_full_N0_20250206_014632.zip
2025-08-16 14:51:23,844 - INFO - EXCLUIR: emp4138_H_202502_full_N0_20250207_014532.zip
2025-08-16 14:51:23,853 - INFO - EXCLUIR: emp4138_H_202502_full_N0_20250208_014608.zip
2025-08-16 14:51:23,857 - INFO - EXCLUIR: emp4138_H_202502_full_N0_20250209_014659.zip
2025-08-16 14:51:23,865 - INFO - EXCLUIR: emp4138_H_202502_full_N0_20250210_014644.zip
2025-08-16 14:51:23,870 - INFO - EXCLUIR: emp4138_H_202502_full_N0_20250211_014553.zip
2025-08-16 14:51:23,875 - INFO - EXCLUIR: emp4138_H_202502_full_N0_20250212_014516.zip
2025-08-16 14:51:23,880 - INFO - EXCLUIR: emp4138_H_202502_full_N0_20250213_014615.zip
2025-08-16 14:51:23,886 - INFO - EXCLUIR: emp4138_H_202502_full_N0_20250214_014654.zip
2025-08-16 14:51:23,891 - INFO - EXCLUIR: emp4138_H_202502_full_N0_20250215_014554.zip
2025-08-16 14:51:23,896 - INFO - EXCLUIR: emp4138_H_202502_full_N0_20250216_014646.zip
2025-08-16 14:51:23,899 - INFO - EXCLUIR: emp4138_H_202502_full_N0_20250217_014548.zip
2025-08-16 14:51:23,907 - INFO - EXCLUIR: emp4138_H_202502_full_N0_20250218_014707.zip
2025-08-16 14:51:23,913 - INFO - EXCLUIR: emp4138_H_202502_full_N0_20250219_014653.zip
2025-08-16 14:51:23,925 - INFO - EXCLUIR: emp4138_H_202502_full_N0_20250220_014636.zip
2025-08-16 14:51:23,930 - INFO - EXCLUIR: emp4138_H_202502_full_N0_20250221_014900.zip
2025-08-16 14:51:23,935 - INFO - EXCLUIR: emp4138_H_202502_full_N0_20250222_014732.zip
2025-08-16 14:51:23,939 - INFO - EXCLUIR: emp4138_H_202502_full_N0_20250223_014806.zip
2025-08-16 14:51:23,945 - INFO - EXCLUIR: emp4138_H_202502_full_N0_20250224_014817.zip
2025-08-16 14:51:23,955 - INFO - EXCLUIR: emp4138_H_202502_full_N0_20250225_014654.zip
2025-08-16 14:51:23,960 - INFO - EXCLUIR: emp4138_H_202502_full_N0_20250226_014808.zip
2025-08-16 14:51:23,970 - INFO - EXCLUIR: emp4138_H_202502_full_N0_20250227_014759.zip
2025-08-16 14:51:23,979 - INFO - EXCLUIR: emp4138_H_202502_full_N0_20250228_014954.zip
2025-08-16 14:51:23,984 - INFO - 
--- Grupo: emp4138_H_202503 (31 arquivos) ---
2025-08-16 14:51:23,989 - INFO - MANTER: emp4138_H_202503_full_N0_20250401_015018.zip
2025-08-16 14:51:23,994 - INFO - EXCLUIR: emp4138_H_202503_full_N0_20250302_014554.zip
2025-08-16 14:51:24,026 - INFO - EXCLUIR: emp4138_H_202503_full_N0_20250303_014519.zip
2025-08-16 14:51:24,033 - INFO - EXCLUIR: emp4138_H_202503_full_N0_20250304_014453.zip
2025-08-16 14:51:24,037 - INFO - EXCLUIR: emp4138_H_202503_full_N0_20250305_014559.zip
2025-08-16 14:51:24,041 - INFO - EXCLUIR: emp4138_H_202503_full_N0_20250306_014846.zip
2025-08-16 14:51:24,045 - INFO - EXCLUIR: emp4138_H_202503_full_N0_20250307_014651.zip
2025-08-16 14:51:24,050 - INFO - EXCLUIR: emp4138_H_202503_full_N0_20250308_014544.zip
2025-08-16 14:51:24,057 - INFO - EXCLUIR: emp4138_H_202503_full_N0_20250309_014734.zip
2025-08-16 14:51:24,061 - INFO - EXCLUIR: emp4138_H_202503_full_N0_20250310_014713.zip
2025-08-16 14:51:24,065 - INFO - EXCLUIR: emp4138_H_202503_full_N0_20250311_014618.zip
2025-08-16 14:51:24,073 - INFO - EXCLUIR: emp4138_H_202503_full_N0_20250312_014743.zip
2025-08-16 14:51:24,079 - INFO - EXCLUIR: emp4138_H_202503_full_N0_20250313_014612.zip
2025-08-16 14:51:24,087 - INFO - EXCLUIR: emp4138_H_202503_full_N0_20250314_014641.zip
2025-08-16 14:51:24,091 - INFO - EXCLUIR: emp4138_H_202503_full_N0_20250315_014624.zip
2025-08-16 14:51:24,100 - INFO - EXCLUIR: emp4138_H_202503_full_N0_20250316_014652.zip
2025-08-16 14:51:24,124 - INFO - EXCLUIR: emp4138_H_202503_full_N0_20250317_014749.zip
2025-08-16 14:51:24,132 - INFO - EXCLUIR: emp4138_H_202503_full_N0_20250318_014702.zip
2025-08-16 14:51:24,137 - INFO - EXCLUIR: emp4138_H_202503_full_N0_20250319_014748.zip
2025-08-16 14:51:24,142 - INFO - EXCLUIR: emp4138_H_202503_full_N0_20250320_014751.zip
2025-08-16 14:51:24,147 - INFO - EXCLUIR: emp4138_H_202503_full_N0_20250321_014810.zip
2025-08-16 14:51:24,152 - INFO - EXCLUIR: emp4138_H_202503_full_N0_20250322_014811.zip
2025-08-16 14:51:24,157 - INFO - EXCLUIR: emp4138_H_202503_full_N0_20250323_014651.zip
2025-08-16 14:51:24,162 - INFO - EXCLUIR: emp4138_H_202503_full_N0_20250324_014732.zip
2025-08-16 14:51:24,176 - INFO - EXCLUIR: emp4138_H_202503_full_N0_20250325_014857.zip
2025-08-16 14:51:24,180 - INFO - EXCLUIR: emp4138_H_202503_full_N0_20250326_014835.zip
2025-08-16 14:51:24,185 - INFO - EXCLUIR: emp4138_H_202503_full_N0_20250327_015455.zip
2025-08-16 14:51:24,189 - INFO - EXCLUIR: emp4138_H_202503_full_N0_20250328_014935.zip
2025-08-16 14:51:24,196 - INFO - EXCLUIR: emp4138_H_202503_full_N0_20250329_015218.zip
2025-08-16 14:51:24,213 - INFO - EXCLUIR: emp4138_H_202503_full_N0_20250330_015133.zip
2025-08-16 14:51:24,242 - INFO - EXCLUIR: emp4138_H_202503_full_N0_20250331_014846.zip
2025-08-16 14:51:24,254 - INFO - 
--- Grupo: emp4138_H_202504 (30 arquivos) ---
2025-08-16 14:51:24,264 - INFO - MANTER: emp4138_H_202504_full_N0_20250501_020130.zip
2025-08-16 14:51:24,270 - INFO - EXCLUIR: emp4138_H_202504_full_N0_20250402_014940.zip
2025-08-16 14:51:24,282 - INFO - EXCLUIR: emp4138_H_202504_full_N0_20250403_014629.zip
2025-08-16 14:51:24,292 - INFO - EXCLUIR: emp4138_H_202504_full_N0_20250404_014627.zip
2025-08-16 14:51:24,297 - INFO - EXCLUIR: emp4138_H_202504_full_N0_20250405_014704.zip
2025-08-16 14:51:24,305 - INFO - EXCLUIR: emp4138_H_202504_full_N0_20250406_014748.zip
2025-08-16 14:51:24,310 - INFO - EXCLUIR: emp4138_H_202504_full_N0_20250407_014733.zip
2025-08-16 14:51:24,317 - INFO - EXCLUIR: emp4138_H_202504_full_N0_20250408_015152.zip
2025-08-16 14:51:24,334 - INFO - EXCLUIR: emp4138_H_202504_full_N0_20250409_014915.zip
2025-08-16 14:51:24,344 - INFO - EXCLUIR: emp4138_H_202504_full_N0_20250410_014844.zip
2025-08-16 14:51:24,361 - INFO - EXCLUIR: emp4138_H_202504_full_N0_20250411_015024.zip
2025-08-16 14:51:24,365 - INFO - EXCLUIR: emp4138_H_202504_full_N0_20250412_015210.zip
2025-08-16 14:51:24,371 - INFO - EXCLUIR: emp4138_H_202504_full_N0_20250413_014758.zip
2025-08-16 14:51:24,377 - INFO - EXCLUIR: emp4138_H_202504_full_N0_20250414_014732.zip
2025-08-16 14:51:24,388 - INFO - EXCLUIR: emp4138_H_202504_full_N0_20250415_014908.zip
2025-08-16 14:51:24,398 - INFO - EXCLUIR: emp4138_H_202504_full_N0_20250416_015153.zip
2025-08-16 14:51:24,403 - INFO - EXCLUIR: emp4138_H_202504_full_N0_20250417_015015.zip
2025-08-16 14:51:24,414 - INFO - EXCLUIR: emp4138_H_202504_full_N0_20250418_014959.zip
2025-08-16 14:51:24,422 - INFO - EXCLUIR: emp4138_H_202504_full_N0_20250419_015137.zip
2025-08-16 14:51:24,431 - INFO - EXCLUIR: emp4138_H_202504_full_N0_20250420_015231.zip
2025-08-16 14:51:24,435 - INFO - EXCLUIR: emp4138_H_202504_full_N0_20250421_014920.zip
2025-08-16 14:51:24,440 - INFO - EXCLUIR: emp4138_H_202504_full_N0_20250422_014845.zip
2025-08-16 14:51:24,453 - INFO - EXCLUIR: emp4138_H_202504_full_N0_20250423_015140.zip
2025-08-16 14:51:24,461 - INFO - EXCLUIR: emp4138_H_202504_full_N0_20250424_015204.zip
2025-08-16 14:51:24,477 - INFO - EXCLUIR: emp4138_H_202504_full_N0_20250425_014910.zip
2025-08-16 14:51:24,487 - INFO - EXCLUIR: emp4138_H_202504_full_N0_20250426_014906.zip
2025-08-16 14:51:24,493 - INFO - EXCLUIR: emp4138_H_202504_full_N0_20250427_014847.zip
2025-08-16 14:51:24,501 - INFO - EXCLUIR: emp4138_H_202504_full_N0_20250428_014937.zip
2025-08-16 14:51:24,506 - INFO - EXCLUIR: emp4138_H_202504_full_N0_20250429_014943.zip
2025-08-16 14:51:24,524 - INFO - EXCLUIR: emp4138_H_202504_full_N0_20250430_015158.zip
2025-08-16 14:51:24,530 - INFO - 
--- Grupo: emp4138_H_202505 (28 arquivos) ---
2025-08-16 14:51:24,552 - INFO - MANTER: emp4138_H_202505_full_N0_20250601_014935.zip
2025-08-16 14:51:24,556 - INFO - EXCLUIR: emp4138_H_202505_full_N0_20250502_014917.zip
2025-08-16 14:51:24,562 - INFO - EXCLUIR: emp4138_H_202505_full_N0_20250503_015503.zip
2025-08-16 14:51:24,582 - INFO - EXCLUIR: emp4138_H_202505_full_N0_20250504_015308.zip
2025-08-16 14:51:24,586 - INFO - EXCLUIR: emp4138_H_202505_full_N0_20250505_015814.zip
2025-08-16 14:51:24,591 - INFO - EXCLUIR: emp4138_H_202505_full_N0_20250507_015040.zip
2025-08-16 14:51:24,596 - INFO - EXCLUIR: emp4138_H_202505_full_N0_20250509_015234.zip
2025-08-16 14:51:24,599 - INFO - EXCLUIR: emp4138_H_202505_full_N0_20250510_015535.zip
2025-08-16 14:51:24,611 - INFO - EXCLUIR: emp4138_H_202505_full_N0_20250511_015620.zip
2025-08-16 14:51:24,615 - INFO - EXCLUIR: emp4138_H_202505_full_N0_20250512_015408.zip
2025-08-16 14:51:24,636 - INFO - EXCLUIR: emp4138_H_202505_full_N0_20250513_015626.zip
2025-08-16 14:51:24,640 - INFO - EXCLUIR: emp4138_H_202505_full_N0_20250514_015635.zip
2025-08-16 14:51:24,644 - INFO - EXCLUIR: emp4138_H_202505_full_N0_20250515_015506.zip
2025-08-16 14:51:24,649 - INFO - EXCLUIR: emp4138_H_202505_full_N0_20250516_015408.zip
2025-08-16 14:51:24,653 - INFO - EXCLUIR: emp4138_H_202505_full_N0_20250517_015736.zip
2025-08-16 14:51:24,657 - INFO - EXCLUIR: emp4138_H_202505_full_N0_20250518_015358.zip
2025-08-16 14:51:24,662 - INFO - EXCLUIR: emp4138_H_202505_full_N0_20250519_015606.zip
2025-08-16 14:51:24,667 - INFO - EXCLUIR: emp4138_H_202505_full_N0_20250520_015434.zip
2025-08-16 14:51:24,672 - INFO - EXCLUIR: emp4138_H_202505_full_N0_20250521_015420.zip
2025-08-16 14:51:24,677 - INFO - EXCLUIR: emp4138_H_202505_full_N0_20250522_015710.zip
2025-08-16 14:51:24,681 - INFO - EXCLUIR: emp4138_H_202505_full_N0_20250523_015607.zip
2025-08-16 14:51:24,687 - INFO - EXCLUIR: emp4138_H_202505_full_N0_20250524_015727.zip
2025-08-16 14:51:24,691 - INFO - EXCLUIR: emp4138_H_202505_full_N0_20250525_015436.zip
2025-08-16 14:51:24,696 - INFO - EXCLUIR: emp4138_H_202505_full_N0_20250526_015659.zip
2025-08-16 14:51:24,703 - INFO - EXCLUIR: emp4138_H_202505_full_N0_20250527_015342.zip
2025-08-16 14:51:24,709 - INFO - EXCLUIR: emp4138_H_202505_full_N0_20250528_015436.zip
2025-08-16 14:51:24,725 - INFO - EXCLUIR: emp4138_H_202505_full_N0_20250529_015437.zip
2025-08-16 14:51:24,741 - INFO - EXCLUIR: emp4138_H_202505_full_N0_20250531_015427.zip
2025-08-16 14:51:24,749 - INFO - 
--- Grupo: emp4138_H_202506 (26 arquivos) ---
2025-08-16 14:51:24,761 - INFO - MANTER: emp4138_H_202506_full_N0_20250701_015332.zip
2025-08-16 14:51:24,766 - INFO - EXCLUIR: emp4138_H_202506_full_N0_20250602_014827.zip
2025-08-16 14:51:24,773 - INFO - EXCLUIR: emp4138_H_202506_full_N0_20250603_015053.zip
2025-08-16 14:51:24,777 - INFO - EXCLUIR: emp4138_H_202506_full_N0_20250604_015341.zip
2025-08-16 14:51:24,781 - INFO - EXCLUIR: emp4138_H_202506_full_N0_20250605_014943.zip
2025-08-16 14:51:24,790 - INFO - EXCLUIR: emp4138_H_202506_full_N0_20250606_015055.zip
2025-08-16 14:51:24,798 - INFO - EXCLUIR: emp4138_H_202506_full_N0_20250607_015949.zip
2025-08-16 14:51:24,806 - INFO - EXCLUIR: emp4138_H_202506_full_N0_20250608_015802.zip
2025-08-16 14:51:24,814 - INFO - EXCLUIR: emp4138_H_202506_full_N0_20250609_015944.zip
2025-08-16 14:51:24,824 - INFO - EXCLUIR: emp4138_H_202506_full_N0_20250610_020235.zip
2025-08-16 14:51:24,831 - INFO - EXCLUIR: emp4138_H_202506_full_N0_20250612_014858.zip
2025-08-16 14:51:24,836 - INFO - EXCLUIR: emp4138_H_202506_full_N0_20250613_015407.zip
2025-08-16 14:51:24,842 - INFO - EXCLUIR: emp4138_H_202506_full_N0_20250614_015817.zip
2025-08-16 14:51:24,846 - INFO - EXCLUIR: emp4138_H_202506_full_N0_20250615_015842.zip
2025-08-16 14:51:24,851 - INFO - EXCLUIR: emp4138_H_202506_full_N0_20250617_014919.zip
2025-08-16 14:51:24,856 - INFO - EXCLUIR: emp4138_H_202506_full_N0_20250618_014933.zip
2025-08-16 14:51:24,860 - INFO - EXCLUIR: emp4138_H_202506_full_N0_20250619_014934.zip
2025-08-16 14:51:24,864 - INFO - EXCLUIR: emp4138_H_202506_full_N0_20250620_015202.zip
2025-08-16 14:51:24,868 - INFO - EXCLUIR: emp4138_H_202506_full_N0_20250621_015413.zip
2025-08-16 14:51:24,872 - INFO - EXCLUIR: emp4138_H_202506_full_N0_20250622_020008.zip
2025-08-16 14:51:24,877 - INFO - EXCLUIR: emp4138_H_202506_full_N0_20250624_015100.zip
2025-08-16 14:51:24,883 - INFO - EXCLUIR: emp4138_H_202506_full_N0_20250625_015821.zip
2025-08-16 14:51:24,889 - INFO - EXCLUIR: emp4138_H_202506_full_N0_20250626_020054.zip
2025-08-16 14:51:24,895 - INFO - EXCLUIR: emp4138_H_202506_full_N0_20250628_015228.zip
2025-08-16 14:51:24,900 - INFO - EXCLUIR: emp4138_H_202506_full_N0_20250629_015035.zip
2025-08-16 14:51:24,904 - INFO - EXCLUIR: emp4138_H_202506_full_N0_20250630_015055.zip
2025-08-16 14:51:24,920 - INFO - 
--- Grupo: emp4138_H_202507 (31 arquivos) ---
2025-08-16 14:51:24,946 - INFO - MANTER: emp4138_H_202507_full_N0_20250801_015443.zip
2025-08-16 14:51:24,961 - INFO - EXCLUIR: emp4138_H_202507_full_N0_20250702_015022.zip
2025-08-16 14:51:24,967 - INFO - EXCLUIR: emp4138_H_202507_full_N0_20250703_014831.zip
2025-08-16 14:51:24,972 - INFO - EXCLUIR: emp4138_H_202507_full_N0_20250704_014835.zip
2025-08-16 14:51:24,984 - INFO - EXCLUIR: emp4138_H_202507_full_N0_20250705_015003.zip
2025-08-16 14:51:24,988 - INFO - EXCLUIR: emp4138_H_202507_full_N0_20250706_014942.zip
2025-08-16 14:51:24,994 - INFO - EXCLUIR: emp4138_H_202507_full_N0_20250707_014827.zip
2025-08-16 14:51:24,999 - INFO - EXCLUIR: emp4138_H_202507_full_N0_20250708_014850.zip
2025-08-16 14:51:25,003 - INFO - EXCLUIR: emp4138_H_202507_full_N0_20250709_014931.zip
2025-08-16 14:51:25,007 - INFO - EXCLUIR: emp4138_H_202507_full_N0_20250710_015127.zip
2025-08-16 14:51:25,012 - INFO - EXCLUIR: emp4138_H_202507_full_N0_20250711_014959.zip
2025-08-16 14:51:25,017 - INFO - EXCLUIR: emp4138_H_202507_full_N0_20250712_015048.zip
2025-08-16 14:51:25,020 - INFO - EXCLUIR: emp4138_H_202507_full_N0_20250713_015209.zip
2025-08-16 14:51:25,024 - INFO - EXCLUIR: emp4138_H_202507_full_N0_20250714_015024.zip
2025-08-16 14:51:25,028 - INFO - EXCLUIR: emp4138_H_202507_full_N0_20250715_015046.zip
2025-08-16 14:51:25,040 - INFO - EXCLUIR: emp4138_H_202507_full_N0_20250716_015209.zip
2025-08-16 14:51:25,047 - INFO - EXCLUIR: emp4138_H_202507_full_N0_20250717_015237.zip
2025-08-16 14:51:25,051 - INFO - EXCLUIR: emp4138_H_202507_full_N0_20250718_015158.zip
2025-08-16 14:51:25,055 - INFO - EXCLUIR: emp4138_H_202507_full_N0_20250719_015204.zip
2025-08-16 14:51:25,061 - INFO - EXCLUIR: emp4138_H_202507_full_N0_20250720_015145.zip
2025-08-16 14:51:25,066 - INFO - EXCLUIR: emp4138_H_202507_full_N0_20250721_015243.zip
2025-08-16 14:51:25,076 - INFO - EXCLUIR: emp4138_H_202507_full_N0_20250722_015250.zip
2025-08-16 14:51:25,080 - INFO - EXCLUIR: emp4138_H_202507_full_N0_20250723_015214.zip
2025-08-16 14:51:25,091 - INFO - EXCLUIR: emp4138_H_202507_full_N0_20250724_015903.zip
2025-08-16 14:51:25,097 - INFO - EXCLUIR: emp4138_H_202507_full_N0_20250725_015143.zip
2025-08-16 14:51:25,105 - INFO - EXCLUIR: emp4138_H_202507_full_N0_20250726_015218.zip
2025-08-16 14:51:25,112 - INFO - EXCLUIR: emp4138_H_202507_full_N0_20250727_015308.zip
2025-08-16 14:51:25,116 - INFO - EXCLUIR: emp4138_H_202507_full_N0_20250728_015117.zip
2025-08-16 14:51:25,122 - INFO - EXCLUIR: emp4138_H_202507_full_N0_20250729_015231.zip
2025-08-16 14:51:25,126 - INFO - EXCLUIR: emp4138_H_202507_full_N0_20250730_015445.zip
2025-08-16 14:51:25,131 - INFO - EXCLUIR: emp4138_H_202507_full_N0_20250731_015430.zip
2025-08-16 14:51:25,138 - INFO - 
--- Grupo: emp4138_H_202508 (15 arquivos) ---
2025-08-16 14:51:25,143 - INFO - MANTER: emp4138_H_202508_full_N0_20250816_015127.zip
2025-08-16 14:51:25,148 - INFO - EXCLUIR: emp4138_H_202508_full_N0_20250802_014943.zip
2025-08-16 14:51:25,152 - INFO - EXCLUIR: emp4138_H_202508_full_N0_20250803_014843.zip
2025-08-16 14:51:25,157 - INFO - EXCLUIR: emp4138_H_202508_full_N0_20250804_015029.zip
2025-08-16 14:51:25,160 - INFO - EXCLUIR: emp4138_H_202508_full_N0_20250805_015301.zip
2025-08-16 14:51:25,167 - INFO - EXCLUIR: emp4138_H_202508_full_N0_20250806_015544.zip
2025-08-16 14:51:25,171 - INFO - EXCLUIR: emp4138_H_202508_full_N0_20250807_015703.zip
2025-08-16 14:51:25,202 - INFO - EXCLUIR: emp4138_H_202508_full_N0_20250808_015252.zip
2025-08-16 14:51:25,234 - INFO - EXCLUIR: emp4138_H_202508_full_N0_20250809_020010.zip
2025-08-16 14:51:25,244 - INFO - EXCLUIR: emp4138_H_202508_full_N0_20250810_015552.zip
2025-08-16 14:51:25,250 - INFO - EXCLUIR: emp4138_H_202508_full_N0_20250811_015253.zip
2025-08-16 14:51:25,255 - INFO - EXCLUIR: emp4138_H_202508_full_N0_20250812_015354.zip
2025-08-16 14:51:25,259 - INFO - EXCLUIR: emp4138_H_202508_full_N0_20250813_015351.zip
2025-08-16 14:51:25,264 - INFO - EXCLUIR: emp4138_H_202508_full_N0_20250814_015251.zip
2025-08-16 14:51:25,268 - INFO - EXCLUIR: emp4138_H_202508_full_N0_20250815_015202.zip
2025-08-16 14:51:25,273 - INFO - 
--- Grupo: emp4435_H_202305 (2 arquivos) ---
2025-08-16 14:51:25,278 - INFO - MANTER: emp4435_H_202305_full_N0_20240121_032122.zip
2025-08-16 14:51:25,283 - INFO - EXCLUIR: emp4435_H_202305_full_N0_20231220_022950.zip
2025-08-16 14:51:25,292 - INFO - 
--- Grupo: emp4435_H_202306 (2 arquivos) ---
2025-08-16 14:51:25,300 - INFO - MANTER: emp4435_H_202306_full_N0_20240121_032118.zip
2025-08-16 14:51:25,304 - INFO - EXCLUIR: emp4435_H_202306_full_N0_20231220_022945.zip
2025-08-16 14:51:25,309 - INFO - 
--- Grupo: emp4435_H_202307 (2 arquivos) ---
2025-08-16 14:51:25,314 - INFO - MANTER: emp4435_H_202307_full_N0_20240121_032117.zip
2025-08-16 14:51:25,320 - INFO - EXCLUIR: emp4435_H_202307_full_N0_20231220_022942.zip
2025-08-16 14:51:25,325 - INFO - 
--- Grupo: emp4435_H_202308 (2 arquivos) ---
2025-08-16 14:51:25,330 - INFO - MANTER: emp4435_H_202308_full_N0_20240121_032125.zip
2025-08-16 14:51:25,335 - INFO - EXCLUIR: emp4435_H_202308_full_N0_20231220_022953.zip
2025-08-16 14:51:25,341 - INFO - 
--- Grupo: emp4435_H_202309 (2 arquivos) ---
2025-08-16 14:51:25,352 - INFO - MANTER: emp4435_H_202309_full_N0_20240121_032124.zip
2025-08-16 14:51:25,360 - INFO - EXCLUIR: emp4435_H_202309_full_N0_20231220_022952.zip
2025-08-16 14:51:25,367 - INFO - 
--- Grupo: emp4435_H_202310 (2 arquivos) ---
2025-08-16 14:51:25,374 - INFO - MANTER: emp4435_H_202310_full_N0_20240121_032119.zip
2025-08-16 14:51:25,389 - INFO - EXCLUIR: emp4435_H_202310_full_N0_20231220_022946.zip
2025-08-16 14:51:25,399 - INFO - 
--- Grupo: emp4435_H_202311 (2 arquivos) ---
2025-08-16 14:51:25,408 - INFO - MANTER: emp4435_H_202311_full_N0_20240121_032121.zip
2025-08-16 14:51:25,415 - INFO - EXCLUIR: emp4435_H_202311_full_N0_20231220_022948.zip
2025-08-16 14:51:25,426 - INFO - 
--- Grupo: emp4435_H_202312 (1 arquivo, nada a fazer) ---
2025-08-16 14:51:25,434 - INFO - MANTER: emp4435_H_202312_full_N0_20240210_022101.zip
2025-08-16 14:51:25,447 - INFO - 
--- Grupo: emp4435_H_202401 (1 arquivo, nada a fazer) ---
2025-08-16 14:51:25,457 - INFO - MANTER: emp4435_H_202401_full_N0_20240210_022101.zip
2025-08-16 14:51:25,464 - INFO - 
--- Grupo: emp4435_H_202402 (20 arquivos) ---
2025-08-16 14:51:25,468 - INFO - MANTER: emp4435_H_202402_full_N0_20240301_022922.zip
2025-08-16 14:51:25,475 - INFO - EXCLUIR: emp4435_H_202402_full_N0_20240210_022102.zip
2025-08-16 14:51:25,479 - INFO - EXCLUIR: emp4435_H_202402_full_N0_20240211_041223.zip
2025-08-16 14:51:25,486 - INFO - EXCLUIR: emp4435_H_202402_full_N0_20240212_043523.zip
2025-08-16 14:51:25,494 - INFO - EXCLUIR: emp4435_H_202402_full_N0_20240213_041418.zip
2025-08-16 14:51:25,502 - INFO - EXCLUIR: emp4435_H_202402_full_N0_20240215_023051.zip
2025-08-16 14:51:25,512 - INFO - EXCLUIR: emp4435_H_202402_full_N0_20240216_022550.zip
2025-08-16 14:51:25,522 - INFO - EXCLUIR: emp4435_H_202402_full_N0_20240217_023048.zip
2025-08-16 14:51:25,527 - INFO - EXCLUIR: emp4435_H_202402_full_N0_20240218_023045.zip
2025-08-16 14:51:25,532 - INFO - EXCLUIR: emp4435_H_202402_full_N0_20240219_022613.zip
2025-08-16 14:51:25,539 - INFO - EXCLUIR: emp4435_H_202402_full_N0_20240220_023108.zip
2025-08-16 14:51:25,547 - INFO - EXCLUIR: emp4435_H_202402_full_N0_20240221_022929.zip
2025-08-16 14:51:25,555 - INFO - EXCLUIR: emp4435_H_202402_full_N0_20240222_022501.zip
2025-08-16 14:51:25,570 - INFO - EXCLUIR: emp4435_H_202402_full_N0_20240223_022836.zip
2025-08-16 14:51:25,574 - INFO - EXCLUIR: emp4435_H_202402_full_N0_20240224_022851.zip
2025-08-16 14:51:25,579 - INFO - EXCLUIR: emp4435_H_202402_full_N0_20240225_022342.zip
2025-08-16 14:51:25,584 - INFO - EXCLUIR: emp4435_H_202402_full_N0_20240226_022903.zip
2025-08-16 14:51:25,588 - INFO - EXCLUIR: emp4435_H_202402_full_N0_20240227_022913.zip
2025-08-16 14:51:25,593 - INFO - EXCLUIR: emp4435_H_202402_full_N0_20240228_022432.zip
2025-08-16 14:51:25,597 - INFO - EXCLUIR: emp4435_H_202402_full_N0_20240229_022913.zip
2025-08-16 14:51:25,608 - INFO - 
--- Grupo: emp4435_H_202403 (29 arquivos) ---
2025-08-16 14:51:25,616 - INFO - MANTER: emp4435_H_202403_full_N0_20240915_115905.zip
2025-08-16 14:51:25,621 - INFO - EXCLUIR: emp4435_H_202403_full_N0_20240305_022500.zip
2025-08-16 14:51:25,627 - INFO - EXCLUIR: emp4435_H_202403_full_N0_20240306_023004.zip
2025-08-16 14:51:25,631 - INFO - EXCLUIR: emp4435_H_202403_full_N0_20240307_022927.zip
2025-08-16 14:51:25,637 - INFO - EXCLUIR: emp4435_H_202403_full_N0_20240308_022455.zip
2025-08-16 14:51:25,649 - INFO - EXCLUIR: emp4435_H_202403_full_N0_20240309_022950.zip
2025-08-16 14:51:25,653 - INFO - EXCLUIR: emp4435_H_202403_full_N0_20240310_022959.zip
2025-08-16 14:51:25,659 - INFO - EXCLUIR: emp4435_H_202403_full_N0_20240311_022449.zip
2025-08-16 14:51:25,663 - INFO - EXCLUIR: emp4435_H_202403_full_N0_20240312_023024.zip
2025-08-16 14:51:25,669 - INFO - EXCLUIR: emp4435_H_202403_full_N0_20240313_023004.zip
2025-08-16 14:51:25,673 - INFO - EXCLUIR: emp4435_H_202403_full_N0_20240314_022630.zip
2025-08-16 14:51:25,677 - INFO - EXCLUIR: emp4435_H_202403_full_N0_20240315_023229.zip
2025-08-16 14:51:25,683 - INFO - EXCLUIR: emp4435_H_202403_full_N0_20240316_023350.zip
2025-08-16 14:51:25,701 - INFO - EXCLUIR: emp4435_H_202403_full_N0_20240317_022957.zip
2025-08-16 14:51:25,711 - INFO - EXCLUIR: emp4435_H_202403_full_N0_20240318_023111.zip
2025-08-16 14:51:25,719 - INFO - EXCLUIR: emp4435_H_202403_full_N0_20240319_023054.zip
2025-08-16 14:51:25,725 - INFO - EXCLUIR: emp4435_H_202403_full_N0_20240320_022701.zip
2025-08-16 14:51:25,736 - INFO - EXCLUIR: emp4435_H_202403_full_N0_20240321_023307.zip
2025-08-16 14:51:25,744 - INFO - EXCLUIR: emp4435_H_202403_full_N0_20240322_023248.zip
2025-08-16 14:51:25,752 - INFO - EXCLUIR: emp4435_H_202403_full_N0_20240323_023238.zip
2025-08-16 14:51:25,762 - INFO - EXCLUIR: emp4435_H_202403_full_N0_20240324_023228.zip
2025-08-16 14:51:25,767 - INFO - EXCLUIR: emp4435_H_202403_full_N0_20240325_023251.zip
2025-08-16 14:51:25,774 - INFO - EXCLUIR: emp4435_H_202403_full_N0_20240326_023034.zip
2025-08-16 14:51:25,779 - INFO - EXCLUIR: emp4435_H_202403_full_N0_20240327_023345.zip
2025-08-16 14:51:25,787 - INFO - EXCLUIR: emp4435_H_202403_full_N0_20240328_023338.zip
2025-08-16 14:51:25,796 - INFO - EXCLUIR: emp4435_H_202403_full_N0_20240329_023414.zip
2025-08-16 14:51:25,804 - INFO - EXCLUIR: emp4435_H_202403_full_N0_20240330_023414.zip
2025-08-16 14:51:25,813 - INFO - EXCLUIR: emp4435_H_202403_full_N0_20240331_023356.zip
2025-08-16 14:51:25,820 - INFO - EXCLUIR: emp4435_H_202403_full_N0_20240401_023400.zip
2025-08-16 14:51:25,824 - INFO - 
--- Grupo: emp4435_H_202404 (31 arquivos) ---
2025-08-16 14:51:25,832 - INFO - MANTER: emp4435_H_202404_full_N0_20240915_115905.zip
2025-08-16 14:51:25,841 - INFO - EXCLUIR: emp4435_H_202404_full_N0_20240402_022912.zip
2025-08-16 14:51:25,849 - INFO - EXCLUIR: emp4435_H_202404_full_N0_20240403_022947.zip
2025-08-16 14:51:25,855 - INFO - EXCLUIR: emp4435_H_202404_full_N0_20240404_022419.zip
2025-08-16 14:51:25,865 - INFO - EXCLUIR: emp4435_H_202404_full_N0_20240405_022956.zip
2025-08-16 14:51:25,869 - INFO - EXCLUIR: emp4435_H_202404_full_N0_20240406_022956.zip
2025-08-16 14:51:25,875 - INFO - EXCLUIR: emp4435_H_202404_full_N0_20240407_022934.zip
2025-08-16 14:51:25,879 - INFO - EXCLUIR: emp4435_H_202404_full_N0_20240408_023017.zip
2025-08-16 14:51:25,884 - INFO - EXCLUIR: emp4435_H_202404_full_N0_20240409_023036.zip
2025-08-16 14:51:25,888 - INFO - EXCLUIR: emp4435_H_202404_full_N0_20240410_022603.zip
2025-08-16 14:51:25,892 - INFO - EXCLUIR: emp4435_H_202404_full_N0_20240411_023100.zip
2025-08-16 14:51:25,897 - INFO - EXCLUIR: emp4435_H_202404_full_N0_20240412_023036.zip
2025-08-16 14:51:25,905 - INFO - EXCLUIR: emp4435_H_202404_full_N0_20240413_022754.zip
2025-08-16 14:51:25,916 - INFO - EXCLUIR: emp4435_H_202404_full_N0_20240414_023042.zip
2025-08-16 14:51:25,921 - INFO - EXCLUIR: emp4435_H_202404_full_N0_20240415_023105.zip
2025-08-16 14:51:25,926 - INFO - EXCLUIR: emp4435_H_202404_full_N0_20240416_023118.zip
2025-08-16 14:51:25,930 - INFO - EXCLUIR: emp4435_H_202404_full_N0_20240417_023117.zip
2025-08-16 14:51:25,935 - INFO - EXCLUIR: emp4435_H_202404_full_N0_20240418_023201.zip
2025-08-16 14:51:25,941 - INFO - EXCLUIR: emp4435_H_202404_full_N0_20240419_023215.zip
2025-08-16 14:51:25,959 - INFO - EXCLUIR: emp4435_H_202404_full_N0_20240420_023232.zip
2025-08-16 14:51:25,968 - INFO - EXCLUIR: emp4435_H_202404_full_N0_20240421_023236.zip
2025-08-16 14:51:25,974 - INFO - EXCLUIR: emp4435_H_202404_full_N0_20240422_023037.zip
2025-08-16 14:51:25,982 - INFO - EXCLUIR: emp4435_H_202404_full_N0_20240423_023324.zip
2025-08-16 14:51:25,989 - INFO - EXCLUIR: emp4435_H_202404_full_N0_20240424_023341.zip
2025-08-16 14:51:25,993 - INFO - EXCLUIR: emp4435_H_202404_full_N0_20240425_023114.zip
2025-08-16 14:51:25,999 - INFO - EXCLUIR: emp4435_H_202404_full_N0_20240426_023420.zip
2025-08-16 14:51:26,006 - INFO - EXCLUIR: emp4435_H_202404_full_N0_20240427_023423.zip
2025-08-16 14:51:26,011 - INFO - EXCLUIR: emp4435_H_202404_full_N0_20240428_023029.zip
2025-08-16 14:51:26,020 - INFO - EXCLUIR: emp4435_H_202404_full_N0_20240429_022915.zip
2025-08-16 14:51:26,026 - INFO - EXCLUIR: emp4435_H_202404_full_N0_20240430_023419.zip
2025-08-16 14:51:26,030 - INFO - EXCLUIR: emp4435_H_202404_full_N0_20240501_023434.zip
2025-08-16 14:51:26,035 - INFO - 
--- Grupo: emp4435_H_202405 (26 arquivos) ---
2025-08-16 14:51:26,042 - INFO - MANTER: emp4435_H_202405_full_N0_20240915_115906.zip
2025-08-16 14:51:26,046 - INFO - EXCLUIR: emp4435_H_202405_full_N0_20240502_022423.zip
2025-08-16 14:51:26,050 - INFO - EXCLUIR: emp4435_H_202405_full_N0_20240503_023008.zip
2025-08-16 14:51:26,058 - INFO - EXCLUIR: emp4435_H_202405_full_N0_20240504_022937.zip
2025-08-16 14:51:26,062 - INFO - EXCLUIR: emp4435_H_202405_full_N0_20240505_022422.zip
2025-08-16 14:51:26,072 - INFO - EXCLUIR: emp4435_H_202405_full_N0_20240506_022506.zip
2025-08-16 14:51:26,076 - INFO - EXCLUIR: emp4435_H_202405_full_N0_20240507_022948.zip
2025-08-16 14:51:26,082 - INFO - EXCLUIR: emp4435_H_202405_full_N0_20240508_022426.zip
2025-08-16 14:51:26,086 - INFO - EXCLUIR: emp4435_H_202405_full_N0_20240509_023017.zip
2025-08-16 14:51:26,090 - INFO - EXCLUIR: emp4435_H_202405_full_N0_20240510_022942.zip
2025-08-16 14:51:26,095 - INFO - EXCLUIR: emp4435_H_202405_full_N0_20240511_022429.zip
2025-08-16 14:51:26,101 - INFO - EXCLUIR: emp4435_H_202405_full_N0_20240512_023030.zip
2025-08-16 14:51:26,108 - INFO - EXCLUIR: emp4435_H_202405_full_N0_20240519_023127.zip
2025-08-16 14:51:26,113 - INFO - EXCLUIR: emp4435_H_202405_full_N0_20240520_023146.zip
2025-08-16 14:51:26,119 - INFO - EXCLUIR: emp4435_H_202405_full_N0_20240521_023225.zip
2025-08-16 14:51:26,124 - INFO - EXCLUIR: emp4435_H_202405_full_N0_20240522_023240.zip
2025-08-16 14:51:26,128 - INFO - EXCLUIR: emp4435_H_202405_full_N0_20240523_023300.zip
2025-08-16 14:51:26,133 - INFO - EXCLUIR: emp4435_H_202405_full_N0_20240524_023315.zip
2025-08-16 14:51:26,139 - INFO - EXCLUIR: emp4435_H_202405_full_N0_20240525_023315.zip
2025-08-16 14:51:26,145 - INFO - EXCLUIR: emp4435_H_202405_full_N0_20240526_023259.zip
2025-08-16 14:51:26,149 - INFO - EXCLUIR: emp4435_H_202405_full_N0_20240527_023329.zip
2025-08-16 14:51:26,155 - INFO - EXCLUIR: emp4435_H_202405_full_N0_20240528_023347.zip
2025-08-16 14:51:26,163 - INFO - EXCLUIR: emp4435_H_202405_full_N0_20240529_023220.zip
2025-08-16 14:51:26,170 - INFO - EXCLUIR: emp4435_H_202405_full_N0_20240530_023331.zip
2025-08-16 14:51:26,175 - INFO - EXCLUIR: emp4435_H_202405_full_N0_20240531_023400.zip
2025-08-16 14:51:26,179 - INFO - EXCLUIR: emp4435_H_202405_full_N0_20240601_023402.zip
2025-08-16 14:51:26,183 - INFO - 
--- Grupo: emp4435_H_202406 (31 arquivos) ---
2025-08-16 14:51:26,187 - INFO - MANTER: emp4435_H_202406_full_N0_20240915_115906.zip
2025-08-16 14:51:26,190 - INFO - EXCLUIR: emp4435_H_202406_full_N0_20240602_022941.zip
2025-08-16 14:51:26,199 - INFO - EXCLUIR: emp4435_H_202406_full_N0_20240603_023036.zip
2025-08-16 14:51:26,203 - INFO - EXCLUIR: emp4435_H_202406_full_N0_20240604_022531.zip
2025-08-16 14:51:26,210 - INFO - EXCLUIR: emp4435_H_202406_full_N0_20240605_023036.zip
2025-08-16 14:51:26,214 - INFO - EXCLUIR: emp4435_H_202406_full_N0_20240606_023047.zip
2025-08-16 14:51:26,225 - INFO - EXCLUIR: emp4435_H_202406_full_N0_20240607_022909.zip
2025-08-16 14:51:26,232 - INFO - EXCLUIR: emp4435_H_202406_full_N0_20240608_023052.zip
2025-08-16 14:51:26,237 - INFO - EXCLUIR: emp4435_H_202406_full_N0_20240609_023114.zip
2025-08-16 14:51:26,242 - INFO - EXCLUIR: emp4435_H_202406_full_N0_20240610_023122.zip
2025-08-16 14:51:26,249 - INFO - EXCLUIR: emp4435_H_202406_full_N0_20240611_022909.zip
2025-08-16 14:51:26,254 - INFO - EXCLUIR: emp4435_H_202406_full_N0_20240612_023149.zip
2025-08-16 14:51:26,262 - INFO - EXCLUIR: emp4435_H_202406_full_N0_20240613_023200.zip
2025-08-16 14:51:26,268 - INFO - EXCLUIR: emp4435_H_202406_full_N0_20240614_023143.zip
2025-08-16 14:51:26,276 - INFO - EXCLUIR: emp4435_H_202406_full_N0_20240615_023211.zip
2025-08-16 14:51:26,304 - INFO - EXCLUIR: emp4435_H_202406_full_N0_20240616_022709.zip
2025-08-16 14:51:26,326 - INFO - EXCLUIR: emp4435_H_202406_full_N0_20240617_023252.zip
2025-08-16 14:51:26,335 - INFO - EXCLUIR: emp4435_H_202406_full_N0_20240618_023308.zip
2025-08-16 14:51:26,339 - INFO - EXCLUIR: emp4435_H_202406_full_N0_20240619_022740.zip
2025-08-16 14:51:26,344 - INFO - EXCLUIR: emp4435_H_202406_full_N0_20240620_023257.zip
2025-08-16 14:51:26,348 - INFO - EXCLUIR: emp4435_H_202406_full_N0_20240621_023207.zip
2025-08-16 14:51:26,355 - INFO - EXCLUIR: emp4435_H_202406_full_N0_20240622_022849.zip
2025-08-16 14:51:26,365 - INFO - EXCLUIR: emp4435_H_202406_full_N0_20240623_023408.zip
2025-08-16 14:51:26,372 - INFO - EXCLUIR: emp4435_H_202406_full_N0_20240624_023413.zip
2025-08-16 14:51:26,379 - INFO - EXCLUIR: emp4435_H_202406_full_N0_20240625_022935.zip
2025-08-16 14:51:26,383 - INFO - EXCLUIR: emp4435_H_202406_full_N0_20240626_023514.zip
2025-08-16 14:51:26,389 - INFO - EXCLUIR: emp4435_H_202406_full_N0_20240627_023500.zip
2025-08-16 14:51:26,393 - INFO - EXCLUIR: emp4435_H_202406_full_N0_20240628_023555.zip
2025-08-16 14:51:26,397 - INFO - EXCLUIR: emp4435_H_202406_full_N0_20240629_023522.zip
2025-08-16 14:51:26,402 - INFO - EXCLUIR: emp4435_H_202406_full_N0_20240630_023548.zip
2025-08-16 14:51:26,406 - INFO - EXCLUIR: emp4435_H_202406_full_N0_20240701_023553.zip
2025-08-16 14:51:26,418 - INFO - 
--- Grupo: emp4435_H_202407 (32 arquivos) ---
2025-08-16 14:51:26,428 - INFO - MANTER: emp4435_H_202407_full_N0_20240915_115906.zip
2025-08-16 14:51:26,436 - INFO - EXCLUIR: emp4435_H_202407_full_N0_20240702_023039.zip
2025-08-16 14:51:26,447 - INFO - EXCLUIR: emp4435_H_202407_full_N0_20240703_022906.zip
2025-08-16 14:51:26,455 - INFO - EXCLUIR: emp4435_H_202407_full_N0_20240704_023100.zip
2025-08-16 14:51:26,465 - INFO - EXCLUIR: emp4435_H_202407_full_N0_20240705_023132.zip
2025-08-16 14:51:26,478 - INFO - EXCLUIR: emp4435_H_202407_full_N0_20240706_023121.zip
2025-08-16 14:51:26,486 - INFO - EXCLUIR: emp4435_H_202407_full_N0_20240707_022547.zip
2025-08-16 14:51:26,494 - INFO - EXCLUIR: emp4435_H_202407_full_N0_20240708_023145.zip
2025-08-16 14:51:26,502 - INFO - EXCLUIR: emp4435_H_202407_full_N0_20240709_023153.zip
2025-08-16 14:51:26,516 - INFO - EXCLUIR: emp4435_H_202407_full_N0_20240710_022944.zip
2025-08-16 14:51:26,524 - INFO - EXCLUIR: emp4435_H_202407_full_N0_20240711_023154.zip
2025-08-16 14:51:26,531 - INFO - EXCLUIR: emp4435_H_202407_full_N0_20240712_023300.zip
2025-08-16 14:51:26,540 - INFO - EXCLUIR: emp4435_H_202407_full_N0_20240713_022853.zip
2025-08-16 14:51:26,548 - INFO - EXCLUIR: emp4435_H_202407_full_N0_20240714_023223.zip
2025-08-16 14:51:26,560 - INFO - EXCLUIR: emp4435_H_202407_full_N0_20240715_023353.zip
2025-08-16 14:51:26,585 - INFO - EXCLUIR: emp4435_H_202407_full_N0_20240716_023014.zip
2025-08-16 14:51:26,590 - INFO - EXCLUIR: emp4435_H_202407_full_N0_20240717_023455.zip
2025-08-16 14:51:26,596 - INFO - EXCLUIR: emp4435_H_202407_full_N0_20240718_023321.zip
2025-08-16 14:51:26,602 - INFO - EXCLUIR: emp4435_H_202407_full_N0_20240719_023040.zip
2025-08-16 14:51:26,607 - INFO - EXCLUIR: emp4435_H_202407_full_N0_20240720_023445.zip
2025-08-16 14:51:26,613 - INFO - EXCLUIR: emp4435_H_202407_full_N0_20240721_023433.zip
2025-08-16 14:51:26,617 - INFO - EXCLUIR: emp4435_H_202407_full_N0_20240722_022950.zip
2025-08-16 14:51:26,622 - INFO - EXCLUIR: emp4435_H_202407_full_N0_20240723_023500.zip
2025-08-16 14:51:26,626 - INFO - EXCLUIR: emp4435_H_202407_full_N0_20240724_023502.zip
2025-08-16 14:51:26,637 - INFO - EXCLUIR: emp4435_H_202407_full_N0_20240725_023200.zip
2025-08-16 14:51:26,641 - INFO - EXCLUIR: emp4435_H_202407_full_N0_20240726_023532.zip
2025-08-16 14:51:26,648 - INFO - EXCLUIR: emp4435_H_202407_full_N0_20240727_023527.zip
2025-08-16 14:51:26,652 - INFO - EXCLUIR: emp4435_H_202407_full_N0_20240728_022942.zip
2025-08-16 14:51:26,657 - INFO - EXCLUIR: emp4435_H_202407_full_N0_20240729_023634.zip
2025-08-16 14:51:26,662 - INFO - EXCLUIR: emp4435_H_202407_full_N0_20240730_023632.zip
2025-08-16 14:51:26,679 - INFO - EXCLUIR: emp4435_H_202407_full_N0_20240731_023216.zip
2025-08-16 14:51:26,685 - INFO - EXCLUIR: emp4435_H_202407_full_N0_20240801_023715.zip
2025-08-16 14:51:26,689 - INFO - 
--- Grupo: emp4435_H_202408 (32 arquivos) ---
2025-08-16 14:51:26,697 - INFO - MANTER: emp4435_H_202408_full_N0_20240915_115905.zip
2025-08-16 14:51:26,703 - INFO - EXCLUIR: emp4435_H_202408_full_N0_20240802_023057.zip
2025-08-16 14:51:26,708 - INFO - EXCLUIR: emp4435_H_202408_full_N0_20240803_023125.zip
2025-08-16 14:51:26,714 - INFO - EXCLUIR: emp4435_H_202408_full_N0_20240804_023137.zip
2025-08-16 14:51:26,720 - INFO - EXCLUIR: emp4435_H_202408_full_N0_20240805_023156.zip
2025-08-16 14:51:26,725 - INFO - EXCLUIR: emp4435_H_202408_full_N0_20240806_023139.zip
2025-08-16 14:51:26,730 - INFO - EXCLUIR: emp4435_H_202408_full_N0_20240807_023016.zip
2025-08-16 14:51:26,735 - INFO - EXCLUIR: emp4435_H_202408_full_N0_20240808_022729.zip
2025-08-16 14:51:26,745 - INFO - EXCLUIR: emp4435_H_202408_full_N0_20240809_023225.zip
2025-08-16 14:51:26,781 - INFO - EXCLUIR: emp4435_H_202408_full_N0_20240810_023212.zip
2025-08-16 14:51:26,791 - INFO - EXCLUIR: emp4435_H_202408_full_N0_20240811_023211.zip
2025-08-16 14:51:26,797 - INFO - EXCLUIR: emp4435_H_202408_full_N0_20240812_023206.zip
2025-08-16 14:51:26,801 - INFO - EXCLUIR: emp4435_H_202408_full_N0_20240813_023315.zip
2025-08-16 14:51:26,806 - INFO - EXCLUIR: emp4435_H_202408_full_N0_20240814_023310.zip
2025-08-16 14:51:26,811 - INFO - EXCLUIR: emp4435_H_202408_full_N0_20240815_023345.zip
2025-08-16 14:51:26,818 - INFO - EXCLUIR: emp4435_H_202408_full_N0_20240816_023317.zip
2025-08-16 14:51:26,823 - INFO - EXCLUIR: emp4435_H_202408_full_N0_20240817_023315.zip
2025-08-16 14:51:26,827 - INFO - EXCLUIR: emp4435_H_202408_full_N0_20240818_023306.zip
2025-08-16 14:51:26,833 - INFO - EXCLUIR: emp4435_H_202408_full_N0_20240819_023328.zip
2025-08-16 14:51:26,844 - INFO - EXCLUIR: emp4435_H_202408_full_N0_20240820_023027.zip
2025-08-16 14:51:26,856 - INFO - EXCLUIR: emp4435_H_202408_full_N0_20240821_023456.zip
2025-08-16 14:51:26,864 - INFO - EXCLUIR: emp4435_H_202408_full_N0_20240822_023448.zip
2025-08-16 14:51:26,871 - INFO - EXCLUIR: emp4435_H_202408_full_N0_20240823_023521.zip
2025-08-16 14:51:26,880 - INFO - EXCLUIR: emp4435_H_202408_full_N0_20240824_023546.zip
2025-08-16 14:51:26,884 - INFO - EXCLUIR: emp4435_H_202408_full_N0_20240825_023544.zip
2025-08-16 14:51:26,889 - INFO - EXCLUIR: emp4435_H_202408_full_N0_20240826_022939.zip
2025-08-16 14:51:26,894 - INFO - EXCLUIR: emp4435_H_202408_full_N0_20240827_023614.zip
2025-08-16 14:51:26,899 - INFO - EXCLUIR: emp4435_H_202408_full_N0_20240828_023613.zip
2025-08-16 14:51:26,903 - INFO - EXCLUIR: emp4435_H_202408_full_N0_20240829_023639.zip
2025-08-16 14:51:26,907 - INFO - EXCLUIR: emp4435_H_202408_full_N0_20240830_023653.zip
2025-08-16 14:51:26,912 - INFO - EXCLUIR: emp4435_H_202408_full_N0_20240831_023641.zip
2025-08-16 14:51:26,917 - INFO - EXCLUIR: emp4435_H_202408_full_N0_20240901_023253.zip
2025-08-16 14:51:26,921 - INFO - 
--- Grupo: emp4435_H_202409 (18 arquivos) ---
2025-08-16 14:51:26,926 - INFO - MANTER: emp4435_H_202409_full_N0_20241001_020503.zip
2025-08-16 14:51:26,930 - INFO - EXCLUIR: emp4435_H_202409_full_N0_20240902_023129.zip
2025-08-16 14:51:26,936 - INFO - EXCLUIR: emp4435_H_202409_full_N0_20240903_023137.zip
2025-08-16 14:51:26,941 - INFO - EXCLUIR: emp4435_H_202409_full_N0_20240904_022520.zip
2025-08-16 14:51:26,951 - INFO - EXCLUIR: emp4435_H_202409_full_N0_20240905_023219.zip
2025-08-16 14:51:26,956 - INFO - EXCLUIR: emp4435_H_202409_full_N0_20240906_023243.zip
2025-08-16 14:51:26,959 - INFO - EXCLUIR: emp4435_H_202409_full_N0_20240907_022708.zip
2025-08-16 14:51:26,964 - INFO - EXCLUIR: emp4435_H_202409_full_N0_20240908_023242.zip
2025-08-16 14:51:26,968 - INFO - EXCLUIR: emp4435_H_202409_full_N0_20240909_023222.zip
2025-08-16 14:51:26,980 - INFO - EXCLUIR: emp4435_H_202409_full_N0_20240910_022528.zip
2025-08-16 14:51:26,986 - INFO - EXCLUIR: emp4435_H_202409_full_N0_20240911_023240.zip
2025-08-16 14:51:26,993 - INFO - EXCLUIR: emp4435_H_202409_full_N0_20240912_023346.zip
2025-08-16 14:51:26,997 - INFO - EXCLUIR: emp4435_H_202409_full_N0_20240913_022742.zip
2025-08-16 14:51:27,001 - INFO - EXCLUIR: emp4435_H_202409_full_N0_20240914_023428.zip
2025-08-16 14:51:27,010 - INFO - EXCLUIR: emp4435_H_202409_full_N0_20240915_023412.zip
2025-08-16 14:51:27,018 - INFO - EXCLUIR: emp4435_H_202409_full_N0_20240928_020430.zip
2025-08-16 14:51:27,026 - INFO - EXCLUIR: emp4435_H_202409_full_N0_20240929_020220.zip
2025-08-16 14:51:27,031 - INFO - EXCLUIR: emp4435_H_202409_full_N0_20240930_020225.zip
2025-08-16 14:51:27,037 - INFO - 
--- Grupo: emp4435_H_202410 (28 arquivos) ---
2025-08-16 14:51:27,044 - INFO - MANTER: emp4435_H_202410_full_N0_20241101_014640.zip
2025-08-16 14:51:27,049 - INFO - EXCLUIR: emp4435_H_202410_full_N0_20241002_020009.zip
2025-08-16 14:51:27,054 - INFO - EXCLUIR: emp4435_H_202410_full_N0_20241003_020111.zip
2025-08-16 14:51:27,058 - INFO - EXCLUIR: emp4435_H_202410_full_N0_20241004_020137.zip
2025-08-16 14:51:27,061 - INFO - EXCLUIR: emp4435_H_202410_full_N0_20241005_015937.zip
2025-08-16 14:51:27,066 - INFO - EXCLUIR: emp4435_H_202410_full_N0_20241006_015911.zip
2025-08-16 14:51:27,071 - INFO - EXCLUIR: emp4435_H_202410_full_N0_20241007_015903.zip
2025-08-16 14:51:27,086 - INFO - EXCLUIR: emp4435_H_202410_full_N0_20241008_020029.zip
2025-08-16 14:51:27,097 - INFO - EXCLUIR: emp4435_H_202410_full_N0_20241009_020229.zip
2025-08-16 14:51:27,108 - INFO - EXCLUIR: emp4435_H_202410_full_N0_20241010_015945.zip
2025-08-16 14:51:27,113 - INFO - EXCLUIR: emp4435_H_202410_full_N0_20241011_015736.zip
2025-08-16 14:51:27,118 - INFO - EXCLUIR: emp4435_H_202410_full_N0_20241012_015815.zip
2025-08-16 14:51:27,122 - INFO - EXCLUIR: emp4435_H_202410_full_N0_20241013_015815.zip
2025-08-16 14:51:27,135 - INFO - EXCLUIR: emp4435_H_202410_full_N0_20241014_015813.zip
2025-08-16 14:51:27,143 - INFO - EXCLUIR: emp4435_H_202410_full_N0_20241015_015732.zip
2025-08-16 14:51:27,148 - INFO - EXCLUIR: emp4435_H_202410_full_N0_20241016_020548.zip
2025-08-16 14:51:27,152 - INFO - EXCLUIR: emp4435_H_202410_full_N0_20241017_015800.zip
2025-08-16 14:51:27,159 - INFO - EXCLUIR: emp4435_H_202410_full_N0_20241018_015918.zip
2025-08-16 14:51:27,165 - INFO - EXCLUIR: emp4435_H_202410_full_N0_20241019_015923.zip
2025-08-16 14:51:27,169 - INFO - EXCLUIR: emp4435_H_202410_full_N0_20241020_015823.zip
2025-08-16 14:51:27,173 - INFO - EXCLUIR: emp4435_H_202410_full_N0_20241021_015834.zip
2025-08-16 14:51:27,178 - INFO - EXCLUIR: emp4435_H_202410_full_N0_20241022_020127.zip
2025-08-16 14:51:27,185 - INFO - EXCLUIR: emp4435_H_202410_full_N0_20241023_020257.zip
2025-08-16 14:51:27,190 - INFO - EXCLUIR: emp4435_H_202410_full_N0_20241024_020719.zip
2025-08-16 14:51:27,198 - INFO - EXCLUIR: emp4435_H_202410_full_N0_20241025_020027.zip
2025-08-16 14:51:27,203 - INFO - EXCLUIR: emp4435_H_202410_full_N0_20241026_020033.zip
2025-08-16 14:51:27,231 - INFO - EXCLUIR: emp4435_H_202410_full_N0_20241027_015929.zip
2025-08-16 14:51:27,237 - INFO - EXCLUIR: emp4435_H_202410_full_N0_20241028_015947.zip
2025-08-16 14:51:27,244 - INFO - 
--- Grupo: emp4435_H_202411 (20 arquivos) ---
2025-08-16 14:51:27,249 - INFO - MANTER: emp4435_H_202411_full_N0_20241201_014505.zip
2025-08-16 14:51:27,255 - INFO - EXCLUIR: emp4435_H_202411_full_N0_20241111_014336.zip
2025-08-16 14:51:27,260 - INFO - EXCLUIR: emp4435_H_202411_full_N0_20241113_014343.zip
2025-08-16 14:51:27,264 - INFO - EXCLUIR: emp4435_H_202411_full_N0_20241114_014324.zip
2025-08-16 14:51:27,269 - INFO - EXCLUIR: emp4435_H_202411_full_N0_20241115_014331.zip
2025-08-16 14:51:27,273 - INFO - EXCLUIR: emp4435_H_202411_full_N0_20241116_014445.zip
2025-08-16 14:51:27,277 - INFO - EXCLUIR: emp4435_H_202411_full_N0_20241117_014436.zip
2025-08-16 14:51:27,283 - INFO - EXCLUIR: emp4435_H_202411_full_N0_20241118_031126.zip
2025-08-16 14:51:27,289 - INFO - EXCLUIR: emp4435_H_202411_full_N0_20241119_014341.zip
2025-08-16 14:51:27,299 - INFO - EXCLUIR: emp4435_H_202411_full_N0_20241120_014358.zip
2025-08-16 14:51:27,304 - INFO - EXCLUIR: emp4435_H_202411_full_N0_20241121_014449.zip
2025-08-16 14:51:27,308 - INFO - EXCLUIR: emp4435_H_202411_full_N0_20241122_014416.zip
2025-08-16 14:51:27,316 - INFO - EXCLUIR: emp4435_H_202411_full_N0_20241123_014410.zip
2025-08-16 14:51:27,321 - INFO - EXCLUIR: emp4435_H_202411_full_N0_20241124_014404.zip
2025-08-16 14:51:27,325 - INFO - EXCLUIR: emp4435_H_202411_full_N0_20241125_014405.zip
2025-08-16 14:51:27,330 - INFO - EXCLUIR: emp4435_H_202411_full_N0_20241126_014420.zip
2025-08-16 14:51:27,335 - INFO - EXCLUIR: emp4435_H_202411_full_N0_20241127_014449.zip
2025-08-16 14:51:27,339 - INFO - EXCLUIR: emp4435_H_202411_full_N0_20241128_014454.zip
2025-08-16 14:51:27,343 - INFO - EXCLUIR: emp4435_H_202411_full_N0_20241129_014502.zip
2025-08-16 14:51:27,355 - INFO - EXCLUIR: emp4435_H_202411_full_N0_20241130_014517.zip
2025-08-16 14:51:27,358 - INFO - 
--- Grupo: emp4435_H_202412 (30 arquivos) ---
2025-08-16 14:51:27,363 - INFO - MANTER: emp4435_H_202412_full_N0_20250101_014611.zip
2025-08-16 14:51:27,367 - INFO - EXCLUIR: emp4435_H_202412_full_N0_20241202_014249.zip
2025-08-16 14:51:27,371 - INFO - EXCLUIR: emp4435_H_202412_full_N0_20241203_014305.zip
2025-08-16 14:51:27,377 - INFO - EXCLUIR: emp4435_H_202412_full_N0_20241204_014335.zip
2025-08-16 14:51:27,383 - INFO - EXCLUIR: emp4435_H_202412_full_N0_20241205_014355.zip
2025-08-16 14:51:27,389 - INFO - EXCLUIR: emp4435_H_202412_full_N0_20241206_014359.zip
2025-08-16 14:51:27,394 - INFO - EXCLUIR: emp4435_H_202412_full_N0_20241207_014415.zip
2025-08-16 14:51:27,408 - INFO - EXCLUIR: emp4435_H_202412_full_N0_20241208_014333.zip
2025-08-16 14:51:27,414 - INFO - EXCLUIR: emp4435_H_202412_full_N0_20241209_014338.zip
2025-08-16 14:51:27,419 - INFO - EXCLUIR: emp4435_H_202412_full_N0_20241210_014352.zip
2025-08-16 14:51:27,423 - INFO - EXCLUIR: emp4435_H_202412_full_N0_20241211_014437.zip
2025-08-16 14:51:27,428 - INFO - EXCLUIR: emp4435_H_202412_full_N0_20241212_014416.zip
2025-08-16 14:51:27,433 - INFO - EXCLUIR: emp4435_H_202412_full_N0_20241213_014447.zip
2025-08-16 14:51:27,437 - INFO - EXCLUIR: emp4435_H_202412_full_N0_20241214_014431.zip
2025-08-16 14:51:27,441 - INFO - EXCLUIR: emp4435_H_202412_full_N0_20241215_014448.zip
2025-08-16 14:51:27,445 - INFO - EXCLUIR: emp4435_H_202412_full_N0_20241217_014510.zip
2025-08-16 14:51:27,455 - INFO - EXCLUIR: emp4435_H_202412_full_N0_20241218_014511.zip
2025-08-16 14:51:27,461 - INFO - EXCLUIR: emp4435_H_202412_full_N0_20241219_014525.zip
2025-08-16 14:51:27,467 - INFO - EXCLUIR: emp4435_H_202412_full_N0_20241220_014546.zip
2025-08-16 14:51:27,471 - INFO - EXCLUIR: emp4435_H_202412_full_N0_20241221_014554.zip
2025-08-16 14:51:27,479 - INFO - EXCLUIR: emp4435_H_202412_full_N0_20241222_014547.zip
2025-08-16 14:51:27,485 - INFO - EXCLUIR: emp4435_H_202412_full_N0_20241223_014605.zip
2025-08-16 14:51:27,491 - INFO - EXCLUIR: emp4435_H_202412_full_N0_20241224_014540.zip
2025-08-16 14:51:27,500 - INFO - EXCLUIR: emp4435_H_202412_full_N0_20241225_014630.zip
2025-08-16 14:51:27,508 - INFO - EXCLUIR: emp4435_H_202412_full_N0_20241226_014602.zip
2025-08-16 14:51:27,514 - INFO - EXCLUIR: emp4435_H_202412_full_N0_20241227_014631.zip
2025-08-16 14:51:27,522 - INFO - EXCLUIR: emp4435_H_202412_full_N0_20241228_014644.zip
2025-08-16 14:51:27,526 - INFO - EXCLUIR: emp4435_H_202412_full_N0_20241229_014546.zip
2025-08-16 14:51:27,534 - INFO - EXCLUIR: emp4435_H_202412_full_N0_20241230_014631.zip
2025-08-16 14:51:27,546 - INFO - EXCLUIR: emp4435_H_202412_full_N0_20241231_014545.zip
2025-08-16 14:51:27,573 - INFO - 
--- Grupo: emp4435_H_202501 (29 arquivos) ---
2025-08-16 14:51:27,581 - INFO - MANTER: emp4435_H_202501_full_N0_20250201_014728.zip
2025-08-16 14:51:27,590 - INFO - EXCLUIR: emp4435_H_202501_full_N0_20250102_014336.zip
2025-08-16 14:51:27,598 - INFO - EXCLUIR: emp4435_H_202501_full_N0_20250103_014335.zip
2025-08-16 14:51:27,608 - INFO - EXCLUIR: emp4435_H_202501_full_N0_20250104_014410.zip
2025-08-16 14:51:27,614 - INFO - EXCLUIR: emp4435_H_202501_full_N0_20250105_014352.zip
2025-08-16 14:51:27,618 - INFO - EXCLUIR: emp4435_H_202501_full_N0_20250106_014346.zip
2025-08-16 14:51:27,625 - INFO - EXCLUIR: emp4435_H_202501_full_N0_20250107_014359.zip
2025-08-16 14:51:27,632 - INFO - EXCLUIR: emp4435_H_202501_full_N0_20250108_014523.zip
2025-08-16 14:51:27,639 - INFO - EXCLUIR: emp4435_H_202501_full_N0_20250109_014421.zip
2025-08-16 14:51:27,643 - INFO - EXCLUIR: emp4435_H_202501_full_N0_20250110_014435.zip
2025-08-16 14:51:27,648 - INFO - EXCLUIR: emp4435_H_202501_full_N0_20250111_014453.zip
2025-08-16 14:51:27,658 - INFO - EXCLUIR: emp4435_H_202501_full_N0_20250112_014601.zip
2025-08-16 14:51:27,662 - INFO - EXCLUIR: emp4435_H_202501_full_N0_20250114_223337.zip
2025-08-16 14:51:27,670 - INFO - EXCLUIR: emp4435_H_202501_full_N0_20250116_014507.zip
2025-08-16 14:51:27,676 - INFO - EXCLUIR: emp4435_H_202501_full_N0_20250117_014454.zip
2025-08-16 14:51:27,680 - INFO - EXCLUIR: emp4435_H_202501_full_N0_20250118_014511.zip
2025-08-16 14:51:27,684 - INFO - EXCLUIR: emp4435_H_202501_full_N0_20250119_014506.zip
2025-08-16 14:51:27,688 - INFO - EXCLUIR: emp4435_H_202501_full_N0_20250120_014525.zip
2025-08-16 14:51:27,697 - INFO - EXCLUIR: emp4435_H_202501_full_N0_20250121_014512.zip
2025-08-16 14:51:27,701 - INFO - EXCLUIR: emp4435_H_202501_full_N0_20250122_014648.zip
2025-08-16 14:51:27,716 - INFO - EXCLUIR: emp4435_H_202501_full_N0_20250123_014529.zip
2025-08-16 14:51:27,720 - INFO - EXCLUIR: emp4435_H_202501_full_N0_20250124_014536.zip
2025-08-16 14:51:27,726 - INFO - EXCLUIR: emp4435_H_202501_full_N0_20250125_014546.zip
2025-08-16 14:51:27,733 - INFO - EXCLUIR: emp4435_H_202501_full_N0_20250126_014535.zip
2025-08-16 14:51:27,737 - INFO - EXCLUIR: emp4435_H_202501_full_N0_20250127_014555.zip
2025-08-16 14:51:27,744 - INFO - EXCLUIR: emp4435_H_202501_full_N0_20250128_014609.zip
2025-08-16 14:51:27,761 - INFO - EXCLUIR: emp4435_H_202501_full_N0_20250129_014856.zip
2025-08-16 14:51:27,766 - INFO - EXCLUIR: emp4435_H_202501_full_N0_20250130_014700.zip
2025-08-16 14:51:27,772 - INFO - EXCLUIR: emp4435_H_202501_full_N0_20250131_014658.zip
2025-08-16 14:51:27,776 - INFO - 
--- Grupo: emp4435_H_202502 (28 arquivos) ---
2025-08-16 14:51:27,781 - INFO - MANTER: emp4435_H_202502_full_N0_20250301_014833.zip
2025-08-16 14:51:27,786 - INFO - EXCLUIR: emp4435_H_202502_full_N0_20250202_014624.zip
2025-08-16 14:51:27,793 - INFO - EXCLUIR: emp4435_H_202502_full_N0_20250203_014545.zip
2025-08-16 14:51:27,803 - INFO - EXCLUIR: emp4435_H_202502_full_N0_20250204_014457.zip
2025-08-16 14:51:27,822 - INFO - EXCLUIR: emp4435_H_202502_full_N0_20250205_014444.zip
2025-08-16 14:51:27,834 - INFO - EXCLUIR: emp4435_H_202502_full_N0_20250206_014632.zip
2025-08-16 14:51:27,852 - INFO - EXCLUIR: emp4435_H_202502_full_N0_20250207_014532.zip
2025-08-16 14:51:27,864 - INFO - EXCLUIR: emp4435_H_202502_full_N0_20250208_014608.zip
2025-08-16 14:51:27,872 - INFO - EXCLUIR: emp4435_H_202502_full_N0_20250209_014659.zip
2025-08-16 14:51:27,881 - INFO - EXCLUIR: emp4435_H_202502_full_N0_20250210_014644.zip
2025-08-16 14:51:27,888 - INFO - EXCLUIR: emp4435_H_202502_full_N0_20250211_014553.zip
2025-08-16 14:51:27,901 - INFO - EXCLUIR: emp4435_H_202502_full_N0_20250212_014516.zip
2025-08-16 14:51:27,905 - INFO - EXCLUIR: emp4435_H_202502_full_N0_20250213_014615.zip
2025-08-16 14:51:27,919 - INFO - EXCLUIR: emp4435_H_202502_full_N0_20250214_014654.zip
2025-08-16 14:51:27,927 - INFO - EXCLUIR: emp4435_H_202502_full_N0_20250215_014554.zip
2025-08-16 14:51:27,939 - INFO - EXCLUIR: emp4435_H_202502_full_N0_20250216_014646.zip
2025-08-16 14:51:27,948 - INFO - EXCLUIR: emp4435_H_202502_full_N0_20250217_014548.zip
2025-08-16 14:51:27,953 - INFO - EXCLUIR: emp4435_H_202502_full_N0_20250218_014707.zip
2025-08-16 14:51:27,965 - INFO - EXCLUIR: emp4435_H_202502_full_N0_20250219_014654.zip
2025-08-16 14:51:27,972 - INFO - EXCLUIR: emp4435_H_202502_full_N0_20250220_014636.zip
2025-08-16 14:51:27,979 - INFO - EXCLUIR: emp4435_H_202502_full_N0_20250221_014901.zip
2025-08-16 14:51:27,984 - INFO - EXCLUIR: emp4435_H_202502_full_N0_20250222_014733.zip
2025-08-16 14:51:27,991 - INFO - EXCLUIR: emp4435_H_202502_full_N0_20250223_014806.zip
2025-08-16 14:51:27,999 - INFO - EXCLUIR: emp4435_H_202502_full_N0_20250224_014817.zip
2025-08-16 14:51:28,011 - INFO - EXCLUIR: emp4435_H_202502_full_N0_20250225_014654.zip
2025-08-16 14:51:28,018 - INFO - EXCLUIR: emp4435_H_202502_full_N0_20250226_014808.zip
2025-08-16 14:51:28,026 - INFO - EXCLUIR: emp4435_H_202502_full_N0_20250227_014759.zip
2025-08-16 14:51:28,032 - INFO - EXCLUIR: emp4435_H_202502_full_N0_20250228_014955.zip
2025-08-16 14:51:28,038 - INFO - 
--- Grupo: emp4435_H_202503 (31 arquivos) ---
2025-08-16 14:51:28,043 - INFO - MANTER: emp4435_H_202503_full_N0_20250401_015019.zip
2025-08-16 14:51:28,048 - INFO - EXCLUIR: emp4435_H_202503_full_N0_20250302_014554.zip
2025-08-16 14:51:28,054 - INFO - EXCLUIR: emp4435_H_202503_full_N0_20250303_014519.zip
2025-08-16 14:51:28,059 - INFO - EXCLUIR: emp4435_H_202503_full_N0_20250304_014453.zip
2025-08-16 14:51:28,065 - INFO - EXCLUIR: emp4435_H_202503_full_N0_20250305_014559.zip
2025-08-16 14:51:28,071 - INFO - EXCLUIR: emp4435_H_202503_full_N0_20250306_014846.zip
2025-08-16 14:51:28,078 - INFO - EXCLUIR: emp4435_H_202503_full_N0_20250307_014651.zip
2025-08-16 14:51:28,084 - INFO - EXCLUIR: emp4435_H_202503_full_N0_20250308_014544.zip
2025-08-16 14:51:28,089 - INFO - EXCLUIR: emp4435_H_202503_full_N0_20250309_014734.zip
2025-08-16 14:51:28,093 - INFO - EXCLUIR: emp4435_H_202503_full_N0_20250310_014713.zip
2025-08-16 14:51:28,097 - INFO - EXCLUIR: emp4435_H_202503_full_N0_20250311_014618.zip
2025-08-16 14:51:28,102 - INFO - EXCLUIR: emp4435_H_202503_full_N0_20250312_014743.zip
2025-08-16 14:51:28,108 - INFO - EXCLUIR: emp4435_H_202503_full_N0_20250313_014612.zip
2025-08-16 14:51:28,113 - INFO - EXCLUIR: emp4435_H_202503_full_N0_20250314_014641.zip
2025-08-16 14:51:28,119 - INFO - EXCLUIR: emp4435_H_202503_full_N0_20250315_014624.zip
2025-08-16 14:51:28,123 - INFO - EXCLUIR: emp4435_H_202503_full_N0_20250316_014652.zip
2025-08-16 14:51:28,127 - INFO - EXCLUIR: emp4435_H_202503_full_N0_20250317_014749.zip
2025-08-16 14:51:28,138 - INFO - EXCLUIR: emp4435_H_202503_full_N0_20250318_014702.zip
2025-08-16 14:51:28,145 - INFO - EXCLUIR: emp4435_H_202503_full_N0_20250319_014748.zip
2025-08-16 14:51:28,150 - INFO - EXCLUIR: emp4435_H_202503_full_N0_20250320_014751.zip
2025-08-16 14:51:28,154 - INFO - EXCLUIR: emp4435_H_202503_full_N0_20250321_014810.zip
2025-08-16 14:51:28,158 - INFO - EXCLUIR: emp4435_H_202503_full_N0_20250322_014811.zip
2025-08-16 14:51:28,162 - INFO - EXCLUIR: emp4435_H_202503_full_N0_20250323_014652.zip
2025-08-16 14:51:28,168 - INFO - EXCLUIR: emp4435_H_202503_full_N0_20250324_014732.zip
2025-08-16 14:51:28,173 - INFO - EXCLUIR: emp4435_H_202503_full_N0_20250325_014857.zip
2025-08-16 14:51:28,177 - INFO - EXCLUIR: emp4435_H_202503_full_N0_20250326_014835.zip
2025-08-16 14:51:28,181 - INFO - EXCLUIR: emp4435_H_202503_full_N0_20250327_015455.zip
2025-08-16 14:51:28,185 - INFO - EXCLUIR: emp4435_H_202503_full_N0_20250328_014935.zip
2025-08-16 14:51:28,189 - INFO - EXCLUIR: emp4435_H_202503_full_N0_20250329_015218.zip
2025-08-16 14:51:28,195 - INFO - EXCLUIR: emp4435_H_202503_full_N0_20250330_015133.zip
2025-08-16 14:51:28,199 - INFO - EXCLUIR: emp4435_H_202503_full_N0_20250331_014846.zip
2025-08-16 14:51:28,204 - INFO - 
--- Grupo: emp4435_H_202504 (30 arquivos) ---
2025-08-16 14:51:28,228 - INFO - MANTER: emp4435_H_202504_full_N0_20250501_020130.zip
2025-08-16 14:51:28,233 - INFO - EXCLUIR: emp4435_H_202504_full_N0_20250402_014941.zip
2025-08-16 14:51:28,238 - INFO - EXCLUIR: emp4435_H_202504_full_N0_20250403_014630.zip
2025-08-16 14:51:28,242 - INFO - EXCLUIR: emp4435_H_202504_full_N0_20250404_014627.zip
2025-08-16 14:51:28,247 - INFO - EXCLUIR: emp4435_H_202504_full_N0_20250405_014704.zip
2025-08-16 14:51:28,252 - INFO - EXCLUIR: emp4435_H_202504_full_N0_20250406_014749.zip
2025-08-16 14:51:28,258 - INFO - EXCLUIR: emp4435_H_202504_full_N0_20250407_014733.zip
2025-08-16 14:51:28,263 - INFO - EXCLUIR: emp4435_H_202504_full_N0_20250408_015153.zip
2025-08-16 14:51:28,269 - INFO - EXCLUIR: emp4435_H_202504_full_N0_20250409_014916.zip
2025-08-16 14:51:28,274 - INFO - EXCLUIR: emp4435_H_202504_full_N0_20250410_014844.zip
2025-08-16 14:51:28,279 - INFO - EXCLUIR: emp4435_H_202504_full_N0_20250411_015024.zip
2025-08-16 14:51:28,283 - INFO - EXCLUIR: emp4435_H_202504_full_N0_20250412_015210.zip
2025-08-16 14:51:28,289 - INFO - EXCLUIR: emp4435_H_202504_full_N0_20250413_014758.zip
2025-08-16 14:51:28,299 - INFO - EXCLUIR: emp4435_H_202504_full_N0_20250414_014732.zip
2025-08-16 14:51:28,310 - INFO - EXCLUIR: emp4435_H_202504_full_N0_20250415_014908.zip
2025-08-16 14:51:28,316 - INFO - EXCLUIR: emp4435_H_202504_full_N0_20250416_015153.zip
2025-08-16 14:51:28,323 - INFO - EXCLUIR: emp4435_H_202504_full_N0_20250417_015015.zip
2025-08-16 14:51:28,330 - INFO - EXCLUIR: emp4435_H_202504_full_N0_20250418_014959.zip
2025-08-16 14:51:28,337 - INFO - EXCLUIR: emp4435_H_202504_full_N0_20250419_015137.zip
2025-08-16 14:51:28,342 - INFO - EXCLUIR: emp4435_H_202504_full_N0_20250420_015231.zip
2025-08-16 14:51:28,346 - INFO - EXCLUIR: emp4435_H_202504_full_N0_20250421_014920.zip
2025-08-16 14:51:28,353 - INFO - EXCLUIR: emp4435_H_202504_full_N0_20250422_014845.zip
2025-08-16 14:51:28,359 - INFO - EXCLUIR: emp4435_H_202504_full_N0_20250423_015140.zip
2025-08-16 14:51:28,363 - INFO - EXCLUIR: emp4435_H_202504_full_N0_20250424_015204.zip
2025-08-16 14:51:28,367 - INFO - EXCLUIR: emp4435_H_202504_full_N0_20250425_014910.zip
2025-08-16 14:51:28,374 - INFO - EXCLUIR: emp4435_H_202504_full_N0_20250426_014907.zip
2025-08-16 14:51:28,379 - INFO - EXCLUIR: emp4435_H_202504_full_N0_20250427_014847.zip
2025-08-16 14:51:28,385 - INFO - EXCLUIR: emp4435_H_202504_full_N0_20250428_014937.zip
2025-08-16 14:51:28,389 - INFO - EXCLUIR: emp4435_H_202504_full_N0_20250429_014943.zip
2025-08-16 14:51:28,394 - INFO - EXCLUIR: emp4435_H_202504_full_N0_20250430_015158.zip
2025-08-16 14:51:28,401 - INFO - 
--- Grupo: emp4435_H_202505 (28 arquivos) ---
2025-08-16 14:51:28,409 - INFO - MANTER: emp4435_H_202505_full_N0_20250601_014935.zip
2025-08-16 14:51:28,419 - INFO - EXCLUIR: emp4435_H_202505_full_N0_20250502_014918.zip
2025-08-16 14:51:28,431 - INFO - EXCLUIR: emp4435_H_202505_full_N0_20250503_015503.zip
2025-08-16 14:51:28,441 - INFO - EXCLUIR: emp4435_H_202505_full_N0_20250504_015308.zip
2025-08-16 14:51:28,446 - INFO - EXCLUIR: emp4435_H_202505_full_N0_20250505_015814.zip
2025-08-16 14:51:28,452 - INFO - EXCLUIR: emp4435_H_202505_full_N0_20250507_015040.zip
2025-08-16 14:51:28,457 - INFO - EXCLUIR: emp4435_H_202505_full_N0_20250509_015234.zip
2025-08-16 14:51:28,461 - INFO - EXCLUIR: emp4435_H_202505_full_N0_20250510_015536.zip
2025-08-16 14:51:28,466 - INFO - EXCLUIR: emp4435_H_202505_full_N0_20250511_015621.zip
2025-08-16 14:51:28,470 - INFO - EXCLUIR: emp4435_H_202505_full_N0_20250512_015409.zip
2025-08-16 14:51:28,477 - INFO - EXCLUIR: emp4435_H_202505_full_N0_20250513_015627.zip
2025-08-16 14:51:28,482 - INFO - EXCLUIR: emp4435_H_202505_full_N0_20250514_015636.zip
2025-08-16 14:51:28,486 - INFO - EXCLUIR: emp4435_H_202505_full_N0_20250515_015507.zip
2025-08-16 14:51:28,490 - INFO - EXCLUIR: emp4435_H_202505_full_N0_20250516_015409.zip
2025-08-16 14:51:28,494 - INFO - EXCLUIR: emp4435_H_202505_full_N0_20250517_015736.zip
2025-08-16 14:51:28,499 - INFO - EXCLUIR: emp4435_H_202505_full_N0_20250518_015359.zip
2025-08-16 14:51:28,506 - INFO - EXCLUIR: emp4435_H_202505_full_N0_20250519_015607.zip
2025-08-16 14:51:28,512 - INFO - EXCLUIR: emp4435_H_202505_full_N0_20250520_015435.zip
2025-08-16 14:51:28,518 - INFO - EXCLUIR: emp4435_H_202505_full_N0_20250521_015421.zip
2025-08-16 14:51:28,522 - INFO - EXCLUIR: emp4435_H_202505_full_N0_20250522_015711.zip
2025-08-16 14:51:28,529 - INFO - EXCLUIR: emp4435_H_202505_full_N0_20250523_015608.zip
2025-08-16 14:51:28,536 - INFO - EXCLUIR: emp4435_H_202505_full_N0_20250524_015728.zip
2025-08-16 14:51:28,542 - INFO - EXCLUIR: emp4435_H_202505_full_N0_20250525_015437.zip
2025-08-16 14:51:28,546 - INFO - EXCLUIR: emp4435_H_202505_full_N0_20250526_015700.zip
2025-08-16 14:51:28,550 - INFO - EXCLUIR: emp4435_H_202505_full_N0_20250527_015343.zip
2025-08-16 14:51:28,555 - INFO - EXCLUIR: emp4435_H_202505_full_N0_20250528_015437.zip
2025-08-16 14:51:28,564 - INFO - EXCLUIR: emp4435_H_202505_full_N0_20250529_015437.zip
2025-08-16 14:51:28,569 - INFO - EXCLUIR: emp4435_H_202505_full_N0_20250531_015428.zip
2025-08-16 14:51:28,575 - INFO - 
--- Grupo: emp4435_H_202506 (26 arquivos) ---
2025-08-16 14:51:28,579 - INFO - MANTER: emp4435_H_202506_full_N0_20250701_015333.zip
2025-08-16 14:51:28,583 - INFO - EXCLUIR: emp4435_H_202506_full_N0_20250602_014827.zip
2025-08-16 14:51:28,592 - INFO - EXCLUIR: emp4435_H_202506_full_N0_20250603_015053.zip
2025-08-16 14:51:28,597 - INFO - EXCLUIR: emp4435_H_202506_full_N0_20250604_015341.zip
2025-08-16 14:51:28,604 - INFO - EXCLUIR: emp4435_H_202506_full_N0_20250605_014943.zip
2025-08-16 14:51:28,609 - INFO - EXCLUIR: emp4435_H_202506_full_N0_20250606_015056.zip
2025-08-16 14:51:28,618 - INFO - EXCLUIR: emp4435_H_202506_full_N0_20250607_015949.zip
2025-08-16 14:51:28,631 - INFO - EXCLUIR: emp4435_H_202506_full_N0_20250608_015802.zip
2025-08-16 14:51:28,638 - INFO - EXCLUIR: emp4435_H_202506_full_N0_20250609_015944.zip
2025-08-16 14:51:28,647 - INFO - EXCLUIR: emp4435_H_202506_full_N0_20250610_020235.zip
2025-08-16 14:51:28,651 - INFO - EXCLUIR: emp4435_H_202506_full_N0_20250612_014858.zip
2025-08-16 14:51:28,659 - INFO - EXCLUIR: emp4435_H_202506_full_N0_20250613_015407.zip
2025-08-16 14:51:28,664 - INFO - EXCLUIR: emp4435_H_202506_full_N0_20250614_015817.zip
2025-08-16 14:51:28,669 - INFO - EXCLUIR: emp4435_H_202506_full_N0_20250615_015842.zip
2025-08-16 14:51:28,674 - INFO - EXCLUIR: emp4435_H_202506_full_N0_20250617_014919.zip
2025-08-16 14:51:28,679 - INFO - EXCLUIR: emp4435_H_202506_full_N0_20250618_014933.zip
2025-08-16 14:51:28,683 - INFO - EXCLUIR: emp4435_H_202506_full_N0_20250619_014934.zip
2025-08-16 14:51:28,689 - INFO - EXCLUIR: emp4435_H_202506_full_N0_20250620_015202.zip
2025-08-16 14:51:28,698 - INFO - EXCLUIR: emp4435_H_202506_full_N0_20250621_015413.zip
2025-08-16 14:51:28,704 - INFO - EXCLUIR: emp4435_H_202506_full_N0_20250622_020008.zip
2025-08-16 14:51:28,708 - INFO - EXCLUIR: emp4435_H_202506_full_N0_20250624_015100.zip
2025-08-16 14:51:28,713 - INFO - EXCLUIR: emp4435_H_202506_full_N0_20250625_015821.zip
2025-08-16 14:51:28,720 - INFO - EXCLUIR: emp4435_H_202506_full_N0_20250626_020054.zip
2025-08-16 14:51:28,729 - INFO - EXCLUIR: emp4435_H_202506_full_N0_20250628_015228.zip
2025-08-16 14:51:28,735 - INFO - EXCLUIR: emp4435_H_202506_full_N0_20250629_015035.zip
2025-08-16 14:51:28,742 - INFO - EXCLUIR: emp4435_H_202506_full_N0_20250630_015055.zip
2025-08-16 14:51:28,749 - INFO - 
--- Grupo: emp4435_H_202507 (31 arquivos) ---
2025-08-16 14:51:28,753 - INFO - MANTER: emp4435_H_202507_full_N0_20250801_015443.zip
2025-08-16 14:51:28,761 - INFO - EXCLUIR: emp4435_H_202507_full_N0_20250702_015023.zip
2025-08-16 14:51:28,773 - INFO - EXCLUIR: emp4435_H_202507_full_N0_20250703_014831.zip
2025-08-16 14:51:28,777 - INFO - EXCLUIR: emp4435_H_202507_full_N0_20250704_014835.zip
2025-08-16 14:51:28,784 - INFO - EXCLUIR: emp4435_H_202507_full_N0_20250705_015003.zip
2025-08-16 14:51:28,789 - INFO - EXCLUIR: emp4435_H_202507_full_N0_20250706_014942.zip
2025-08-16 14:51:28,794 - INFO - EXCLUIR: emp4435_H_202507_full_N0_20250707_014827.zip
2025-08-16 14:51:28,798 - INFO - EXCLUIR: emp4435_H_202507_full_N0_20250708_014850.zip
2025-08-16 14:51:28,803 - INFO - EXCLUIR: emp4435_H_202507_full_N0_20250709_014931.zip
2025-08-16 14:51:28,816 - INFO - EXCLUIR: emp4435_H_202507_full_N0_20250710_015127.zip
2025-08-16 14:51:28,823 - INFO - EXCLUIR: emp4435_H_202507_full_N0_20250711_014959.zip
2025-08-16 14:51:28,842 - INFO - EXCLUIR: emp4435_H_202507_full_N0_20250712_015048.zip
2025-08-16 14:51:28,846 - INFO - EXCLUIR: emp4435_H_202507_full_N0_20250713_015209.zip
2025-08-16 14:51:28,851 - INFO - EXCLUIR: emp4435_H_202507_full_N0_20250714_015024.zip
2025-08-16 14:51:28,856 - INFO - EXCLUIR: emp4435_H_202507_full_N0_20250715_015047.zip
2025-08-16 14:51:28,860 - INFO - EXCLUIR: emp4435_H_202507_full_N0_20250716_015209.zip
2025-08-16 14:51:28,867 - INFO - EXCLUIR: emp4435_H_202507_full_N0_20250717_015237.zip
2025-08-16 14:51:28,874 - INFO - EXCLUIR: emp4435_H_202507_full_N0_20250718_015158.zip
2025-08-16 14:51:28,881 - INFO - EXCLUIR: emp4435_H_202507_full_N0_20250719_015204.zip
2025-08-16 14:51:28,888 - INFO - EXCLUIR: emp4435_H_202507_full_N0_20250720_015145.zip
2025-08-16 14:51:28,893 - INFO - EXCLUIR: emp4435_H_202507_full_N0_20250721_015243.zip
2025-08-16 14:51:28,898 - INFO - EXCLUIR: emp4435_H_202507_full_N0_20250722_015250.zip
2025-08-16 14:51:28,905 - INFO - EXCLUIR: emp4435_H_202507_full_N0_20250723_015214.zip
2025-08-16 14:51:28,910 - INFO - EXCLUIR: emp4435_H_202507_full_N0_20250724_015903.zip
2025-08-16 14:51:28,914 - INFO - EXCLUIR: emp4435_H_202507_full_N0_20250725_015143.zip
2025-08-16 14:51:28,927 - INFO - EXCLUIR: emp4435_H_202507_full_N0_20250726_015219.zip
2025-08-16 14:51:28,938 - INFO - EXCLUIR: emp4435_H_202507_full_N0_20250727_015308.zip
2025-08-16 14:51:28,942 - INFO - EXCLUIR: emp4435_H_202507_full_N0_20250728_015117.zip
2025-08-16 14:51:28,947 - INFO - EXCLUIR: emp4435_H_202507_full_N0_20250729_015231.zip
2025-08-16 14:51:28,952 - INFO - EXCLUIR: emp4435_H_202507_full_N0_20250730_015445.zip
2025-08-16 14:51:28,957 - INFO - EXCLUIR: emp4435_H_202507_full_N0_20250731_015430.zip
2025-08-16 14:51:28,961 - INFO - 
--- Grupo: emp4435_H_202508 (15 arquivos) ---
2025-08-16 14:51:28,971 - INFO - MANTER: emp4435_H_202508_full_N0_20250816_015127.zip
2025-08-16 14:51:28,978 - INFO - EXCLUIR: emp4435_H_202508_full_N0_20250802_014943.zip
2025-08-16 14:51:28,991 - INFO - EXCLUIR: emp4435_H_202508_full_N0_20250803_014843.zip
2025-08-16 14:51:28,997 - INFO - EXCLUIR: emp4435_H_202508_full_N0_20250804_015029.zip
2025-08-16 14:51:29,002 - INFO - EXCLUIR: emp4435_H_202508_full_N0_20250805_015301.zip
2025-08-16 14:51:29,008 - INFO - EXCLUIR: emp4435_H_202508_full_N0_20250806_015544.zip
2025-08-16 14:51:29,014 - INFO - EXCLUIR: emp4435_H_202508_full_N0_20250807_015703.zip
2025-08-16 14:51:29,019 - INFO - EXCLUIR: emp4435_H_202508_full_N0_20250808_015252.zip
2025-08-16 14:51:29,027 - INFO - EXCLUIR: emp4435_H_202508_full_N0_20250809_020010.zip
2025-08-16 14:51:29,032 - INFO - EXCLUIR: emp4435_H_202508_full_N0_20250810_015552.zip
2025-08-16 14:51:29,049 - INFO - EXCLUIR: emp4435_H_202508_full_N0_20250811_015253.zip
2025-08-16 14:51:29,054 - INFO - EXCLUIR: emp4435_H_202508_full_N0_20250812_015354.zip
2025-08-16 14:51:29,059 - INFO - EXCLUIR: emp4435_H_202508_full_N0_20250813_015352.zip
2025-08-16 14:51:29,063 - INFO - EXCLUIR: emp4435_H_202508_full_N0_20250814_015251.zip
2025-08-16 14:51:29,070 - INFO - EXCLUIR: emp4435_H_202508_full_N0_20250815_015202.zip
2025-08-16 14:51:29,079 - INFO - 
--- Grupo: emp62_H_202305 (2 arquivos) ---
2025-08-16 14:51:29,083 - INFO - MANTER: emp62_H_202305_full_N0_20240121_031923.zip
2025-08-16 14:51:29,089 - INFO - EXCLUIR: emp62_H_202305_full_N0_20231220_022727.zip
2025-08-16 14:51:29,094 - INFO - 
--- Grupo: emp62_H_202306 (2 arquivos) ---
2025-08-16 14:51:29,098 - INFO - MANTER: emp62_H_202306_full_N0_20240121_031924.zip
2025-08-16 14:51:29,109 - INFO - EXCLUIR: emp62_H_202306_full_N0_20231220_022729.zip
2025-08-16 14:51:29,117 - INFO - 
--- Grupo: emp62_H_202307 (2 arquivos) ---
2025-08-16 14:51:29,123 - INFO - MANTER: emp62_H_202307_full_N0_20240121_031927.zip
2025-08-16 14:51:29,130 - INFO - EXCLUIR: emp62_H_202307_full_N0_20231220_022732.zip
2025-08-16 14:51:29,134 - INFO - 
--- Grupo: emp62_H_202308 (2 arquivos) ---
2025-08-16 14:51:29,144 - INFO - MANTER: emp62_H_202308_full_N0_20240121_031931.zip
2025-08-16 14:51:29,149 - INFO - EXCLUIR: emp62_H_202308_full_N0_20231220_022738.zip
2025-08-16 14:51:29,153 - INFO - 
--- Grupo: emp62_H_202309 (2 arquivos) ---
2025-08-16 14:51:29,157 - INFO - MANTER: emp62_H_202309_full_N0_20240121_031930.zip
2025-08-16 14:51:29,163 - INFO - EXCLUIR: emp62_H_202309_full_N0_20231220_022736.zip
2025-08-16 14:51:29,168 - INFO - 
--- Grupo: emp62_H_202310 (2 arquivos) ---
2025-08-16 14:51:29,172 - INFO - MANTER: emp62_H_202310_full_N0_20240121_031928.zip
2025-08-16 14:51:29,178 - INFO - EXCLUIR: emp62_H_202310_full_N0_20231220_022734.zip
2025-08-16 14:51:29,182 - INFO - 
--- Grupo: emp62_H_202311 (2 arquivos) ---
2025-08-16 14:51:29,186 - INFO - MANTER: emp62_H_202311_full_N0_20240121_031926.zip
2025-08-16 14:51:29,195 - INFO - EXCLUIR: emp62_H_202311_full_N0_20231220_022731.zip
2025-08-16 14:51:29,200 - INFO - 
--- Grupo: emp62_H_202312 (2 arquivos) ---
2025-08-16 14:51:29,204 - INFO - MANTER: emp62_H_202312_full_N0_20240121_031921.zip
2025-08-16 14:51:29,222 - INFO - EXCLUIR: emp62_H_202312_full_N0_20240101_022802.zip
2025-08-16 14:51:29,243 - INFO - 
--- Grupo: emp62_H_202401 (3 arquivos) ---
2025-08-16 14:51:29,248 - INFO - MANTER: emp62_H_202401_full_N0_20240201_022108.zip
2025-08-16 14:51:29,254 - INFO - EXCLUIR: emp62_H_202401_full_N0_20240119_023238.zip
2025-08-16 14:51:29,259 - INFO - EXCLUIR: emp62_H_202401_full_N0_20240120_023240.zip
2025-08-16 14:51:29,263 - INFO - 
--- Grupo: emp62_H_202402 (27 arquivos) ---
2025-08-16 14:51:29,269 - INFO - MANTER: emp62_H_202402_full_N0_20240301_022922.zip
2025-08-16 14:51:29,273 - INFO - EXCLUIR: emp62_H_202402_full_N0_20240203_022601.zip
2025-08-16 14:51:29,279 - INFO - EXCLUIR: emp62_H_202402_full_N0_20240204_022144.zip
2025-08-16 14:51:29,283 - INFO - EXCLUIR: emp62_H_202402_full_N0_20240205_022603.zip
2025-08-16 14:51:29,289 - INFO - EXCLUIR: emp62_H_202402_full_N0_20240206_022605.zip
2025-08-16 14:51:29,297 - INFO - EXCLUIR: emp62_H_202402_full_N0_20240207_022141.zip
2025-08-16 14:51:29,302 - INFO - EXCLUIR: emp62_H_202402_full_N0_20240208_022625.zip
2025-08-16 14:51:29,308 - INFO - EXCLUIR: emp62_H_202402_full_N0_20240209_022615.zip
2025-08-16 14:51:29,312 - INFO - EXCLUIR: emp62_H_202402_full_N0_20240210_022101.zip
2025-08-16 14:51:29,320 - INFO - EXCLUIR: emp62_H_202402_full_N0_20240211_041223.zip
2025-08-16 14:51:29,329 - INFO - EXCLUIR: emp62_H_202402_full_N0_20240212_043523.zip
2025-08-16 14:51:29,337 - INFO - EXCLUIR: emp62_H_202402_full_N0_20240213_041416.zip
2025-08-16 14:51:29,347 - INFO - EXCLUIR: emp62_H_202402_full_N0_20240215_023050.zip
2025-08-16 14:51:29,352 - INFO - EXCLUIR: emp62_H_202402_full_N0_20240216_022550.zip
2025-08-16 14:51:29,357 - INFO - EXCLUIR: emp62_H_202402_full_N0_20240217_023048.zip
2025-08-16 14:51:29,361 - INFO - EXCLUIR: emp62_H_202402_full_N0_20240218_023045.zip
2025-08-16 14:51:29,365 - INFO - EXCLUIR: emp62_H_202402_full_N0_20240219_022613.zip
2025-08-16 14:51:29,369 - INFO - EXCLUIR: emp62_H_202402_full_N0_20240220_023108.zip
2025-08-16 14:51:29,372 - INFO - EXCLUIR: emp62_H_202402_full_N0_20240221_022929.zip
2025-08-16 14:51:29,383 - INFO - EXCLUIR: emp62_H_202402_full_N0_20240222_022501.zip
2025-08-16 14:51:29,388 - INFO - EXCLUIR: emp62_H_202402_full_N0_20240223_022836.zip
2025-08-16 14:51:29,392 - INFO - EXCLUIR: emp62_H_202402_full_N0_20240224_022851.zip
2025-08-16 14:51:29,399 - INFO - EXCLUIR: emp62_H_202402_full_N0_20240225_022342.zip
2025-08-16 14:51:29,403 - INFO - EXCLUIR: emp62_H_202402_full_N0_20240226_022903.zip
2025-08-16 14:51:29,407 - INFO - EXCLUIR: emp62_H_202402_full_N0_20240227_022913.zip
2025-08-16 14:51:29,410 - INFO - EXCLUIR: emp62_H_202402_full_N0_20240228_022432.zip
2025-08-16 14:51:29,415 - INFO - EXCLUIR: emp62_H_202402_full_N0_20240229_022913.zip
2025-08-16 14:51:29,423 - INFO - 
--- Grupo: emp62_H_202403 (29 arquivos) ---
2025-08-16 14:51:29,431 - INFO - MANTER: emp62_H_202403_full_N0_20240915_115903.zip
2025-08-16 14:51:29,441 - INFO - EXCLUIR: emp62_H_202403_full_N0_20240305_022455.zip
2025-08-16 14:51:29,453 - INFO - EXCLUIR: emp62_H_202403_full_N0_20240306_023004.zip
2025-08-16 14:51:29,459 - INFO - EXCLUIR: emp62_H_202403_full_N0_20240307_022927.zip
2025-08-16 14:51:29,467 - INFO - EXCLUIR: emp62_H_202403_full_N0_20240308_022454.zip
2025-08-16 14:51:29,475 - INFO - EXCLUIR: emp62_H_202403_full_N0_20240309_022950.zip
2025-08-16 14:51:29,484 - INFO - EXCLUIR: emp62_H_202403_full_N0_20240310_022959.zip
2025-08-16 14:51:29,491 - INFO - EXCLUIR: emp62_H_202403_full_N0_20240311_022449.zip
2025-08-16 14:51:29,508 - INFO - EXCLUIR: emp62_H_202403_full_N0_20240312_023024.zip
2025-08-16 14:51:29,518 - INFO - EXCLUIR: emp62_H_202403_full_N0_20240313_023003.zip
2025-08-16 14:51:29,528 - INFO - EXCLUIR: emp62_H_202403_full_N0_20240314_022630.zip
2025-08-16 14:51:29,532 - INFO - EXCLUIR: emp62_H_202403_full_N0_20240315_023228.zip
2025-08-16 14:51:29,540 - INFO - EXCLUIR: emp62_H_202403_full_N0_20240316_023349.zip
2025-08-16 14:51:29,555 - INFO - EXCLUIR: emp62_H_202403_full_N0_20240317_022956.zip
2025-08-16 14:51:29,565 - INFO - EXCLUIR: emp62_H_202403_full_N0_20240318_023111.zip
2025-08-16 14:51:29,572 - INFO - EXCLUIR: emp62_H_202403_full_N0_20240319_023054.zip
2025-08-16 14:51:29,583 - INFO - EXCLUIR: emp62_H_202403_full_N0_20240320_022700.zip
2025-08-16 14:51:29,590 - INFO - EXCLUIR: emp62_H_202403_full_N0_20240321_023307.zip
2025-08-16 14:51:29,594 - INFO - EXCLUIR: emp62_H_202403_full_N0_20240322_023248.zip
2025-08-16 14:51:29,617 - INFO - EXCLUIR: emp62_H_202403_full_N0_20240323_023238.zip
2025-08-16 14:51:29,627 - INFO - EXCLUIR: emp62_H_202403_full_N0_20240324_023228.zip
2025-08-16 14:51:29,636 - INFO - EXCLUIR: emp62_H_202403_full_N0_20240325_023251.zip
2025-08-16 14:51:29,644 - INFO - EXCLUIR: emp62_H_202403_full_N0_20240326_023034.zip
2025-08-16 14:51:29,656 - INFO - EXCLUIR: emp62_H_202403_full_N0_20240327_023344.zip
2025-08-16 14:51:29,662 - INFO - EXCLUIR: emp62_H_202403_full_N0_20240328_023338.zip
2025-08-16 14:51:29,684 - INFO - EXCLUIR: emp62_H_202403_full_N0_20240329_023413.zip
2025-08-16 14:51:29,688 - INFO - EXCLUIR: emp62_H_202403_full_N0_20240330_023414.zip
2025-08-16 14:51:29,695 - INFO - EXCLUIR: emp62_H_202403_full_N0_20240331_023356.zip
2025-08-16 14:51:29,705 - INFO - EXCLUIR: emp62_H_202403_full_N0_20240401_023400.zip
2025-08-16 14:51:29,709 - INFO - 
--- Grupo: emp62_H_202404 (31 arquivos) ---
2025-08-16 14:51:29,713 - INFO - MANTER: emp62_H_202404_full_N0_20240915_115903.zip
2025-08-16 14:51:29,718 - INFO - EXCLUIR: emp62_H_202404_full_N0_20240402_022912.zip
2025-08-16 14:51:29,722 - INFO - EXCLUIR: emp62_H_202404_full_N0_20240403_022947.zip
2025-08-16 14:51:29,732 - INFO - EXCLUIR: emp62_H_202404_full_N0_20240404_022419.zip
2025-08-16 14:51:29,739 - INFO - EXCLUIR: emp62_H_202404_full_N0_20240405_022956.zip
2025-08-16 14:51:29,746 - INFO - EXCLUIR: emp62_H_202404_full_N0_20240406_022956.zip
2025-08-16 14:51:29,757 - INFO - EXCLUIR: emp62_H_202404_full_N0_20240407_022934.zip
2025-08-16 14:51:29,768 - INFO - EXCLUIR: emp62_H_202404_full_N0_20240408_023017.zip
2025-08-16 14:51:29,782 - INFO - EXCLUIR: emp62_H_202404_full_N0_20240409_023036.zip
2025-08-16 14:51:29,788 - INFO - EXCLUIR: emp62_H_202404_full_N0_20240410_022603.zip
2025-08-16 14:51:29,796 - INFO - EXCLUIR: emp62_H_202404_full_N0_20240411_023100.zip
2025-08-16 14:51:29,822 - INFO - EXCLUIR: emp62_H_202404_full_N0_20240412_023036.zip
2025-08-16 14:51:29,850 - INFO - EXCLUIR: emp62_H_202404_full_N0_20240413_022754.zip
2025-08-16 14:51:29,858 - INFO - EXCLUIR: emp62_H_202404_full_N0_20240414_023041.zip
2025-08-16 14:51:29,866 - INFO - EXCLUIR: emp62_H_202404_full_N0_20240415_023105.zip
2025-08-16 14:51:29,874 - INFO - EXCLUIR: emp62_H_202404_full_N0_20240416_023117.zip
2025-08-16 14:51:29,881 - INFO - EXCLUIR: emp62_H_202404_full_N0_20240417_023117.zip
2025-08-16 14:51:29,890 - INFO - EXCLUIR: emp62_H_202404_full_N0_20240418_023200.zip
2025-08-16 14:51:29,898 - INFO - EXCLUIR: emp62_H_202404_full_N0_20240419_023214.zip
2025-08-16 14:51:29,904 - INFO - EXCLUIR: emp62_H_202404_full_N0_20240420_023232.zip
2025-08-16 14:51:29,910 - INFO - EXCLUIR: emp62_H_202404_full_N0_20240421_023235.zip
2025-08-16 14:51:29,914 - INFO - EXCLUIR: emp62_H_202404_full_N0_20240422_023036.zip
2025-08-16 14:51:29,919 - INFO - EXCLUIR: emp62_H_202404_full_N0_20240423_023324.zip
2025-08-16 14:51:29,923 - INFO - EXCLUIR: emp62_H_202404_full_N0_20240424_023341.zip
2025-08-16 14:51:29,934 - INFO - EXCLUIR: emp62_H_202404_full_N0_20240425_023113.zip
2025-08-16 14:51:29,954 - INFO - EXCLUIR: emp62_H_202404_full_N0_20240426_023420.zip
2025-08-16 14:51:29,961 - INFO - EXCLUIR: emp62_H_202404_full_N0_20240427_023422.zip
2025-08-16 14:51:29,965 - INFO - EXCLUIR: emp62_H_202404_full_N0_20240428_023028.zip
2025-08-16 14:51:29,969 - INFO - EXCLUIR: emp62_H_202404_full_N0_20240429_022915.zip
2025-08-16 14:51:29,973 - INFO - EXCLUIR: emp62_H_202404_full_N0_20240430_023419.zip
2025-08-16 14:51:29,979 - INFO - EXCLUIR: emp62_H_202404_full_N0_20240501_023434.zip
2025-08-16 14:51:29,983 - INFO - 
--- Grupo: emp62_H_202405 (26 arquivos) ---
2025-08-16 14:51:29,988 - INFO - MANTER: emp62_H_202405_full_N0_20240915_115904.zip
2025-08-16 14:51:29,993 - INFO - EXCLUIR: emp62_H_202405_full_N0_20240502_022423.zip
2025-08-16 14:51:29,998 - INFO - EXCLUIR: emp62_H_202405_full_N0_20240503_023007.zip
2025-08-16 14:51:30,003 - INFO - EXCLUIR: emp62_H_202405_full_N0_20240504_022936.zip
2025-08-16 14:51:30,012 - INFO - EXCLUIR: emp62_H_202405_full_N0_20240505_022422.zip
2025-08-16 14:51:30,017 - INFO - EXCLUIR: emp62_H_202405_full_N0_20240506_022506.zip
2025-08-16 14:51:30,022 - INFO - EXCLUIR: emp62_H_202405_full_N0_20240507_022948.zip
2025-08-16 14:51:30,026 - INFO - EXCLUIR: emp62_H_202405_full_N0_20240508_022426.zip
2025-08-16 14:51:30,031 - INFO - EXCLUIR: emp62_H_202405_full_N0_20240509_023017.zip
2025-08-16 14:51:30,035 - INFO - EXCLUIR: emp62_H_202405_full_N0_20240510_022942.zip
2025-08-16 14:51:30,041 - INFO - EXCLUIR: emp62_H_202405_full_N0_20240511_022429.zip
2025-08-16 14:51:30,051 - INFO - EXCLUIR: emp62_H_202405_full_N0_20240512_023030.zip
2025-08-16 14:51:30,056 - INFO - EXCLUIR: emp62_H_202405_full_N0_20240519_023126.zip
2025-08-16 14:51:30,065 - INFO - EXCLUIR: emp62_H_202405_full_N0_20240520_023146.zip
2025-08-16 14:51:30,078 - INFO - EXCLUIR: emp62_H_202405_full_N0_20240521_023225.zip
2025-08-16 14:51:30,087 - INFO - EXCLUIR: emp62_H_202405_full_N0_20240522_023240.zip
2025-08-16 14:51:30,091 - INFO - EXCLUIR: emp62_H_202405_full_N0_20240523_023300.zip
2025-08-16 14:51:30,107 - INFO - EXCLUIR: emp62_H_202405_full_N0_20240524_023315.zip
2025-08-16 14:51:30,114 - INFO - EXCLUIR: emp62_H_202405_full_N0_20240525_023314.zip
2025-08-16 14:51:30,118 - INFO - EXCLUIR: emp62_H_202405_full_N0_20240526_023259.zip
2025-08-16 14:51:30,123 - INFO - EXCLUIR: emp62_H_202405_full_N0_20240527_023329.zip
2025-08-16 14:51:30,133 - INFO - EXCLUIR: emp62_H_202405_full_N0_20240528_023347.zip
2025-08-16 14:51:30,138 - INFO - EXCLUIR: emp62_H_202405_full_N0_20240529_023219.zip
2025-08-16 14:51:30,142 - INFO - EXCLUIR: emp62_H_202405_full_N0_20240530_023330.zip
2025-08-16 14:51:30,147 - INFO - EXCLUIR: emp62_H_202405_full_N0_20240531_023359.zip
2025-08-16 14:51:30,154 - INFO - EXCLUIR: emp62_H_202405_full_N0_20240601_023401.zip
2025-08-16 14:51:30,158 - INFO - 
--- Grupo: emp62_H_202406 (31 arquivos) ---
2025-08-16 14:51:30,168 - INFO - MANTER: emp62_H_202406_full_N0_20240915_115903.zip
2025-08-16 14:51:30,177 - INFO - EXCLUIR: emp62_H_202406_full_N0_20240602_022941.zip
2025-08-16 14:51:30,191 - INFO - EXCLUIR: emp62_H_202406_full_N0_20240603_023035.zip
2025-08-16 14:51:30,230 - INFO - EXCLUIR: emp62_H_202406_full_N0_20240604_022531.zip
2025-08-16 14:51:30,234 - INFO - EXCLUIR: emp62_H_202406_full_N0_20240605_023036.zip
2025-08-16 14:51:30,238 - INFO - EXCLUIR: emp62_H_202406_full_N0_20240606_023047.zip
2025-08-16 14:51:30,243 - INFO - EXCLUIR: emp62_H_202406_full_N0_20240607_022909.zip
2025-08-16 14:51:30,247 - INFO - EXCLUIR: emp62_H_202406_full_N0_20240608_023052.zip
2025-08-16 14:51:30,252 - INFO - EXCLUIR: emp62_H_202406_full_N0_20240609_023113.zip
2025-08-16 14:51:30,259 - INFO - EXCLUIR: emp62_H_202406_full_N0_20240610_023122.zip
2025-08-16 14:51:30,267 - INFO - EXCLUIR: emp62_H_202406_full_N0_20240611_022909.zip
2025-08-16 14:51:30,272 - INFO - EXCLUIR: emp62_H_202406_full_N0_20240612_023148.zip
2025-08-16 14:51:30,276 - INFO - EXCLUIR: emp62_H_202406_full_N0_20240613_023200.zip
2025-08-16 14:51:30,280 - INFO - EXCLUIR: emp62_H_202406_full_N0_20240614_023143.zip
2025-08-16 14:51:30,285 - INFO - EXCLUIR: emp62_H_202406_full_N0_20240615_023210.zip
2025-08-16 14:51:30,291 - INFO - EXCLUIR: emp62_H_202406_full_N0_20240616_022709.zip
2025-08-16 14:51:30,296 - INFO - EXCLUIR: emp62_H_202406_full_N0_20240617_023251.zip
2025-08-16 14:51:30,304 - INFO - EXCLUIR: emp62_H_202406_full_N0_20240618_023307.zip
2025-08-16 14:51:30,309 - INFO - EXCLUIR: emp62_H_202406_full_N0_20240619_022739.zip
2025-08-16 14:51:30,313 - INFO - EXCLUIR: emp62_H_202406_full_N0_20240620_023257.zip
2025-08-16 14:51:30,324 - INFO - EXCLUIR: emp62_H_202406_full_N0_20240621_023206.zip
2025-08-16 14:51:30,330 - INFO - EXCLUIR: emp62_H_202406_full_N0_20240622_022849.zip
2025-08-16 14:51:30,335 - INFO - EXCLUIR: emp62_H_202406_full_N0_20240623_023407.zip
2025-08-16 14:51:30,339 - INFO - EXCLUIR: emp62_H_202406_full_N0_20240624_023412.zip
2025-08-16 14:51:30,343 - INFO - EXCLUIR: emp62_H_202406_full_N0_20240625_022934.zip
2025-08-16 14:51:30,347 - INFO - EXCLUIR: emp62_H_202406_full_N0_20240626_023514.zip
2025-08-16 14:51:30,359 - INFO - EXCLUIR: emp62_H_202406_full_N0_20240627_023459.zip
2025-08-16 14:51:30,364 - INFO - EXCLUIR: emp62_H_202406_full_N0_20240628_023555.zip
2025-08-16 14:51:30,372 - INFO - EXCLUIR: emp62_H_202406_full_N0_20240629_023522.zip
2025-08-16 14:51:30,376 - INFO - EXCLUIR: emp62_H_202406_full_N0_20240630_023548.zip
2025-08-16 14:51:30,380 - INFO - EXCLUIR: emp62_H_202406_full_N0_20240701_023553.zip
2025-08-16 14:51:30,385 - INFO - 
--- Grupo: emp62_H_202407 (32 arquivos) ---
2025-08-16 14:51:30,388 - INFO - MANTER: emp62_H_202407_full_N0_20240915_115903.zip
2025-08-16 14:51:30,398 - INFO - EXCLUIR: emp62_H_202407_full_N0_20240702_023039.zip
2025-08-16 14:51:30,404 - INFO - EXCLUIR: emp62_H_202407_full_N0_20240703_022906.zip
2025-08-16 14:51:30,414 - INFO - EXCLUIR: emp62_H_202407_full_N0_20240704_023100.zip
2025-08-16 14:51:30,430 - INFO - EXCLUIR: emp62_H_202407_full_N0_20240705_023132.zip
2025-08-16 14:51:30,440 - INFO - EXCLUIR: emp62_H_202407_full_N0_20240706_023121.zip
2025-08-16 14:51:30,446 - INFO - EXCLUIR: emp62_H_202407_full_N0_20240707_022546.zip
2025-08-16 14:51:30,450 - INFO - EXCLUIR: emp62_H_202407_full_N0_20240708_023145.zip
2025-08-16 14:51:30,454 - INFO - EXCLUIR: emp62_H_202407_full_N0_20240709_023153.zip
2025-08-16 14:51:30,461 - INFO - EXCLUIR: emp62_H_202407_full_N0_20240710_022944.zip
2025-08-16 14:51:30,465 - INFO - EXCLUIR: emp62_H_202407_full_N0_20240711_023154.zip
2025-08-16 14:51:30,482 - INFO - EXCLUIR: emp62_H_202407_full_N0_20240712_023300.zip
2025-08-16 14:51:30,492 - INFO - EXCLUIR: emp62_H_202407_full_N0_20240713_022853.zip
2025-08-16 14:51:30,509 - INFO - EXCLUIR: emp62_H_202407_full_N0_20240714_023223.zip
2025-08-16 14:51:30,525 - INFO - EXCLUIR: emp62_H_202407_full_N0_20240715_023353.zip
2025-08-16 14:51:30,545 - INFO - EXCLUIR: emp62_H_202407_full_N0_20240716_023014.zip
2025-08-16 14:51:30,551 - INFO - EXCLUIR: emp62_H_202407_full_N0_20240717_023454.zip
2025-08-16 14:51:30,555 - INFO - EXCLUIR: emp62_H_202407_full_N0_20240718_023320.zip
2025-08-16 14:51:30,564 - INFO - EXCLUIR: emp62_H_202407_full_N0_20240719_023039.zip
2025-08-16 14:51:30,569 - INFO - EXCLUIR: emp62_H_202407_full_N0_20240720_023444.zip
2025-08-16 14:51:30,576 - INFO - EXCLUIR: emp62_H_202407_full_N0_20240721_023432.zip
2025-08-16 14:51:30,582 - INFO - EXCLUIR: emp62_H_202407_full_N0_20240722_022949.zip
2025-08-16 14:51:30,590 - INFO - EXCLUIR: emp62_H_202407_full_N0_20240723_023500.zip
2025-08-16 14:51:30,599 - INFO - EXCLUIR: emp62_H_202407_full_N0_20240724_023502.zip
2025-08-16 14:51:30,605 - INFO - EXCLUIR: emp62_H_202407_full_N0_20240725_023159.zip
2025-08-16 14:51:30,617 - INFO - EXCLUIR: emp62_H_202407_full_N0_20240726_023532.zip
2025-08-16 14:51:30,634 - INFO - EXCLUIR: emp62_H_202407_full_N0_20240727_023527.zip
2025-08-16 14:51:30,642 - INFO - EXCLUIR: emp62_H_202407_full_N0_20240728_022942.zip
2025-08-16 14:51:30,649 - INFO - EXCLUIR: emp62_H_202407_full_N0_20240729_023633.zip
2025-08-16 14:51:30,659 - INFO - EXCLUIR: emp62_H_202407_full_N0_20240730_023632.zip
2025-08-16 14:51:30,674 - INFO - EXCLUIR: emp62_H_202407_full_N0_20240731_023216.zip
2025-08-16 14:51:30,684 - INFO - EXCLUIR: emp62_H_202407_full_N0_20240801_023714.zip
2025-08-16 14:51:30,688 - INFO - 
--- Grupo: emp62_H_202408 (32 arquivos) ---
2025-08-16 14:51:30,691 - INFO - MANTER: emp62_H_202408_full_N0_20240915_115904.zip
2025-08-16 14:51:30,696 - INFO - EXCLUIR: emp62_H_202408_full_N0_20240802_023057.zip
2025-08-16 14:51:30,700 - INFO - EXCLUIR: emp62_H_202408_full_N0_20240803_023125.zip
2025-08-16 14:51:30,709 - INFO - EXCLUIR: emp62_H_202408_full_N0_20240804_023137.zip
2025-08-16 14:51:30,720 - INFO - EXCLUIR: emp62_H_202408_full_N0_20240805_023156.zip
2025-08-16 14:51:30,729 - INFO - EXCLUIR: emp62_H_202408_full_N0_20240806_023139.zip
2025-08-16 14:51:30,737 - INFO - EXCLUIR: emp62_H_202408_full_N0_20240807_023016.zip
2025-08-16 14:51:30,744 - INFO - EXCLUIR: emp62_H_202408_full_N0_20240808_022729.zip
2025-08-16 14:51:30,748 - INFO - EXCLUIR: emp62_H_202408_full_N0_20240809_023224.zip
2025-08-16 14:51:30,755 - INFO - EXCLUIR: emp62_H_202408_full_N0_20240810_023212.zip
2025-08-16 14:51:30,765 - INFO - EXCLUIR: emp62_H_202408_full_N0_20240811_023211.zip
2025-08-16 14:51:30,773 - INFO - EXCLUIR: emp62_H_202408_full_N0_20240812_023206.zip
2025-08-16 14:51:30,785 - INFO - EXCLUIR: emp62_H_202408_full_N0_20240813_023315.zip
2025-08-16 14:51:30,793 - INFO - EXCLUIR: emp62_H_202408_full_N0_20240814_023310.zip
2025-08-16 14:51:30,801 - INFO - EXCLUIR: emp62_H_202408_full_N0_20240815_023344.zip
2025-08-16 14:51:30,806 - INFO - EXCLUIR: emp62_H_202408_full_N0_20240816_023317.zip
2025-08-16 14:51:30,811 - INFO - EXCLUIR: emp62_H_202408_full_N0_20240817_023315.zip
2025-08-16 14:51:30,816 - INFO - EXCLUIR: emp62_H_202408_full_N0_20240818_023305.zip
2025-08-16 14:51:30,825 - INFO - EXCLUIR: emp62_H_202408_full_N0_20240819_023327.zip
2025-08-16 14:51:30,834 - INFO - EXCLUIR: emp62_H_202408_full_N0_20240820_023026.zip
2025-08-16 14:51:30,838 - INFO - EXCLUIR: emp62_H_202408_full_N0_20240821_023456.zip
2025-08-16 14:51:30,843 - INFO - EXCLUIR: emp62_H_202408_full_N0_20240822_023448.zip
2025-08-16 14:51:30,847 - INFO - EXCLUIR: emp62_H_202408_full_N0_20240823_023521.zip
2025-08-16 14:51:30,852 - INFO - EXCLUIR: emp62_H_202408_full_N0_20240824_023545.zip
2025-08-16 14:51:30,857 - INFO - EXCLUIR: emp62_H_202408_full_N0_20240825_023544.zip
2025-08-16 14:51:30,861 - INFO - EXCLUIR: emp62_H_202408_full_N0_20240826_022939.zip
2025-08-16 14:51:30,867 - INFO - EXCLUIR: emp62_H_202408_full_N0_20240827_023614.zip
2025-08-16 14:51:30,873 - INFO - EXCLUIR: emp62_H_202408_full_N0_20240828_023612.zip
2025-08-16 14:51:30,891 - INFO - EXCLUIR: emp62_H_202408_full_N0_20240829_023638.zip
2025-08-16 14:51:30,896 - INFO - EXCLUIR: emp62_H_202408_full_N0_20240830_023652.zip
2025-08-16 14:51:30,900 - INFO - EXCLUIR: emp62_H_202408_full_N0_20240831_023640.zip
2025-08-16 14:51:30,904 - INFO - EXCLUIR: emp62_H_202408_full_N0_20240901_023253.zip
2025-08-16 14:51:30,909 - INFO - 
--- Grupo: emp62_H_202409 (18 arquivos) ---
2025-08-16 14:51:30,914 - INFO - MANTER: emp62_H_202409_full_N0_20241001_020503.zip
2025-08-16 14:51:30,918 - INFO - EXCLUIR: emp62_H_202409_full_N0_20240902_023129.zip
2025-08-16 14:51:30,923 - INFO - EXCLUIR: emp62_H_202409_full_N0_20240903_023136.zip
2025-08-16 14:51:30,926 - INFO - EXCLUIR: emp62_H_202409_full_N0_20240904_022520.zip
2025-08-16 14:51:30,943 - INFO - EXCLUIR: emp62_H_202409_full_N0_20240905_023219.zip
2025-08-16 14:51:30,957 - INFO - EXCLUIR: emp62_H_202409_full_N0_20240906_023243.zip
2025-08-16 14:51:30,962 - INFO - EXCLUIR: emp62_H_202409_full_N0_20240907_022708.zip
2025-08-16 14:51:30,973 - INFO - EXCLUIR: emp62_H_202409_full_N0_20240908_023241.zip
2025-08-16 14:51:30,994 - INFO - EXCLUIR: emp62_H_202409_full_N0_20240909_023222.zip
2025-08-16 14:51:30,999 - INFO - EXCLUIR: emp62_H_202409_full_N0_20240910_022528.zip
2025-08-16 14:51:31,005 - INFO - EXCLUIR: emp62_H_202409_full_N0_20240911_023240.zip
2025-08-16 14:51:31,011 - INFO - EXCLUIR: emp62_H_202409_full_N0_20240912_023346.zip
2025-08-16 14:51:31,017 - INFO - EXCLUIR: emp62_H_202409_full_N0_20240913_022742.zip
2025-08-16 14:51:31,040 - INFO - EXCLUIR: emp62_H_202409_full_N0_20240914_023428.zip
2025-08-16 14:51:31,046 - INFO - EXCLUIR: emp62_H_202409_full_N0_20240915_023411.zip
2025-08-16 14:51:31,054 - INFO - EXCLUIR: emp62_H_202409_full_N0_20240928_020430.zip
2025-08-16 14:51:31,060 - INFO - EXCLUIR: emp62_H_202409_full_N0_20240929_020220.zip
2025-08-16 14:51:31,066 - INFO - EXCLUIR: emp62_H_202409_full_N0_20240930_020224.zip
2025-08-16 14:51:31,084 - INFO - 
--- Grupo: emp62_H_202410 (28 arquivos) ---
2025-08-16 14:51:31,089 - INFO - MANTER: emp62_H_202410_full_N0_20241101_014640.zip
2025-08-16 14:51:31,094 - INFO - EXCLUIR: emp62_H_202410_full_N0_20241002_020009.zip
2025-08-16 14:51:31,103 - INFO - EXCLUIR: emp62_H_202410_full_N0_20241003_020111.zip
2025-08-16 14:51:31,107 - INFO - EXCLUIR: emp62_H_202410_full_N0_20241004_020137.zip
2025-08-16 14:51:31,112 - INFO - EXCLUIR: emp62_H_202410_full_N0_20241005_015937.zip
2025-08-16 14:51:31,116 - INFO - EXCLUIR: emp62_H_202410_full_N0_20241006_015911.zip
2025-08-16 14:51:31,125 - INFO - EXCLUIR: emp62_H_202410_full_N0_20241007_015902.zip
2025-08-16 14:51:31,130 - INFO - EXCLUIR: emp62_H_202410_full_N0_20241008_020029.zip
2025-08-16 14:51:31,151 - INFO - EXCLUIR: emp62_H_202410_full_N0_20241009_020228.zip
2025-08-16 14:51:31,156 - INFO - EXCLUIR: emp62_H_202410_full_N0_20241010_015945.zip
2025-08-16 14:51:31,164 - INFO - EXCLUIR: emp62_H_202410_full_N0_20241011_015735.zip
2025-08-16 14:51:31,168 - INFO - EXCLUIR: emp62_H_202410_full_N0_20241012_015815.zip
2025-08-16 14:51:31,174 - INFO - EXCLUIR: emp62_H_202410_full_N0_20241013_015815.zip
2025-08-16 14:51:31,180 - INFO - EXCLUIR: emp62_H_202410_full_N0_20241014_015813.zip
2025-08-16 14:51:31,190 - INFO - EXCLUIR: emp62_H_202410_full_N0_20241015_015732.zip
2025-08-16 14:51:31,196 - INFO - EXCLUIR: emp62_H_202410_full_N0_20241016_020547.zip
2025-08-16 14:51:31,201 - INFO - EXCLUIR: emp62_H_202410_full_N0_20241017_015800.zip
2025-08-16 14:51:31,205 - INFO - EXCLUIR: emp62_H_202410_full_N0_20241018_015918.zip
2025-08-16 14:51:31,208 - INFO - EXCLUIR: emp62_H_202410_full_N0_20241019_015923.zip
2025-08-16 14:51:31,239 - INFO - EXCLUIR: emp62_H_202410_full_N0_20241020_015822.zip
2025-08-16 14:51:31,248 - INFO - EXCLUIR: emp62_H_202410_full_N0_20241021_015834.zip
2025-08-16 14:51:31,253 - INFO - EXCLUIR: emp62_H_202410_full_N0_20241022_020127.zip
2025-08-16 14:51:31,257 - INFO - EXCLUIR: emp62_H_202410_full_N0_20241023_020256.zip
2025-08-16 14:51:31,263 - INFO - EXCLUIR: emp62_H_202410_full_N0_20241024_020718.zip
2025-08-16 14:51:31,267 - INFO - EXCLUIR: emp62_H_202410_full_N0_20241025_020026.zip
2025-08-16 14:51:31,271 - INFO - EXCLUIR: emp62_H_202410_full_N0_20241026_020032.zip
2025-08-16 14:51:31,280 - INFO - EXCLUIR: emp62_H_202410_full_N0_20241027_015928.zip
2025-08-16 14:51:31,284 - INFO - EXCLUIR: emp62_H_202410_full_N0_20241028_015946.zip
2025-08-16 14:51:31,296 - INFO - 
--- Grupo: emp62_H_202411 (20 arquivos) ---
2025-08-16 14:51:31,300 - INFO - MANTER: emp62_H_202411_full_N0_20241201_014505.zip
2025-08-16 14:51:31,304 - INFO - EXCLUIR: emp62_H_202411_full_N0_20241111_014336.zip
2025-08-16 14:51:31,309 - INFO - EXCLUIR: emp62_H_202411_full_N0_20241113_014343.zip
2025-08-16 14:51:31,313 - INFO - EXCLUIR: emp62_H_202411_full_N0_20241114_014324.zip
2025-08-16 14:51:31,317 - INFO - EXCLUIR: emp62_H_202411_full_N0_20241115_014331.zip
2025-08-16 14:51:31,327 - INFO - EXCLUIR: emp62_H_202411_full_N0_20241116_014445.zip
2025-08-16 14:51:31,331 - INFO - EXCLUIR: emp62_H_202411_full_N0_20241117_014436.zip
2025-08-16 14:51:31,336 - INFO - EXCLUIR: emp62_H_202411_full_N0_20241118_031125.zip
2025-08-16 14:51:31,344 - INFO - EXCLUIR: emp62_H_202411_full_N0_20241119_014341.zip
2025-08-16 14:51:31,347 - INFO - EXCLUIR: emp62_H_202411_full_N0_20241120_014358.zip
2025-08-16 14:51:31,354 - INFO - EXCLUIR: emp62_H_202411_full_N0_20241121_014449.zip
2025-08-16 14:51:31,359 - INFO - EXCLUIR: emp62_H_202411_full_N0_20241122_014416.zip
2025-08-16 14:51:31,363 - INFO - EXCLUIR: emp62_H_202411_full_N0_20241123_014410.zip
2025-08-16 14:51:31,367 - INFO - EXCLUIR: emp62_H_202411_full_N0_20241124_014404.zip
2025-08-16 14:51:31,370 - INFO - EXCLUIR: emp62_H_202411_full_N0_20241125_014404.zip
2025-08-16 14:51:31,375 - INFO - EXCLUIR: emp62_H_202411_full_N0_20241126_014420.zip
2025-08-16 14:51:31,383 - INFO - EXCLUIR: emp62_H_202411_full_N0_20241127_014449.zip
2025-08-16 14:51:31,387 - INFO - EXCLUIR: emp62_H_202411_full_N0_20241128_014453.zip
2025-08-16 14:51:31,398 - INFO - EXCLUIR: emp62_H_202411_full_N0_20241129_014502.zip
2025-08-16 14:51:31,403 - INFO - EXCLUIR: emp62_H_202411_full_N0_20241130_014517.zip
2025-08-16 14:51:31,407 - INFO - 
--- Grupo: emp62_H_202412 (30 arquivos) ---
2025-08-16 14:51:31,412 - INFO - MANTER: emp62_H_202412_full_N0_20250101_014611.zip
2025-08-16 14:51:31,417 - INFO - EXCLUIR: emp62_H_202412_full_N0_20241202_014249.zip
2025-08-16 14:51:31,421 - INFO - EXCLUIR: emp62_H_202412_full_N0_20241203_014304.zip
2025-08-16 14:51:31,429 - INFO - EXCLUIR: emp62_H_202412_full_N0_20241204_014334.zip
2025-08-16 14:51:31,434 - INFO - EXCLUIR: emp62_H_202412_full_N0_20241205_014354.zip
2025-08-16 14:51:31,438 - INFO - EXCLUIR: emp62_H_202412_full_N0_20241206_014359.zip
2025-08-16 14:51:31,446 - INFO - EXCLUIR: emp62_H_202412_full_N0_20241207_014414.zip
2025-08-16 14:51:31,450 - INFO - EXCLUIR: emp62_H_202412_full_N0_20241208_014333.zip
2025-08-16 14:51:31,454 - INFO - EXCLUIR: emp62_H_202412_full_N0_20241209_014337.zip
2025-08-16 14:51:31,458 - INFO - EXCLUIR: emp62_H_202412_full_N0_20241210_014352.zip
2025-08-16 14:51:31,462 - INFO - EXCLUIR: emp62_H_202412_full_N0_20241211_014436.zip
2025-08-16 14:51:31,466 - INFO - EXCLUIR: emp62_H_202412_full_N0_20241212_014415.zip
2025-08-16 14:51:31,471 - INFO - EXCLUIR: emp62_H_202412_full_N0_20241213_014446.zip
2025-08-16 14:51:31,476 - INFO - EXCLUIR: emp62_H_202412_full_N0_20241214_014431.zip
2025-08-16 14:51:31,481 - INFO - EXCLUIR: emp62_H_202412_full_N0_20241215_014447.zip
2025-08-16 14:51:31,487 - INFO - EXCLUIR: emp62_H_202412_full_N0_20241217_014510.zip
2025-08-16 14:51:31,496 - INFO - EXCLUIR: emp62_H_202412_full_N0_20241218_014510.zip
2025-08-16 14:51:31,505 - INFO - EXCLUIR: emp62_H_202412_full_N0_20241219_014525.zip
2025-08-16 14:51:31,510 - INFO - EXCLUIR: emp62_H_202412_full_N0_20241220_014546.zip
2025-08-16 14:51:31,514 - INFO - EXCLUIR: emp62_H_202412_full_N0_20241221_014554.zip
2025-08-16 14:51:31,518 - INFO - EXCLUIR: emp62_H_202412_full_N0_20241222_014546.zip
2025-08-16 14:51:31,523 - INFO - EXCLUIR: emp62_H_202412_full_N0_20241223_014605.zip
2025-08-16 14:51:31,527 - INFO - EXCLUIR: emp62_H_202412_full_N0_20241224_014540.zip
2025-08-16 14:51:31,533 - INFO - EXCLUIR: emp62_H_202412_full_N0_20241225_014630.zip
2025-08-16 14:51:31,537 - INFO - EXCLUIR: emp62_H_202412_full_N0_20241226_014602.zip
2025-08-16 14:51:31,565 - INFO - EXCLUIR: emp62_H_202412_full_N0_20241227_014631.zip
2025-08-16 14:51:31,574 - INFO - EXCLUIR: emp62_H_202412_full_N0_20241228_014644.zip
2025-08-16 14:51:31,582 - INFO - EXCLUIR: emp62_H_202412_full_N0_20241229_014546.zip
2025-08-16 14:51:31,592 - INFO - EXCLUIR: emp62_H_202412_full_N0_20241230_014631.zip
2025-08-16 14:51:31,608 - INFO - EXCLUIR: emp62_H_202412_full_N0_20241231_014545.zip
2025-08-16 14:51:31,614 - INFO - 
--- Grupo: emp62_H_202501 (29 arquivos) ---
2025-08-16 14:51:31,618 - INFO - MANTER: emp62_H_202501_full_N0_20250201_014727.zip
2025-08-16 14:51:31,622 - INFO - EXCLUIR: emp62_H_202501_full_N0_20250102_014336.zip
2025-08-16 14:51:31,628 - INFO - EXCLUIR: emp62_H_202501_full_N0_20250103_014335.zip
2025-08-16 14:51:31,635 - INFO - EXCLUIR: emp62_H_202501_full_N0_20250104_014410.zip
2025-08-16 14:51:31,639 - INFO - EXCLUIR: emp62_H_202501_full_N0_20250105_014351.zip
2025-08-16 14:51:31,643 - INFO - EXCLUIR: emp62_H_202501_full_N0_20250106_014346.zip
2025-08-16 14:51:31,655 - INFO - EXCLUIR: emp62_H_202501_full_N0_20250107_014359.zip
2025-08-16 14:51:31,662 - INFO - EXCLUIR: emp62_H_202501_full_N0_20250108_014522.zip
2025-08-16 14:51:31,667 - INFO - EXCLUIR: emp62_H_202501_full_N0_20250109_014421.zip
2025-08-16 14:51:31,671 - INFO - EXCLUIR: emp62_H_202501_full_N0_20250110_014435.zip
2025-08-16 14:51:31,675 - INFO - EXCLUIR: emp62_H_202501_full_N0_20250111_014453.zip
2025-08-16 14:51:31,682 - INFO - EXCLUIR: emp62_H_202501_full_N0_20250112_014601.zip
2025-08-16 14:51:31,690 - INFO - EXCLUIR: emp62_H_202501_full_N0_20250114_223337.zip
2025-08-16 14:51:31,702 - INFO - EXCLUIR: emp62_H_202501_full_N0_20250116_014507.zip
2025-08-16 14:51:31,709 - INFO - EXCLUIR: emp62_H_202501_full_N0_20250117_014454.zip
2025-08-16 14:51:31,716 - INFO - EXCLUIR: emp62_H_202501_full_N0_20250118_014510.zip
2025-08-16 14:51:31,723 - INFO - EXCLUIR: emp62_H_202501_full_N0_20250119_014505.zip
2025-08-16 14:51:31,727 - INFO - EXCLUIR: emp62_H_202501_full_N0_20250120_014525.zip
2025-08-16 14:51:31,731 - INFO - EXCLUIR: emp62_H_202501_full_N0_20250121_014512.zip
2025-08-16 14:51:31,737 - INFO - EXCLUIR: emp62_H_202501_full_N0_20250122_014648.zip
2025-08-16 14:51:31,743 - INFO - EXCLUIR: emp62_H_202501_full_N0_20250123_014528.zip
2025-08-16 14:51:31,767 - INFO - EXCLUIR: emp62_H_202501_full_N0_20250124_014535.zip
2025-08-16 14:51:31,790 - INFO - EXCLUIR: emp62_H_202501_full_N0_20250125_014546.zip
2025-08-16 14:51:31,802 - INFO - EXCLUIR: emp62_H_202501_full_N0_20250126_014534.zip
2025-08-16 14:51:31,811 - INFO - EXCLUIR: emp62_H_202501_full_N0_20250127_014555.zip
2025-08-16 14:51:31,820 - INFO - EXCLUIR: emp62_H_202501_full_N0_20250128_014609.zip
2025-08-16 14:51:31,828 - INFO - EXCLUIR: emp62_H_202501_full_N0_20250129_014856.zip
2025-08-16 14:51:31,836 - INFO - EXCLUIR: emp62_H_202501_full_N0_20250130_014700.zip
2025-08-16 14:51:31,842 - INFO - EXCLUIR: emp62_H_202501_full_N0_20250131_014657.zip
2025-08-16 14:51:31,849 - INFO - 
--- Grupo: emp62_H_202502 (28 arquivos) ---
2025-08-16 14:51:31,856 - INFO - MANTER: emp62_H_202502_full_N0_20250301_014832.zip
2025-08-16 14:51:31,861 - INFO - EXCLUIR: emp62_H_202502_full_N0_20250202_014624.zip
2025-08-16 14:51:31,867 - INFO - EXCLUIR: emp62_H_202502_full_N0_20250203_014545.zip
2025-08-16 14:51:31,871 - INFO - EXCLUIR: emp62_H_202502_full_N0_20250204_014457.zip
2025-08-16 14:51:31,875 - INFO - EXCLUIR: emp62_H_202502_full_N0_20250205_014443.zip
2025-08-16 14:51:31,878 - INFO - EXCLUIR: emp62_H_202502_full_N0_20250206_014632.zip
2025-08-16 14:51:31,885 - INFO - EXCLUIR: emp62_H_202502_full_N0_20250207_014532.zip
2025-08-16 14:51:31,900 - INFO - EXCLUIR: emp62_H_202502_full_N0_20250208_014608.zip
2025-08-16 14:51:31,908 - INFO - EXCLUIR: emp62_H_202502_full_N0_20250209_014659.zip
2025-08-16 14:51:31,912 - INFO - EXCLUIR: emp62_H_202502_full_N0_20250210_014644.zip
2025-08-16 14:51:31,916 - INFO - EXCLUIR: emp62_H_202502_full_N0_20250211_014553.zip
2025-08-16 14:51:31,921 - INFO - EXCLUIR: emp62_H_202502_full_N0_20250212_014516.zip
2025-08-16 14:51:31,925 - INFO - EXCLUIR: emp62_H_202502_full_N0_20250213_014614.zip
2025-08-16 14:51:31,929 - INFO - EXCLUIR: emp62_H_202502_full_N0_20250214_014653.zip
2025-08-16 14:51:31,934 - INFO - EXCLUIR: emp62_H_202502_full_N0_20250215_014554.zip
2025-08-16 14:51:31,943 - INFO - EXCLUIR: emp62_H_202502_full_N0_20250216_014645.zip
2025-08-16 14:51:31,948 - INFO - EXCLUIR: emp62_H_202502_full_N0_20250217_014548.zip
2025-08-16 14:51:31,958 - INFO - EXCLUIR: emp62_H_202502_full_N0_20250218_014706.zip
2025-08-16 14:51:31,962 - INFO - EXCLUIR: emp62_H_202502_full_N0_20250219_014653.zip
2025-08-16 14:51:31,967 - INFO - EXCLUIR: emp62_H_202502_full_N0_20250220_014635.zip
2025-08-16 14:51:31,971 - INFO - EXCLUIR: emp62_H_202502_full_N0_20250221_014900.zip
2025-08-16 14:51:31,977 - INFO - EXCLUIR: emp62_H_202502_full_N0_20250222_014732.zip
2025-08-16 14:51:31,983 - INFO - EXCLUIR: emp62_H_202502_full_N0_20250223_014806.zip
2025-08-16 14:51:31,988 - INFO - EXCLUIR: emp62_H_202502_full_N0_20250224_014816.zip
2025-08-16 14:51:31,999 - INFO - EXCLUIR: emp62_H_202502_full_N0_20250225_014653.zip
2025-08-16 14:51:32,009 - INFO - EXCLUIR: emp62_H_202502_full_N0_20250226_014807.zip
2025-08-16 14:51:32,013 - INFO - EXCLUIR: emp62_H_202502_full_N0_20250227_014758.zip
2025-08-16 14:51:32,018 - INFO - EXCLUIR: emp62_H_202502_full_N0_20250228_014953.zip
2025-08-16 14:51:32,023 - INFO - 
--- Grupo: emp62_H_202503 (31 arquivos) ---
2025-08-16 14:51:32,027 - INFO - MANTER: emp62_H_202503_full_N0_20250401_015017.zip
2025-08-16 14:51:32,031 - INFO - EXCLUIR: emp62_H_202503_full_N0_20250302_014554.zip
2025-08-16 14:51:32,036 - INFO - EXCLUIR: emp62_H_202503_full_N0_20250303_014518.zip
2025-08-16 14:51:32,042 - INFO - EXCLUIR: emp62_H_202503_full_N0_20250304_014453.zip
2025-08-16 14:51:32,048 - INFO - EXCLUIR: emp62_H_202503_full_N0_20250305_014559.zip
2025-08-16 14:51:32,052 - INFO - EXCLUIR: emp62_H_202503_full_N0_20250306_014845.zip
2025-08-16 14:51:32,074 - INFO - EXCLUIR: emp62_H_202503_full_N0_20250307_014651.zip
2025-08-16 14:51:32,078 - INFO - EXCLUIR: emp62_H_202503_full_N0_20250308_014543.zip
2025-08-16 14:51:32,084 - INFO - EXCLUIR: emp62_H_202503_full_N0_20250309_014733.zip
2025-08-16 14:51:32,089 - INFO - EXCLUIR: emp62_H_202503_full_N0_20250310_014713.zip
2025-08-16 14:51:32,115 - INFO - EXCLUIR: emp62_H_202503_full_N0_20250311_014617.zip
2025-08-16 14:51:32,119 - INFO - EXCLUIR: emp62_H_202503_full_N0_20250312_014742.zip
2025-08-16 14:51:32,123 - INFO - EXCLUIR: emp62_H_202503_full_N0_20250313_014611.zip
2025-08-16 14:51:32,127 - INFO - EXCLUIR: emp62_H_202503_full_N0_20250314_014640.zip
2025-08-16 14:51:32,133 - INFO - EXCLUIR: emp62_H_202503_full_N0_20250315_014623.zip
2025-08-16 14:51:32,139 - INFO - EXCLUIR: emp62_H_202503_full_N0_20250316_014651.zip
2025-08-16 14:51:32,144 - INFO - EXCLUIR: emp62_H_202503_full_N0_20250317_014748.zip
2025-08-16 14:51:32,149 - INFO - EXCLUIR: emp62_H_202503_full_N0_20250318_014701.zip
2025-08-16 14:51:32,166 - INFO - EXCLUIR: emp62_H_202503_full_N0_20250319_014747.zip
2025-08-16 14:51:32,172 - INFO - EXCLUIR: emp62_H_202503_full_N0_20250320_014750.zip
2025-08-16 14:51:32,177 - INFO - EXCLUIR: emp62_H_202503_full_N0_20250321_014809.zip
2025-08-16 14:51:32,182 - INFO - EXCLUIR: emp62_H_202503_full_N0_20250322_014809.zip
2025-08-16 14:51:32,187 - INFO - EXCLUIR: emp62_H_202503_full_N0_20250323_014650.zip
2025-08-16 14:51:32,191 - INFO - EXCLUIR: emp62_H_202503_full_N0_20250324_014731.zip
2025-08-16 14:51:32,202 - INFO - EXCLUIR: emp62_H_202503_full_N0_20250325_014856.zip
2025-08-16 14:51:32,207 - INFO - EXCLUIR: emp62_H_202503_full_N0_20250326_014834.zip
2025-08-16 14:51:32,217 - INFO - EXCLUIR: emp62_H_202503_full_N0_20250327_015453.zip
2025-08-16 14:51:32,236 - INFO - EXCLUIR: emp62_H_202503_full_N0_20250328_014934.zip
2025-08-16 14:51:32,243 - INFO - EXCLUIR: emp62_H_202503_full_N0_20250329_015217.zip
2025-08-16 14:51:32,250 - INFO - EXCLUIR: emp62_H_202503_full_N0_20250330_015132.zip
2025-08-16 14:51:32,255 - INFO - EXCLUIR: emp62_H_202503_full_N0_20250331_014845.zip
2025-08-16 14:51:32,263 - INFO - 
--- Grupo: emp62_H_202504 (30 arquivos) ---
2025-08-16 14:51:32,268 - INFO - MANTER: emp62_H_202504_full_N0_20250501_020128.zip
2025-08-16 14:51:32,272 - INFO - EXCLUIR: emp62_H_202504_full_N0_20250402_014940.zip
2025-08-16 14:51:32,277 - INFO - EXCLUIR: emp62_H_202504_full_N0_20250403_014629.zip
2025-08-16 14:51:32,281 - INFO - EXCLUIR: emp62_H_202504_full_N0_20250404_014626.zip
2025-08-16 14:51:32,286 - INFO - EXCLUIR: emp62_H_202504_full_N0_20250405_014703.zip
2025-08-16 14:51:32,293 - INFO - EXCLUIR: emp62_H_202504_full_N0_20250406_014748.zip
2025-08-16 14:51:32,298 - INFO - EXCLUIR: emp62_H_202504_full_N0_20250407_014732.zip
2025-08-16 14:51:32,304 - INFO - EXCLUIR: emp62_H_202504_full_N0_20250408_015152.zip
2025-08-16 14:51:32,309 - INFO - EXCLUIR: emp62_H_202504_full_N0_20250409_014915.zip
2025-08-16 14:51:32,320 - INFO - EXCLUIR: emp62_H_202504_full_N0_20250410_014844.zip
2025-08-16 14:51:32,327 - INFO - EXCLUIR: emp62_H_202504_full_N0_20250411_015023.zip
2025-08-16 14:51:32,332 - INFO - EXCLUIR: emp62_H_202504_full_N0_20250412_015210.zip
2025-08-16 14:51:32,336 - INFO - EXCLUIR: emp62_H_202504_full_N0_20250413_014758.zip
2025-08-16 14:51:32,341 - INFO - EXCLUIR: emp62_H_202504_full_N0_20250414_014731.zip
2025-08-16 14:51:32,345 - INFO - EXCLUIR: emp62_H_202504_full_N0_20250415_014907.zip
2025-08-16 14:51:32,358 - INFO - EXCLUIR: emp62_H_202504_full_N0_20250416_015152.zip
2025-08-16 14:51:32,365 - INFO - EXCLUIR: emp62_H_202504_full_N0_20250417_015014.zip
2025-08-16 14:51:32,369 - INFO - EXCLUIR: emp62_H_202504_full_N0_20250418_014958.zip
2025-08-16 14:51:32,374 - INFO - EXCLUIR: emp62_H_202504_full_N0_20250419_015136.zip
2025-08-16 14:51:32,378 - INFO - EXCLUIR: emp62_H_202504_full_N0_20250420_015230.zip
2025-08-16 14:51:32,383 - INFO - EXCLUIR: emp62_H_202504_full_N0_20250421_014919.zip
2025-08-16 14:51:32,390 - INFO - EXCLUIR: emp62_H_202504_full_N0_20250422_014843.zip
2025-08-16 14:51:32,394 - INFO - EXCLUIR: emp62_H_202504_full_N0_20250423_015139.zip
2025-08-16 14:51:32,399 - INFO - EXCLUIR: emp62_H_202504_full_N0_20250424_015203.zip
2025-08-16 14:51:32,408 - INFO - EXCLUIR: emp62_H_202504_full_N0_20250425_014908.zip
2025-08-16 14:51:32,417 - INFO - EXCLUIR: emp62_H_202504_full_N0_20250426_014905.zip
2025-08-16 14:51:32,424 - INFO - EXCLUIR: emp62_H_202504_full_N0_20250427_014845.zip
2025-08-16 14:51:32,429 - INFO - EXCLUIR: emp62_H_202504_full_N0_20250428_014935.zip
2025-08-16 14:51:32,443 - INFO - EXCLUIR: emp62_H_202504_full_N0_20250429_014942.zip
2025-08-16 14:51:32,486 - INFO - EXCLUIR: emp62_H_202504_full_N0_20250430_015156.zip
2025-08-16 14:51:32,493 - INFO - 
--- Grupo: emp62_H_202505 (28 arquivos) ---
2025-08-16 14:51:32,505 - INFO - MANTER: emp62_H_202505_full_N0_20250601_014933.zip
2025-08-16 14:51:32,526 - INFO - EXCLUIR: emp62_H_202505_full_N0_20250502_014917.zip
2025-08-16 14:51:32,552 - INFO - EXCLUIR: emp62_H_202505_full_N0_20250503_015503.zip
2025-08-16 14:51:32,563 - INFO - EXCLUIR: emp62_H_202505_full_N0_20250504_015307.zip
2025-08-16 14:51:32,572 - INFO - EXCLUIR: emp62_H_202505_full_N0_20250505_015814.zip
2025-08-16 14:51:32,590 - INFO - EXCLUIR: emp62_H_202505_full_N0_20250507_015039.zip
2025-08-16 14:51:32,611 - INFO - EXCLUIR: emp62_H_202505_full_N0_20250509_015232.zip
2025-08-16 14:51:32,628 - INFO - EXCLUIR: emp62_H_202505_full_N0_20250510_015534.zip
2025-08-16 14:51:32,635 - INFO - EXCLUIR: emp62_H_202505_full_N0_20250511_015619.zip
2025-08-16 14:51:32,641 - INFO - EXCLUIR: emp62_H_202505_full_N0_20250512_015407.zip
2025-08-16 14:51:32,645 - INFO - EXCLUIR: emp62_H_202505_full_N0_20250513_015625.zip
2025-08-16 14:51:32,650 - INFO - EXCLUIR: emp62_H_202505_full_N0_20250514_015634.zip
2025-08-16 14:51:32,654 - INFO - EXCLUIR: emp62_H_202505_full_N0_20250515_015505.zip
2025-08-16 14:51:32,659 - INFO - EXCLUIR: emp62_H_202505_full_N0_20250516_015407.zip
2025-08-16 14:51:32,665 - INFO - EXCLUIR: emp62_H_202505_full_N0_20250517_015734.zip
2025-08-16 14:51:32,673 - INFO - EXCLUIR: emp62_H_202505_full_N0_20250518_015357.zip
2025-08-16 14:51:32,679 - INFO - EXCLUIR: emp62_H_202505_full_N0_20250519_015605.zip
2025-08-16 14:51:32,684 - INFO - EXCLUIR: emp62_H_202505_full_N0_20250520_015432.zip
2025-08-16 14:51:32,689 - INFO - EXCLUIR: emp62_H_202505_full_N0_20250521_015419.zip
2025-08-16 14:51:32,700 - INFO - EXCLUIR: emp62_H_202505_full_N0_20250522_015709.zip
2025-08-16 14:51:32,708 - INFO - EXCLUIR: emp62_H_202505_full_N0_20250523_015605.zip
2025-08-16 14:51:32,717 - INFO - EXCLUIR: emp62_H_202505_full_N0_20250524_015725.zip
2025-08-16 14:51:32,722 - INFO - EXCLUIR: emp62_H_202505_full_N0_20250525_015434.zip
2025-08-16 14:51:32,732 - INFO - EXCLUIR: emp62_H_202505_full_N0_20250526_015657.zip
2025-08-16 14:51:32,739 - INFO - EXCLUIR: emp62_H_202505_full_N0_20250527_015341.zip
2025-08-16 14:51:32,746 - INFO - EXCLUIR: emp62_H_202505_full_N0_20250528_015434.zip
2025-08-16 14:51:32,752 - INFO - EXCLUIR: emp62_H_202505_full_N0_20250529_015435.zip
2025-08-16 14:51:32,756 - INFO - EXCLUIR: emp62_H_202505_full_N0_20250531_015425.zip
2025-08-16 14:51:32,761 - INFO - 
--- Grupo: emp62_H_202506 (26 arquivos) ---
2025-08-16 14:51:32,765 - INFO - MANTER: emp62_H_202506_full_N0_20250701_015331.zip
2025-08-16 14:51:32,769 - INFO - EXCLUIR: emp62_H_202506_full_N0_20250602_014827.zip
2025-08-16 14:51:32,775 - INFO - EXCLUIR: emp62_H_202506_full_N0_20250603_015053.zip
2025-08-16 14:51:32,779 - INFO - EXCLUIR: emp62_H_202506_full_N0_20250604_015340.zip
2025-08-16 14:51:32,782 - INFO - EXCLUIR: emp62_H_202506_full_N0_20250605_014943.zip
2025-08-16 14:51:32,788 - INFO - EXCLUIR: emp62_H_202506_full_N0_20250606_015055.zip
2025-08-16 14:51:32,792 - INFO - EXCLUIR: emp62_H_202506_full_N0_20250607_015949.zip
2025-08-16 14:51:32,796 - INFO - EXCLUIR: emp62_H_202506_full_N0_20250608_015801.zip
2025-08-16 14:51:32,800 - INFO - EXCLUIR: emp62_H_202506_full_N0_20250609_015943.zip
2025-08-16 14:51:32,804 - INFO - EXCLUIR: emp62_H_202506_full_N0_20250610_020234.zip
2025-08-16 14:51:32,808 - INFO - EXCLUIR: emp62_H_202506_full_N0_20250612_014857.zip
2025-08-16 14:51:32,817 - INFO - EXCLUIR: emp62_H_202506_full_N0_20250613_015406.zip
2025-08-16 14:51:32,824 - INFO - EXCLUIR: emp62_H_202506_full_N0_20250614_015816.zip
2025-08-16 14:51:32,829 - INFO - EXCLUIR: emp62_H_202506_full_N0_20250615_015841.zip
2025-08-16 14:51:32,836 - INFO - EXCLUIR: emp62_H_202506_full_N0_20250617_014918.zip
2025-08-16 14:51:32,840 - INFO - EXCLUIR: emp62_H_202506_full_N0_20250618_014932.zip
2025-08-16 14:51:32,845 - INFO - EXCLUIR: emp62_H_202506_full_N0_20250619_014933.zip
2025-08-16 14:51:32,849 - INFO - EXCLUIR: emp62_H_202506_full_N0_20250620_015201.zip
2025-08-16 14:51:32,853 - INFO - EXCLUIR: emp62_H_202506_full_N0_20250621_015412.zip
2025-08-16 14:51:32,858 - INFO - EXCLUIR: emp62_H_202506_full_N0_20250622_020007.zip
2025-08-16 14:51:32,862 - INFO - EXCLUIR: emp62_H_202506_full_N0_20250624_015059.zip
2025-08-16 14:51:32,867 - INFO - EXCLUIR: emp62_H_202506_full_N0_20250625_015820.zip
2025-08-16 14:51:32,872 - INFO - EXCLUIR: emp62_H_202506_full_N0_20250626_020052.zip
2025-08-16 14:51:32,878 - INFO - EXCLUIR: emp62_H_202506_full_N0_20250628_015227.zip
2025-08-16 14:51:32,883 - INFO - EXCLUIR: emp62_H_202506_full_N0_20250629_015033.zip
2025-08-16 14:51:32,890 - INFO - EXCLUIR: emp62_H_202506_full_N0_20250630_015053.zip
2025-08-16 14:51:32,894 - INFO - 
--- Grupo: emp62_H_202507 (31 arquivos) ---
2025-08-16 14:51:32,898 - INFO - MANTER: emp62_H_202507_full_N0_20250801_015441.zip
2025-08-16 14:51:32,903 - INFO - EXCLUIR: emp62_H_202507_full_N0_20250702_015022.zip
2025-08-16 14:51:32,907 - INFO - EXCLUIR: emp62_H_202507_full_N0_20250703_014831.zip
2025-08-16 14:51:32,915 - INFO - EXCLUIR: emp62_H_202507_full_N0_20250704_014835.zip
2025-08-16 14:51:32,924 - INFO - EXCLUIR: emp62_H_202507_full_N0_20250705_015002.zip
2025-08-16 14:51:32,940 - INFO - EXCLUIR: emp62_H_202507_full_N0_20250706_014942.zip
2025-08-16 14:51:32,945 - INFO - EXCLUIR: emp62_H_202507_full_N0_20250707_014826.zip
2025-08-16 14:51:32,950 - INFO - EXCLUIR: emp62_H_202507_full_N0_20250708_014850.zip
2025-08-16 14:51:32,955 - INFO - EXCLUIR: emp62_H_202507_full_N0_20250709_014930.zip
2025-08-16 14:51:32,959 - INFO - EXCLUIR: emp62_H_202507_full_N0_20250710_015126.zip
2025-08-16 14:51:32,965 - INFO - EXCLUIR: emp62_H_202507_full_N0_20250711_014958.zip
2025-08-16 14:51:32,969 - INFO - EXCLUIR: emp62_H_202507_full_N0_20250712_015047.zip
2025-08-16 14:51:32,974 - INFO - EXCLUIR: emp62_H_202507_full_N0_20250713_015208.zip
2025-08-16 14:51:32,980 - INFO - EXCLUIR: emp62_H_202507_full_N0_20250714_015023.zip
2025-08-16 14:51:32,987 - INFO - EXCLUIR: emp62_H_202507_full_N0_20250715_015046.zip
2025-08-16 14:51:32,991 - INFO - EXCLUIR: emp62_H_202507_full_N0_20250716_015208.zip
2025-08-16 14:51:32,996 - INFO - EXCLUIR: emp62_H_202507_full_N0_20250717_015236.zip
2025-08-16 14:51:33,000 - INFO - EXCLUIR: emp62_H_202507_full_N0_20250718_015157.zip
2025-08-16 14:51:33,005 - INFO - EXCLUIR: emp62_H_202507_full_N0_20250719_015203.zip
2025-08-16 14:51:33,009 - INFO - EXCLUIR: emp62_H_202507_full_N0_20250720_015144.zip
2025-08-16 14:51:33,015 - INFO - EXCLUIR: emp62_H_202507_full_N0_20250721_015242.zip
2025-08-16 14:51:33,020 - INFO - EXCLUIR: emp62_H_202507_full_N0_20250722_015249.zip
2025-08-16 14:51:33,025 - INFO - EXCLUIR: emp62_H_202507_full_N0_20250723_015213.zip
2025-08-16 14:51:33,035 - INFO - EXCLUIR: emp62_H_202507_full_N0_20250724_015901.zip
2025-08-16 14:51:33,039 - INFO - EXCLUIR: emp62_H_202507_full_N0_20250725_015142.zip
2025-08-16 14:51:33,044 - INFO - EXCLUIR: emp62_H_202507_full_N0_20250726_015217.zip
2025-08-16 14:51:33,048 - INFO - EXCLUIR: emp62_H_202507_full_N0_20250727_015307.zip
2025-08-16 14:51:33,052 - INFO - EXCLUIR: emp62_H_202507_full_N0_20250728_015115.zip
2025-08-16 14:51:33,057 - INFO - EXCLUIR: emp62_H_202507_full_N0_20250729_015230.zip
2025-08-16 14:51:33,062 - INFO - EXCLUIR: emp62_H_202507_full_N0_20250730_015444.zip
2025-08-16 14:51:33,072 - INFO - EXCLUIR: emp62_H_202507_full_N0_20250731_015428.zip
2025-08-16 14:51:33,077 - INFO - 
--- Grupo: emp62_H_202508 (15 arquivos) ---
2025-08-16 14:51:33,086 - INFO - MANTER: emp62_H_202508_full_N0_20250816_015126.zip
2025-08-16 14:51:33,093 - INFO - EXCLUIR: emp62_H_202508_full_N0_20250802_014943.zip
2025-08-16 14:51:33,099 - INFO - EXCLUIR: emp62_H_202508_full_N0_20250803_014843.zip
2025-08-16 14:51:33,106 - INFO - EXCLUIR: emp62_H_202508_full_N0_20250804_015029.zip
2025-08-16 14:51:33,113 - INFO - EXCLUIR: emp62_H_202508_full_N0_20250805_015301.zip
2025-08-16 14:51:33,124 - INFO - EXCLUIR: emp62_H_202508_full_N0_20250806_015543.zip
2025-08-16 14:51:33,140 - INFO - EXCLUIR: emp62_H_202508_full_N0_20250807_015702.zip
2025-08-16 14:51:33,148 - INFO - EXCLUIR: emp62_H_202508_full_N0_20250808_015251.zip
2025-08-16 14:51:33,156 - INFO - EXCLUIR: emp62_H_202508_full_N0_20250809_020009.zip
2025-08-16 14:51:33,171 - INFO - EXCLUIR: emp62_H_202508_full_N0_20250810_015551.zip
2025-08-16 14:51:33,176 - INFO - EXCLUIR: emp62_H_202508_full_N0_20250811_015252.zip
2025-08-16 14:51:33,190 - INFO - EXCLUIR: emp62_H_202508_full_N0_20250812_015354.zip
2025-08-16 14:51:33,199 - INFO - EXCLUIR: emp62_H_202508_full_N0_20250813_015351.zip
2025-08-16 14:51:33,208 - INFO - EXCLUIR: emp62_H_202508_full_N0_20250814_015250.zip
2025-08-16 14:51:33,213 - INFO - EXCLUIR: emp62_H_202508_full_N0_20250815_015201.zip
2025-08-16 14:51:33,220 - INFO - 
--- Resumo da Operação ---
2025-08-16 14:51:33,241 - INFO - Total de arquivos a manter: 158
2025-08-16 14:51:33,249 - INFO - Total de arquivos a excluir: 1965
2025-08-16 14:51:33,255 - WARNING - 
Para excluir os arquivos, edite o script e mude a variável DRY_RUN para False.
